Tiempo ,U_YAW,U_PITCH,W_YAW,W_PITCH,YAW,PITCH,,,,,,,,
-0.4,0,0,0,0,0,0,,,,,,,,
-0.38,0,0,0,0,0,0,,,0.02915,,,,,
-0.36,0,0,0,0,0,0,,,,,,,,
-0.34,0,0,0,0,0,0,,Ess_Yaw,Mp,Ts,Ess_Pitch,,Pert,
-0.32,0,0,0,0,0,0,,Gráfico,0.012,4.08,0.007,0.007,,
-0.3,0,0,0,0,0,0,,20,20,20,4,4,20,88
-0.28,0,0,0,0,0,0,,,,,,,,
-0.26,0,0,0,0,0,0,,,,,,,,
-0.24,0,0,0,0,0,0,,,,,,,,
-0.22,0,0,0,0,0,0,,,,,,,,
-0.2,0,0,0,0,0,0,,,,,,,,
-0.18,0,0,0,0,0,0,,,,,,,,
-0.16,0,0,0,0,0,0,,,,,,,,
-0.14,0,0,0,0,0,0,,,,,,,,
-0.12,0,0,0,0,0,0,,,,,,,,
-0.1,0,0,0,0,0,0,,,,,,,,
-0.08,0,0,0,0,0,0,,,,,,,,
-0.06,0,0,0,0,0,0,,,,,,,,
-0.04,0,0,0,0,0,0,,,,,,,,
-0.02,0,0,0,0,0,0,,,,,,,,
0,1.554,22,0,0,0,-0.583,,,,,,,,
0.02,1.551,22,0,0,0,-0.583,,,,,,,,
0.04,3.361,22,0.026,0,0.002,-0.583,,,,,,,,
0.06,6.089,22,0.067,0,0.003,-0.583,,,,,,,,
0.08,7.362,22,0.085,0,0.005,-0.583,,,,,,,,
0.1,7.722,22,0.089,0,0.007,-0.583,,,,,,,,
0.12,7.799,22,0.089,0,0.009,-0.583,,,,,,,,
0.14,9.667,22,0.114,0,0.012,-0.583,,,,,,,,
0.16,10.67,22,0.128,0,0.014,-0.583,,,,,,,,
0.18,9.319,22,0.105,0,0.016,-0.583,,,,,,,,
0.2,8.517,22,0.091,0,0.017,-0.583,,,,,,,,
0.22,8.345,22,0.087,0,0.019,-0.583,,,,,,,,
0.24,6.885,22,0.086,0.106,0.021,-0.576,,,,,,,,
0.26,2.714,22,0.087,0.4,0.023,-0.56,,,,,,,,
0.28,1.137,22,0.087,0.517,0.024,-0.555,,,,,,,,
0.3,2.851,22,0.087,0.406,0.026,-0.548,,,,,,,,
0.32,4.062,22,0.087,0.329,0.028,-0.543,,,,,,,,
0.34,1.936,22,0.061,0.357,0.028,-0.532,,,,,,,,
0.36,-0.416,22,0.047,0.462,0.03,-0.522,,,,,,,,
0.38,-1.06,22,0.043,0.488,0.03,-0.513,,,,,,,,
0.4,-1.349,22,0.043,0.513,0.031,-0.501,,,,,,,,
0.42,-2.637,20.369,0.043,0.602,0.031,-0.487,,,,,,,,
0.44,-3.565,17.578,0.044,0.673,0.033,-0.473,,,,,,,,
0.46,-3.567,17.088,0.044,0.672,0.033,-0.461,,,,,,,,
0.48,-3.332,16.813,0.044,0.661,0.035,-0.447,,,,,,,,
0.5,-0.685,18.553,0.07,0.603,0.037,-0.438,,,,,,,,
0.52,-3.005,14.063,0.058,0.705,0.037,-0.415,,,,,,,,
0.54,-5.27,9.856,0.047,0.821,0.038,-0.403,,,,,,,,
0.56,-4.709,10.836,0.044,0.763,0.038,-0.388,,,,,,,,
0.58,-5.131,8.977,0.043,0.795,0.04,-0.37,,,,,,,,
0.6,-3.698,7.626,0.07,0.82,0.042,-0.354,,,,,,,,
0.62,-4.637,6.326,0.058,0.829,0.042,-0.337,,,,,,,,
0.64,-5.627,4.489,0.047,0.857,0.044,-0.319,,,,,,,,
0.66,-6.102,3.092,0.044,0.87,0.044,-0.302,,,,,,,,
0.68,-5.725,2.999,0.043,0.847,0.045,-0.286,,,,,,,,
0.7,-5.147,3.418,0.043,0.807,0.045,-0.271,,,,,,,,
0.72,-6.984,2.006,0.017,0.814,0.045,-0.253,,,,,,,,
0.74,-6.255,0.957,0.029,0.824,0.047,-0.237,,,,,,,,
0.76,-4.904,1.782,0.04,0.776,0.047,-0.223,,,,,,,,
0.78,-5.991,1.583,0.017,0.748,0.047,-0.208,,,,,,,,
0.8,-4.965,1.182,0.03,0.74,0.049,-0.194,,,,,,,,
0.82,-3.947,1.303,0.04,0.714,0.049,-0.18,,,,,,,,
0.84,-4.86,1.682,0.017,0.674,0.049,-0.168,,,,,,,,
0.86,-5.125,2.257,0.004,0.63,0.049,-0.155,,,,,,,,
0.88,-4.759,3.024,-0.001,0.586,0.049,-0.145,,,,,,,,
0.9,-4.149,3.803,-0.001,0.542,0.049,-0.134,,,,,,,,
0.92,-2.067,3.989,0.026,0.525,0.051,-0.124,,,,,,,,
0.94,-0.711,4.53,0.041,0.495,0.051,-0.115,,,,,,,,
0.96,-3.016,5.804,-0.008,0.429,0.049,-0.108,,,,,,,,
0.98,-4.01,7.006,-0.037,0.371,0.049,-0.101,,,,,,,,
1,-2.139,8.366,-0.019,0.323,0.049,-0.096,,,,,,,,
1.02,-0.607,9.564,-0.005,0.279,0.049,-0.091,,,,,,,,
1.04,0.339,10.78,0,0.236,0.049,-0.087,,,,,,,,
1.06,1.79,13.836,0.001,0.14,0.049,-0.087,,,,,,,,
1.08,2.436,15.084,0,0.094,0.049,-0.084,,,,,,,,
1.1,2.59,15.475,0,0.084,0.049,-0.084,,,,,,,,
1.12,3.356,17.153,0,0.031,0.049,-0.084,,,,,,,,
1.14,3.756,18.035,0,0.005,0.049,-0.084,,,,,,,,
1.16,3.484,17.37,0,0.025,0.049,-0.082,,,,,,,,
1.18,4.068,18.851,0,-0.014,0.049,-0.086,,,,,,,,
1.2,5.197,21.397,0,-0.09,0.049,-0.087,,,,,,,,
1.22,7.551,22,0.026,-0.126,0.051,-0.091,,,,,,,,
1.24,8.997,22,0.041,-0.16,0.051,-0.094,,,,,,,,
1.26,7.377,22,0.018,-0.147,0.051,-0.096,,,,,,,,
1.28,7.743,22,0.03,-0.109,0.052,-0.098,,,,,,,,
1.3,8.515,22,0.04,-0.117,0.052,-0.101,,,,,,,,
1.32,9.4,22,0.044,-0.153,0.054,-0.105,,,,,,,,
1.34,9.724,22,0.044,-0.171,0.054,-0.108,,,,,,,,
1.36,7.712,22,0.018,-0.149,0.054,-0.11,,,,,,,,
1.38,8.028,22,0.03,-0.109,0.056,-0.112,,,,,,,,
1.4,8.054,22,0.04,-0.064,0.056,-0.112,,,,,,,,
1.42,6.35,22,0.017,-0.045,0.056,-0.114,,,,,,,,
1.44,5.439,22,0.004,-0.042,0.056,-0.114,,,,,,,,
1.46,4.821,21.839,-0.001,-0.016,0.056,-0.114,,,,,,,,
1.48,4.631,21.501,-0.001,-0.003,0.056,-0.114,,,,,,,,
1.5,5.016,22,0,-0.026,0.056,-0.115,,,,,,,,
1.52,5.259,22,0,-0.04,0.056,-0.115,,,,,,,,
1.54,2.376,20.217,-0.026,0.035,0.054,-0.112,,,,,,,,
1.56,0.477,17.935,-0.041,0.104,0.054,-0.11,,,,,,,,
1.58,2.335,19.006,-0.018,0.077,0.054,-0.11,,,,,,,,
1.6,2.836,17.955,-0.004,0.106,0.054,-0.105,,,,,,,,
1.62,0.271,15.357,-0.026,0.178,0.052,-0.101,,,,,,,,
1.64,-0.348,15.772,-0.04,0.16,0.052,-0.1,,,,,,,,
1.66,0.991,15.471,-0.018,0.166,0.052,-0.094,,,,,,,,
1.68,1.425,14.408,-0.004,0.199,0.052,-0.091,,,,,,,,
1.7,0.429,15.282,-0.026,0.162,0.051,-0.089,,,,,,,,
1.72,-0.496,14.829,-0.04,0.164,0.051,-0.084,,,,,,,,
1.74,0.463,13.809,-0.018,0.197,0.051,-0.08,,,,,,,,
1.76,1.886,14.962,-0.004,0.162,0.051,-0.079,,,,,,,,
1.78,3.942,14.867,0.027,0.164,0.052,-0.073,,,,,,,,
1.8,5.188,15.65,0.041,0.145,0.052,-0.073,,,,,,,,
1.82,3.869,15.535,0.018,0.133,0.052,-0.068,,,,,,,,
1.84,2.612,14.64,0.004,0.157,0.052,-0.066,,,,,,,,
1.86,2.51,14.812,0,0.144,0.052,-0.063,,,,,,,,
1.88,2.645,15.053,-0.001,0.134,0.052,-0.061,,,,,,,,
1.9,4.936,16.16,0.026,0.104,0.054,-0.059,,,,,,,,
1.92,6.099,16.661,0.041,0.09,0.054,-0.058,,,,,,,,
1.94,4.717,16.536,0.018,0.086,0.054,-0.056,,,,,,,,
1.96,6.016,17.527,0.03,0.06,0.056,-0.056,,,,,,,,
1.98,6.861,17.957,0.04,0.046,0.056,-0.054,,,,,,,,
2,5.454,17.938,0.017,0.043,0.056,-0.054,,,,,,,,
2.02,4.97,18.699,0.004,0.016,0.056,-0.054,,,,,,,,
2.04,4.923,19.137,-0.001,0.003,0.056,-0.054,,,,,,,,
2.06,6.404,18.594,0.026,0.026,0.058,-0.052,,,,,,,,
2.08,7.164,18.306,0.04,0.04,0.058,-0.052,,,,,,,,
2.1,6.065,18.866,0.018,0.018,0.058,-0.052,,,,,,,,
2.12,5.766,20.169,0.004,-0.023,0.058,-0.054,,,,,,,,
2.14,5.771,20.756,0,-0.041,0.058,-0.054,,,,,,,,
2.16,5.834,21.042,-0.001,-0.045,0.058,-0.056,,,,,,,,
2.18,5.877,21.079,0,-0.045,0.058,-0.056,,,,,,,,
2.2,5.908,21.215,0,-0.044,0.058,-0.058,,,,,,,,
2.22,6.704,22,0,-0.096,0.058,-0.061,,,,,,,,
2.24,6.364,22,0,-0.072,0.058,-0.059,,,,,,,,
2.26,5.318,20.055,0,0.001,0.058,-0.059,,,,,,,,
2.28,5.198,19.804,0,0.011,0.058,-0.059,,,,,,,,
2.3,5.295,20.017,0,0.006,0.058,-0.059,,,,,,,,
2.32,5.376,20.196,0,0.002,0.058,-0.059,,,,,,,,
2.34,5.418,20.291,0,0,0.058,-0.059,,,,,,,,
2.36,5.441,20.345,0,0,0.058,-0.059,,,,,,,,
2.38,5.847,21.324,0,-0.027,0.058,-0.061,,,,,,,,
2.4,3.871,20.64,-0.026,-0.014,0.056,-0.059,,,,,,,,
2.42,2.44,19.436,-0.041,0.023,0.056,-0.059,,,,,,,,
2.44,3.648,18.981,-0.018,0.041,0.056,-0.058,,,,,,,,
2.46,4.129,18.062,-0.004,0.071,0.056,-0.056,,,,,,,,
2.48,2.799,18.289,-0.026,0.059,0.054,-0.056,,,,,,,,
2.5,1.691,17.525,-0.04,0.074,0.054,-0.052,,,,,,,,
2.52,2.603,16.49,-0.018,0.111,0.054,-0.051,,,,,,,,
2.54,3.643,16.804,-0.004,0.102,0.054,-0.049,,,,,,,,
2.56,4.08,17.077,0,0.092,0.054,-0.047,,,,,,,,
2.58,4.176,17.134,0.001,0.088,0.054,-0.045,,,,,,,,
2.6,2.36,16.844,-0.026,0.087,0.052,-0.044,,,,,,,,
2.62,1.823,17.588,-0.041,0.061,0.052,-0.044,,,,,,,,
2.64,3.489,18.118,-0.018,0.047,0.052,-0.042,,,,,,,,
2.66,4.088,17.445,-0.004,0.069,0.052,-0.04,,,,,,,,
2.68,4.18,16.961,0,0.083,0.052,-0.038,,,,,,,,
2.7,4.54,17.683,0.001,0.061,0.052,-0.038,,,,,,,,
2.72,4.726,18.032,0,0.047,0.052,-0.037,,,,,,,,
2.74,4.788,18.198,0,0.043,0.052,-0.037,,,,,,,,
2.76,5.188,19.062,0,0.016,0.052,-0.037,,,,,,,,
2.78,5.018,18.59,0,0.029,0.052,-0.035,,,,,,,,
2.8,6.695,18.53,0.026,0.04,0.054,-0.035,,,,,,,,
2.82,7.958,19.37,0.041,0.017,0.054,-0.035,,,,,,,,
2.84,6.719,19.656,0.018,0.004,0.054,-0.035,,,,,,,,
2.86,5.883,19.71,0.004,-0.001,0.054,-0.035,,,,,,,,
2.88,5.235,18.784,0,0.026,0.054,-0.033,,,,,,,,
2.9,5.019,18.359,-0.001,0.04,0.054,-0.033,,,,,,,,
2.92,5.39,19.087,0,0.018,0.054,-0.033,,,,,,,,
2.94,5.631,19.559,0,0.004,0.054,-0.033,,,,,,,,
2.96,6.107,20.662,0,-0.027,0.054,-0.035,,,,,,,,
2.98,6.337,21.148,0,-0.041,0.054,-0.035,,,,,,,,
3,6.022,20.467,0,-0.018,0.054,-0.035,,,,,,,,
3.02,5.831,20.051,0,-0.004,0.054,-0.035,,,,,,,,
3.04,6.172,20.879,0,-0.026,0.054,-0.037,,,,,,,,
3.06,6.78,22,0,-0.066,0.054,-0.038,,,,,,,,
3.08,6.296,21.134,0,-0.032,0.054,-0.037,,,,,,,,
3.1,5.581,19.595,0,0.019,0.054,-0.037,,,,,,,,
3.12,6.047,20.691,0,-0.012,0.054,-0.038,,,,,,,,
3.14,4.595,21.224,-0.026,-0.035,0.052,-0.038,,,,,,,,
3.16,3.435,20.59,-0.041,-0.017,0.052,-0.038,,,,,,,,
3.18,4.718,20.388,-0.018,-0.004,0.052,-0.038,,,,,,,,
3.2,5.198,19.458,-0.004,0.027,0.052,-0.037,,,,,,,,
3.22,4.898,18.132,0,0.068,0.052,-0.035,,,,,,,,
3.24,4.677,17.504,0.001,0.085,0.052,-0.033,,,,,,,,
3.26,4.996,18.24,0,0.063,0.052,-0.033,,,,,,,,
3.28,5.206,18.616,0,0.048,0.052,-0.031,,,,,,,,
3.3,4.898,17.858,0,0.07,0.052,-0.03,,,,,,,,
3.32,4.711,17.346,0,0.083,0.052,-0.028,,,,,,,,
3.34,5.05,18.062,0,0.061,0.052,-0.028,,,,,,,,
3.36,4.878,17.474,0,0.074,0.052,-0.024,,,,,,,,
3.38,2.939,16.957,-0.026,0.084,0.051,-0.024,,,,,,,,
3.4,2.367,17.474,-0.041,0.061,0.051,-0.023,,,,,,,,
3.42,4.039,18.097,-0.018,0.047,0.051,-0.023,,,,,,,,
3.44,5.025,18.245,-0.004,0.043,0.051,-0.021,,,,,,,,
3.46,4.942,17.376,0,0.069,0.051,-0.019,,,,,,,,
3.48,5.152,17.768,0.001,0.057,0.051,-0.019,,,,,,,,
3.5,5.67,18.922,0,0.021,0.051,-0.019,,,,,,,,
3.52,5.541,18.567,0,0.029,0.051,-0.018,,,,,,,,
3.54,5.412,18.286,0,0.039,0.051,-0.018,,,,,,,,
3.56,5.753,19.004,0,0.017,0.051,-0.018,,,,,,,,
3.58,5.966,19.444,0,0.003,0.051,-0.018,,,,,,,,
3.6,5.655,18.658,0,0.026,0.051,-0.016,,,,,,,,
3.62,7.283,18.483,0.026,0.04,0.052,-0.016,,,,,,,,
3.64,8.539,19.3,0.041,0.018,0.052,-0.016,,,,,,,,
3.66,7.303,19.583,0.018,0.004,0.052,-0.016,,,,,,,,
3.68,6.857,20.567,0.004,-0.027,0.052,-0.018,,,,,,,,
3.7,6.803,21.009,0,-0.041,0.052,-0.018,,,,,,,,
3.72,4.653,20.078,-0.027,-0.018,0.051,-0.018,,,,,,,,
3.74,3.573,19.548,-0.041,-0.004,0.051,-0.018,,,,,,,,
3.76,5.775,21.473,-0.018,-0.052,0.051,-0.021,,,,,,,,
3.78,6.731,21.544,-0.004,-0.054,0.051,-0.019,,,,,,,,
3.8,6.18,19.772,0,0.005,0.051,-0.019,,,,,,,,
3.82,6.139,19.628,0.001,0.01,0.051,-0.019,,,,,,,,
3.84,6.207,19.818,0,0.005,0.051,-0.019,,,,,,,,
3.86,6.648,20.89,0,-0.025,0.051,-0.021,,,,,,,,
3.88,6.883,21.393,0,-0.041,0.051,-0.021,,,,,,,,
3.9,6.575,20.721,0,-0.018,0.051,-0.021,,,,,,,,
3.92,5.999,19.368,0,0.022,0.051,-0.019,,,,,,,,
3.94,5.746,18.812,0,0.041,0.051,-0.019,,,,,,,,
3.96,5.698,18.591,0,0.045,0.051,-0.018,,,,,,,,
3.98,3.908,18.389,-0.026,0.045,0.049,-0.018,,,,,,,,
4,3.015,18.216,-0.041,0.044,0.049,-0.016,,,,,,,,
4.02,4.106,17.486,-0.018,0.07,0.049,-0.014,,,,,,,,
4.04,5.215,17.996,-0.004,0.058,0.049,-0.014,,,,,,,,
4.06,5.66,18.258,0,0.047,0.049,-0.012,,,,,,,,
4.08,3.554,17.227,-0.026,0.07,0.047,-0.011,,,,,,,,
4.1,2.422,16.597,-0.04,0.084,0.047,-0.009,,,,,,,,
4.12,4.199,17.477,-0.018,0.061,0.047,-0.009,,,,,,,,
4.14,5.321,17.921,-0.004,0.047,0.047,-0.007,,,,,,,,
4.16,3.87,17.868,-0.026,0.043,0.045,-0.007,,,,,,,,
4.18,2.991,17.676,-0.04,0.043,0.045,-0.005,,,,,,,,
4.2,4.04,16.91,-0.018,0.07,0.045,-0.004,,,,,,,,
4.22,5.124,17.4,-0.004,0.058,0.045,-0.004,,,,,,,,
4.24,4.136,18.349,-0.026,0.021,0.044,-0.004,,,,,,,,
4.26,3.517,18.817,-0.04,0.003,0.044,-0.004,,,,,,,,
4.28,4.249,17.268,-0.018,0.051,0.044,0,,,,,,,,
4.3,5.133,17.43,-0.004,0.054,0.044,-0.002,,,,,,,,
4.32,6.275,19.296,0,-0.005,0.044,-0.002,,,,,,,,
4.34,4.577,19.242,-0.026,-0.01,0.042,-0.002,,,,,,,,
4.36,3.179,18.039,-0.04,0.022,0.042,0,,,,,,,,
4.38,4.372,17.662,-0.018,0.039,0.042,0,,,,,,,,
4.4,5.604,18.443,-0.004,0.018,0.042,0,,,,,,,,
4.42,6.105,18.923,0,0.004,0.042,0,,,,,,,,
4.44,6.595,20.011,0.001,-0.027,0.042,-0.002,,,,,,,,
4.46,6.793,20.474,0,-0.041,0.042,-0.002,,,,,,,,
4.48,5.031,20.467,-0.026,-0.045,0.04,-0.004,,,,,,,,
4.5,4.118,20.364,-0.041,-0.045,0.04,-0.004,,,,,,,,
4.52,5.195,19.707,-0.018,-0.018,0.04,-0.004,,,,,,,,
4.54,6.301,20.31,-0.004,-0.029,0.04,-0.005,,,,,,,,
4.56,6.748,20.676,0,-0.04,0.04,-0.005,,,,,,,,
4.58,6.456,19.99,0.001,-0.017,0.04,-0.005,,,,,,,,
4.6,6.244,19.577,0,-0.004,0.04,-0.005,,,,,,,,
4.62,6.18,19.461,0,0.001,0.04,-0.005,,,,,,,,
4.64,6.185,19.465,0,0.001,0.04,-0.005,,,,,,,,
4.66,6.205,19.493,0,0,0.04,-0.005,,,,,,,,
4.68,6.223,19.515,0,0,0.04,-0.005,,,,,,,,
4.7,6.627,20.465,0,-0.026,0.04,-0.007,,,,,,,,
4.72,6.847,20.921,0,-0.041,0.04,-0.007,,,,,,,,
4.74,6.534,20.235,0,-0.018,0.04,-0.007,,,,,,,,
4.76,5.955,18.875,0,0.022,0.04,-0.005,,,,,,,,
4.78,5.699,18.31,0,0.041,0.04,-0.005,,,,,,,,
4.8,6.035,19.014,0,0.019,0.04,-0.005,,,,,,,,
4.82,5.873,18.547,0,0.031,0.04,-0.004,,,,,,,,
4.84,5.749,18.263,0,0.04,0.04,-0.004,,,,,,,,
4.86,3.896,17.819,-0.026,0.044,0.038,-0.002,,,,,,,,
4.88,2.985,17.707,-0.041,0.044,0.038,-0.002,,,,,,,,
4.9,4.84,18.717,-0.018,0.017,0.038,-0.002,,,,,,,,
4.92,5.588,18.349,-0.004,0.03,0.038,0,,,,,,,,
4.94,5.737,18.073,0,0.04,0.038,0,,,,,,,,
4.96,3.899,17.618,-0.026,0.044,0.037,0.002,,,,,,,,
4.98,2.958,17.498,-0.04,0.044,0.037,0.002,,,,,,,,
5,4.794,18.503,-0.018,0.018,0.037,0.002,,,,,,,,
5.02,5.923,19.067,-0.004,0.003,0.037,0.002,,,,,,,,
5.04,6.276,19.231,0,-0.001,0.037,0.002,,,,,,,,
5.06,6.313,19.245,0.001,-0.001,0.037,0.002,,,,,,,,
5.08,4.476,18.997,-0.026,0,0.035,0.002,,,,,,,,
5.1,3.549,18.886,-0.041,0,0.035,0.002,,,,,,,,
5.12,5.01,19.062,-0.018,0,0.035,0.002,,,,,,,,
5.14,5.935,19.177,-0.004,0,0.035,0.002,,,,,,,,
5.16,4.031,18.048,-0.026,0.026,0.033,0.003,,,,,,,,
5.18,2.942,17.509,-0.04,0.041,0.033,0.003,,,,,,,,
5.2,4.707,18.384,-0.018,0.018,0.033,0.003,,,,,,,,
5.22,5.819,18.936,-0.004,0.004,0.033,0.003,,,,,,,,
5.24,6.172,19.112,0,0,0.033,0.003,,,,,,,,
5.26,6.598,20.066,0.001,-0.027,0.033,0.002,,,,,,,,
5.28,6.781,20.498,0,-0.041,0.033,0.002,,,,,,,,
5.3,4.63,19.557,-0.026,-0.018,0.031,0.002,,,,,,,,
5.32,3.899,19.948,-0.041,-0.03,0.031,0,,,,,,,,
5.34,5.507,20.432,-0.018,-0.04,0.031,0,,,,,,,,
5.36,6.101,19.836,-0.004,-0.017,0.031,0,,,,,,,,
5.38,6.585,20.386,0,-0.03,0.031,-0.002,,,,,,,,
5.4,6.764,20.712,0.001,-0.04,0.031,-0.002,,,,,,,,
5.42,6.416,20.009,0,-0.017,0.031,-0.002,,,,,,,,
5.44,6.21,19.59,0,-0.004,0.031,-0.002,,,,,,,,
5.46,6.155,19.471,0,0.001,0.031,-0.002,,,,,,,,
5.48,6.162,19.472,0,0.001,0.031,-0.002,,,,,,,,
5.5,6.18,19.495,0,0,0.031,-0.002,,,,,,,,
5.52,6.196,19.513,0,0,0.031,-0.002,,,,,,,,
5.54,6.208,19.525,0,0,0.031,-0.002,,,,,,,,
5.56,6.607,20.469,0,-0.026,0.031,-0.004,,,,,,,,
5.58,6.823,20.92,0,-0.041,0.031,-0.004,,,,,,,,
5.6,6.507,20.229,0,-0.018,0.031,-0.004,,,,,,,,
5.62,6.313,19.8,0,-0.004,0.031,-0.004,,,,,,,,
5.64,5.873,18.739,0,0.027,0.031,-0.002,,,,,,,,
5.66,5.673,18.296,0,0.041,0.031,-0.002,,,,,,,,
5.68,6.017,19.02,0,0.018,0.031,-0.002,,,,,,,,
5.7,4.037,18.307,-0.026,0.03,0.03,0,,,,,,,,
5.72,2.602,16.971,-0.041,0.067,0.03,0.002,,,,,,,,
5.74,4.194,17.419,-0.018,0.058,0.03,0.002,,,,,,,,
5.76,5.256,17.726,-0.004,0.048,0.03,0.003,,,,,,,,
5.78,5.608,17.891,0,0.044,0.03,0.003,,,,,,,,
5.8,6.035,18.744,0.001,0.017,0.03,0.003,,,,,,,,
5.82,4.019,18.013,-0.026,0.029,0.028,0.005,,,,,,,,
5.84,2.941,17.58,-0.041,0.04,0.028,0.005,,,,,,,,
5.86,4.727,18.454,-0.018,0.017,0.028,0.005,,,,,,,,
5.88,5.847,18.989,-0.004,0.004,0.028,0.005,,,,,,,,
5.9,6.2,19.155,0,-0.001,0.028,0.005,,,,,,,,
5.92,5.849,18.236,0.001,0.026,0.028,0.007,,,,,,,,
5.94,3.804,17.544,-0.026,0.04,0.026,0.007,,,,,,,,
5.96,2.813,17.195,-0.041,0.044,0.026,0.009,,,,,,,,
5.98,4.27,17.363,-0.018,0.045,0.026,0.009,,,,,,,,
6,5.583,18.31,-0.004,0.018,0.026,0.009,,,,,,,,
6.02,6.087,18.796,0,0.003,0.026,0.009,,,,,,,,
6.04,6.176,18.924,0.001,-0.001,0.026,0.009,,,,,,,,
6.06,6.545,19.859,0,-0.027,0.026,0.007,,,,,,,,
6.08,6.733,20.284,0,-0.041,0.026,0.007,,,,,,,,
6.1,6.405,19.577,0,-0.018,0.026,0.007,,,,,,,,
6.12,6.595,20.071,0,-0.03,0.026,0.005,,,,,,,,
6.14,7.135,21.315,0,-0.067,0.026,0.003,,,,,,,,
6.16,7.019,21.05,0,-0.058,0.026,0.003,,,,,,,,
6.18,6.502,19.928,0,-0.022,0.026,0.003,,,,,,,,
6.2,6.247,19.366,0,-0.003,0.026,0.003,,,,,,,,
6.22,6.576,20.161,0,-0.025,0.026,0.002,,,,,,,,
6.24,6.793,20.612,0,-0.039,0.026,0.002,,,,,,,,
6.26,6.486,19.939,0,-0.018,0.026,0.002,,,,,,,,
6.28,6.295,19.517,0,-0.004,0.026,0.002,,,,,,,,
6.3,4.429,19.153,-0.026,0,0.024,0.002,,,,,,,,
6.32,3.903,19.974,-0.041,-0.026,0.024,0,,,,,,,,
6.34,5.58,20.606,-0.018,-0.04,0.024,0,,,,,,,,
6.36,6.179,20.028,-0.004,-0.018,0.024,0,,,,,,,,
6.38,6.267,19.63,0,-0.004,0.024,0,,,,,,,,
6.4,5.846,18.569,0.001,0.027,0.024,0.002,,,,,,,,
6.42,5.228,17.184,0,0.068,0.024,0.003,,,,,,,,
6.44,5.345,17.46,0,0.059,0.024,0.003,,,,,,,,
6.46,5.884,18.613,0,0.022,0.024,0.003,,,,,,,,
6.48,5.775,18.263,0,0.03,0.024,0.005,,,,,,,,
6.5,3.833,17.736,-0.026,0.039,0.023,0.005,,,,,,,,
6.52,3.25,18.329,-0.041,0.017,0.023,0.005,,,,,,,,
6.54,4.52,17.986,-0.018,0.03,0.023,0.007,,,,,,,,
6.56,5.294,17.778,-0.004,0.04,0.023,0.007,,,,,,,,
6.58,5.529,17.588,0,0.044,0.023,0.009,,,,,,,,
6.6,5.551,17.576,0.001,0.044,0.023,0.009,,,,,,,,
6.62,5.917,18.403,0,0.018,0.023,0.009,,,,,,,,
6.64,6.116,18.85,0,0.003,0.023,0.009,,,,,,,,
6.66,6.175,18.973,0,-0.001,0.023,0.009,,,,,,,,
6.68,6.183,18.976,0,-0.001,0.023,0.009,,,,,,,,
6.7,4.371,18.724,-0.026,0,0.021,0.009,,,,,,,,
6.72,3.457,18.608,-0.041,0,0.021,0.009,,,,,,,,
6.74,4.532,17.843,-0.018,0.026,0.021,0.01,,,,,,,,
6.76,5.247,17.509,-0.004,0.041,0.021,0.01,,,,,,,,
6.78,5.865,18.243,0,0.018,0.021,0.01,,,,,,,,
6.8,6.487,19.62,0.001,-0.022,0.021,0.009,,,,,,,,
6.82,6.735,20.195,0,-0.041,0.021,0.009,,,,,,,,
6.84,6.402,19.504,0,-0.019,0.021,0.009,,,,,,,,
6.86,6.58,19.984,0,-0.031,0.021,0.007,,,,,,,,
6.88,6.725,20.282,0,-0.04,0.021,0.007,,,,,,,,
6.9,6.787,20.504,0,-0.044,0.021,0.005,,,,,,,,
6.92,6.802,20.521,0,-0.044,0.021,0.005,,,,,,,,
6.94,6.811,20.63,0,-0.044,0.021,0.003,,,,,,,,
6.96,6.815,20.628,0,-0.044,0.021,0.003,,,,,,,,
6.98,6.438,19.808,0,-0.017,0.021,0.003,,,,,,,,
7,6.24,19.37,0,-0.003,0.021,0.003,,,,,,,,
7.02,6.191,19.253,0,0.001,0.021,0.003,,,,,,,,
7.04,6.198,19.256,0,0.001,0.021,0.003,,,,,,,,
7.06,6.213,19.276,0,0,0.021,0.003,,,,,,,,
7.08,6.224,19.288,0,0,0.021,0.003,,,,,,,,
7.1,6.233,19.294,0,0,0.021,0.003,,,,,,,,
7.12,6.24,19.298,0,0,0.021,0.003,,,,,,,,
7.14,6.635,20.236,0,-0.026,0.021,0.002,,,,,,,,
7.16,6.848,20.682,0,-0.041,0.021,0.002,,,,,,,,
7.18,4.715,19.749,-0.026,-0.018,0.019,0.002,,,,,,,,
7.2,3.212,18.271,-0.041,0.022,0.019,0.003,,,,,,,,
7.22,4.405,17.867,-0.018,0.041,0.019,0.003,,,,,,,,
7.24,5.26,17.733,-0.004,0.045,0.019,0.005,,,,,,,,
7.26,5.556,17.781,0,0.045,0.019,0.005,,,,,,,,
7.28,5.592,17.698,0.001,0.044,0.019,0.007,,,,,,,,
7.3,5.575,17.708,0,0.044,0.019,0.007,,,,,,,,
7.32,5.948,18.531,0,0.017,0.019,0.007,,,,,,,,
7.34,5.767,18.038,0,0.029,0.019,0.009,,,,,,,,
7.36,3.81,17.48,-0.026,0.04,0.017,0.009,,,,,,,,
7.38,3.227,18.075,-0.041,0.017,0.017,0.009,,,,,,,,
7.4,4.886,18.669,-0.018,0.004,0.017,0.009,,,,,,,,
7.42,5.866,18.904,-0.004,-0.001,0.017,0.009,,,,,,,,
7.44,5.772,18.011,0,0.026,0.017,0.01,,,,,,,,
7.46,5.587,17.557,0.001,0.04,0.017,0.01,,,,,,,,
7.48,5.888,18.244,0,0.018,0.017,0.01,,,,,,,,
7.5,6.079,18.679,0,0.004,0.017,0.01,,,,,,,,
7.52,5.756,17.879,0,0.026,0.017,0.012,,,,,,,,
7.54,3.747,17.209,-0.026,0.04,0.016,0.012,,,,,,,,
7.56,3.157,17.786,-0.041,0.018,0.016,0.012,,,,,,,,
7.58,4.819,18.386,-0.018,0.004,0.016,0.012,,,,,,,,
7.6,6.189,19.559,-0.004,-0.027,0.016,0.01,,,,,,,,
7.62,6.689,20.042,0,-0.041,0.016,0.01,,,,,,,,
7.64,6.771,20.263,0.001,-0.045,0.016,0.009,,,,,,,,
7.66,7.132,21.186,0,-0.071,0.016,0.007,,,,,,,,
7.68,6.933,20.786,0,-0.058,0.016,0.007,,,,,,,,
7.7,6.395,19.634,0,-0.021,0.016,0.007,,,,,,,,
7.72,6.138,19.071,0,-0.003,0.016,0.007,,,,,,,,
7.74,6.467,19.868,0,-0.025,0.016,0.005,,,,,,,,
7.76,6.682,20.317,0,-0.039,0.016,0.005,,,,,,,,
7.78,6.371,19.641,0,-0.018,0.016,0.005,,,,,,,,
7.8,6.177,19.213,0,-0.004,0.016,0.005,,,,,,,,
7.82,6.12,19.081,0,0,0.016,0.005,,,,,,,,
7.84,6.121,19.072,0,0.001,0.016,0.005,,,,,,,,
7.86,6.133,19.086,0,0,0.016,0.005,,,,,,,,
7.88,4.329,18.86,-0.026,0,0.014,0.005,,,,,,,,
7.9,3.418,18.756,-0.041,0,0.014,0.005,,,,,,,,
7.92,4.879,18.928,-0.018,0,0.014,0.005,,,,,,,,
7.94,6.185,19.97,-0.004,-0.026,0.014,0.003,,,,,,,,
7.96,6.679,20.446,0,-0.041,0.014,0.003,,,,,,,,
7.98,6.379,19.75,0.001,-0.018,0.014,0.003,,,,,,,,
8,6.15,19.308,0,-0.004,0.014,0.003,,,,,,,,
8.02,4.26,18.934,-0.026,0,0.012,0.003,,,,,,,,
8.04,2.948,17.882,-0.041,0.027,0.012,0.005,,,,,,,,
8.06,3.821,16.692,-0.018,0.067,0.012,0.007,,,,,,,,
8.08,4.864,17.067,-0.004,0.059,0.012,0.007,,,,,,,,
8.1,5.686,18.243,0,0.022,0.012,0.007,,,,,,,,
8.12,4.168,18.585,-0.026,0.003,0.01,0.007,,,,,,,,
8.14,3.295,18.62,-0.04,-0.001,0.01,0.007,,,,,,,,
8.16,4.346,17.85,-0.018,0.025,0.01,0.009,,,,,,,,
8.18,5.041,17.49,-0.004,0.04,0.01,0.009,,,,,,,,
8.2,3.836,17.974,-0.026,0.018,0.009,0.009,,,,,,,,
8.22,3.149,18.303,-0.04,0.004,0.009,0.009,,,,,,,,
8.24,4.642,18.605,-0.018,0,0.009,0.009,,,,,,,,
8.26,5.546,18.719,-0.004,-0.001,0.009,0.009,,,,,,,,
8.28,5.82,18.735,0,0,0.009,0.009,,,,,,,,
8.3,4.028,18.49,-0.026,0,0.007,0.009,,,,,,,,
8.32,2.696,17.439,-0.04,0.026,0.007,0.01,,,,,,,,
8.34,3.93,17.162,-0.018,0.041,0.007,0.01,,,,,,,,
8.36,5.167,17.966,-0.004,0.018,0.007,0.01,,,,,,,,
8.38,5.658,18.435,0,0.004,0.007,0.01,,,,,,,,
8.4,4.709,20.202,-0.026,-0.053,0.005,0.007,,,,,,,,
8.42,3.795,20.049,-0.04,-0.056,0.005,0.009,,,,,,,,
8.44,4.755,19.291,-0.018,-0.022,0.005,0.007,,,,,,,,
8.46,5.783,19.648,-0.004,-0.03,0.005,0.007,,,,,,,,
8.48,5.818,19.142,0,-0.013,0.005,0.007,,,,,,,,
8.5,5.69,18.818,0.001,-0.003,0.005,0.007,,,,,,,,
8.52,6.006,19.648,0,-0.026,0.005,0.005,,,,,,,,
8.54,6.192,20.08,0,-0.04,0.005,0.005,,,,,,,,
8.56,5.866,19.387,0,-0.018,0.005,0.005,,,,,,,,
8.58,6.053,19.887,0,-0.03,0.005,0.003,,,,,,,,
8.6,6.199,20.193,0,-0.04,0.005,0.003,,,,,,,,
8.62,5.869,19.482,0,-0.017,0.005,0.003,,,,,,,,
8.64,5.672,19.055,0,-0.004,0.005,0.003,,,,,,,,
8.66,5.614,18.927,0,0.001,0.005,0.003,,,,,,,,
8.68,5.613,18.918,0,0.001,0.005,0.003,,,,,,,,
8.7,5.621,18.932,0,0,0.005,0.003,,,,,,,,
8.72,5.627,18.94,0,0,0.005,0.003,,,,,,,,
8.74,5.63,18.942,0,0,0.005,0.003,,,,,,,,
8.76,5.632,18.942,0,0,0.005,0.003,,,,,,,,
8.78,5.634,18.941,0,0,0.005,0.003,,,,,,,,
8.8,6.023,19.875,0,-0.026,0.005,0.002,,,,,,,,
8.82,4.418,20.08,-0.026,-0.041,0.003,0.002,,,,,,,,
8.84,3.175,19.271,-0.041,-0.018,0.003,0.002,,,,,,,,
8.86,4.427,19.002,-0.018,-0.004,0.003,0.002,,,,,,,,
8.88,5.278,18.973,-0.004,0,0.003,0.002,,,,,,,,
8.9,5.558,18.996,0,0.001,0.003,0.002,,,,,,,,
8.92,5.2,18.078,0.001,0.027,0.003,0.003,,,,,,,,
8.94,4.97,17.641,0,0.041,0.003,0.003,,,,,,,,
8.96,5.281,18.341,0,0.018,0.003,0.003,,,,,,,,
8.98,4.707,16.912,0,0.057,0.003,0.007,,,,,,,,
9,4.747,17.096,0,0.054,0.003,0.005,,,,,,,,
9.02,5.613,18.948,0,-0.005,0.003,0.005,,,,,,,,
9.04,5.692,19.111,0,-0.011,0.003,0.005,,,,,,,,
9.06,5.611,18.934,0,-0.005,0.003,0.005,,,,,,,,
9.08,5.557,18.813,0,-0.001,0.003,0.005,,,,,,,,
9.1,5.541,18.773,0,0,0.003,0.005,,,,,,,,
9.12,5.54,18.767,0,0,0.003,0.005,,,,,,,,
9.14,3.73,18.532,-0.026,0,0.002,0.005,,,,,,,,
9.16,2.815,18.425,-0.041,0,0.002,0.005,,,,,,,,
9.18,4.271,18.594,-0.018,0,0.002,0.005,,,,,,,,
9.2,5.186,18.699,-0.004,0,0.002,0.005,,,,,,,,
9.22,5.47,18.73,0,0,0.002,0.005,,,,,,,,
9.24,5.492,18.73,0.001,0,0.002,0.005,,,,,,,,
9.26,5.077,17.79,0,0.026,0.002,0.007,,,,,,,,
9.28,4.853,17.343,0,0.041,0.002,0.007,,,,,,,,
9.3,5.174,18.04,0,0.018,0.002,0.007,,,,,,,,
9.32,5.767,19.41,0,-0.022,0.002,0.005,,,,,,,,
9.34,6.038,19.986,0,-0.041,0.002,0.005,,,,,,,,
9.36,5.717,19.294,0,-0.019,0.002,0.005,,,,,,,,
9.38,6.282,20.706,0,-0.057,0.002,0.002,,,,,,,,
9.4,6.239,20.509,0,-0.054,0.002,0.003,,,,,,,,
9.42,5.373,18.651,0,0.005,0.002,0.003,,,,,,,,
9.44,5.297,18.484,0,0.011,0.002,0.003,,,,,,,,
9.46,5.767,19.593,0,-0.021,0.002,0.002,,,,,,,,
9.48,6.029,20.152,0,-0.039,0.002,0.002,,,,,,,,
9.5,5.721,19.489,0,-0.018,0.002,0.002,,,,,,,,
9.52,5.518,19.053,0,-0.004,0.002,0.002,,,,,,,,
9.54,5.453,18.912,0,0,0.002,0.002,,,,,,,,
9.56,5.448,18.899,0,0.001,0.002,0.002,,,,,,,,
9.58,5.454,18.911,0,0,0.002,0.002,,,,,,,,
9.6,5.459,18.92,0,0,0.002,0.002,,,,,,,,
9.62,5.461,18.922,0,0,0.002,0.002,,,,,,,,
9.64,3.649,18.685,-0.026,0,0,0.002,,,,,,,,
9.66,2.731,18.576,-0.041,0,0,0.002,,,,,,,,
9.68,4.187,18.746,-0.018,0,0,0.002,,,,,,,,
9.7,5.488,19.787,-0.004,-0.026,0,0,,,,,,,,
9.72,5.978,20.262,0,-0.041,0,0,,,,,,,,
9.74,5.673,19.563,0.001,-0.018,0,0,,,,,,,,
9.76,5.439,19.12,0,-0.004,0,0,,,,,,,,
9.78,4.581,17.113,0,0.053,0,0.003,,,,,,,,
9.8,4.546,17.151,0,0.056,0,0.002,,,,,,,,
9.82,5.412,19.007,0,-0.004,0,0.002,,,,,,,,
9.84,3.687,18.957,-0.026,-0.01,-0.002,0.002,,,,,,,,
9.86,2.306,17.75,-0.041,0.022,-0.002,0.003,,,,,,,,
9.88,3.501,17.362,-0.018,0.039,-0.002,0.003,,,,,,,,
9.9,4.723,18.129,-0.004,0.018,-0.002,0.003,,,,,,,,
9.92,5.209,18.596,0,0.004,-0.002,0.003,,,,,,,,
9.94,5.296,18.736,0.001,0,-0.002,0.003,,,,,,,,
9.96,5.273,18.743,0,-0.001,-0.002,0.003,,,,,,,,
9.98,5.247,18.726,0,0,-0.002,0.003,,,,,,,,
10,5.237,18.714,0,0,-0.002,0.003,,,,,,,,
10.02,5.234,18.708,0,0,-0.002,0.003,,,,,,,,
10.04,5.234,18.706,0,0,-0.002,0.003,,,,,,,,
10.06,5.234,18.704,0,0,-0.002,0.003,,,,,,,,
10.08,5.234,18.702,0,0,-0.002,0.003,,,,,,,,
10.1,4.845,17.765,0,0.026,-0.002,0.005,,,,,,,,
10.12,4.639,17.32,0,0.041,-0.002,0.005,,,,,,,,
10.14,4.965,18.018,0,0.018,-0.002,0.005,,,,,,,,
10.16,5.17,18.455,0,0.004,-0.002,0.005,,,,,,,,
10.18,5.621,19.522,0,-0.027,-0.002,0.003,,,,,,,,
10.2,5.831,19.972,0,-0.041,-0.002,0.003,,,,,,,,
10.22,5.497,19.255,0,-0.018,-0.002,0.003,,,,,,,,
10.24,5.287,18.804,0,-0.004,-0.002,0.003,,,,,,,,
10.26,5.609,19.596,0,-0.026,-0.002,0.002,,,,,,,,
10.28,5.809,20.026,0,-0.04,-0.002,0.002,,,,,,,,
10.3,5.488,19.337,0,-0.018,-0.002,0.002,,,,,,,,
10.32,5.674,19.839,0,-0.03,-0.002,0,,,,,,,,
10.34,5.817,20.147,0,-0.04,-0.002,0,,,,,,,,
10.36,5.485,19.435,0,-0.017,-0.002,0,,,,,,,,
10.38,5.286,19.008,0,-0.004,-0.002,0,,,,,,,,
10.4,5.225,18.88,0,0.001,-0.002,0,,,,,,,,
10.42,5.221,18.872,0,0.001,-0.002,0,,,,,,,,
10.44,5.227,18.885,0,0,-0.002,0,,,,,,,,
10.46,5.231,18.894,0,0,-0.002,0,,,,,,,,
10.48,5.231,18.896,0,0,-0.002,0,,,,,,,,
10.5,5.231,18.896,0,0,-0.002,0,,,,,,,,
10.52,5.23,18.895,0,0,-0.002,0,,,,,,,,
10.54,5.229,18.894,0,0,-0.002,0,,,,,,,,
10.56,3.415,18.657,-0.026,0,-0.003,0,,,,,,,,
10.58,2.497,18.549,-0.041,0,-0.003,0,,,,,,,,
10.6,4.339,19.653,-0.018,-0.026,-0.003,-0.002,,,,,,,,
10.62,5.458,20.202,-0.004,-0.041,-0.003,-0.002,,,,,,,,
10.64,5.413,19.534,0,-0.018,-0.003,-0.002,,,,,,,,
10.66,5.228,19.097,0.001,-0.004,-0.003,-0.002,,,,,,,,
10.68,4.747,18.023,0,0.027,-0.003,0,,,,,,,,
10.7,4.517,17.567,0,0.041,-0.003,0,,,,,,,,
10.72,4.843,18.281,0,0.018,-0.003,0,,,,,,,,
10.74,5.05,18.729,0,0.004,-0.003,0,,,,,,,,
10.76,5.115,18.867,0,0,-0.003,0,,,,,,,,
10.78,5.119,18.877,0,-0.001,-0.003,0,,,,,,,,
10.8,5.111,18.862,0,0,-0.003,0,,,,,,,,
10.82,5.106,18.852,0,0,-0.003,0,,,,,,,,
10.84,4.716,17.914,0,0.026,-0.003,0.002,,,,,,,,
10.86,4.508,17.471,0,0.041,-0.003,0.002,,,,,,,,
10.88,4.447,17.236,0,0.044,-0.003,0.003,,,,,,,,
10.9,4.445,17.231,0,0.045,-0.003,0.003,,,,,,,,
10.92,4.834,18.066,0,0.018,-0.003,0.003,,,,,,,,
10.94,5.043,18.514,0,0.003,-0.003,0.003,,,,,,,,
10.96,5.099,18.634,0,-0.001,-0.003,0.003,,,,,,,,
10.98,5.099,18.633,0,-0.001,-0.003,0.003,,,,,,,,
11,5.09,18.613,0,0,-0.003,0.003,,,,,,,,
11.02,5.859,20.47,0,-0.053,-0.003,0,,,,,,,,
11.04,5.881,20.415,0,-0.055,-0.003,0.002,,,,,,,,
11.06,5.02,18.57,0,0.004,-0.003,0.002,,,,,,,,
11.08,5.323,19.323,0,-0.016,-0.003,0,,,,,,,,
11.1,5.606,19.931,0,-0.036,-0.003,0,,,,,,,,
11.12,5.332,19.345,0,-0.017,-0.003,0,,,,,,,,
11.14,5.143,18.942,0,-0.004,-0.003,0,,,,,,,,
11.16,5.468,19.743,0,-0.026,-0.003,-0.002,,,,,,,,
11.18,5.666,20.171,0,-0.04,-0.003,-0.002,,,,,,,,
11.2,5.343,19.482,0,-0.018,-0.003,-0.002,,,,,,,,
11.22,5.141,19.05,0,-0.004,-0.003,-0.002,,,,,,,,
11.24,5.077,18.916,0,0,-0.003,-0.002,,,,,,,,
11.26,5.071,18.906,0,0.001,-0.003,-0.002,,,,,,,,
11.28,5.076,18.92,0,0,-0.003,-0.002,,,,,,,,
11.3,5.079,18.928,0,0,-0.003,-0.002,,,,,,,,
11.32,5.079,18.931,0,0,-0.003,-0.002,,,,,,,,
11.34,3.265,18.695,-0.026,0,-0.005,-0.002,,,,,,,,
11.36,2.346,18.586,-0.041,0,-0.005,-0.002,,,,,,,,
11.38,3.799,18.757,-0.018,0,-0.005,-0.002,,,,,,,,
11.4,5.099,19.798,-0.004,-0.026,-0.005,-0.004,,,,,,,,
11.42,5.586,20.273,0,-0.041,-0.005,-0.004,,,,,,,,
11.44,5.28,19.575,0.001,-0.018,-0.005,-0.004,,,,,,,,
11.46,5.044,19.133,0,-0.004,-0.005,-0.004,,,,,,,,
11.48,4.96,18.994,0,0,-0.005,-0.004,,,,,,,,
11.5,4.947,18.984,0,0.001,-0.005,-0.004,,,,,,,,
11.52,4.951,18.998,0,0,-0.005,-0.004,,,,,,,,
11.54,4.566,18.073,0,0.026,-0.005,-0.002,,,,,,,,
11.56,4.36,17.634,0,0.041,-0.005,-0.002,,,,,,,,
11.58,4.686,18.335,0,0.018,-0.005,-0.002,,,,,,,,
11.6,4.889,18.774,0,0.004,-0.005,-0.002,,,,,,,,
11.62,6.764,19.147,0.026,0,-0.003,-0.002,,,,,,,,
11.64,7.297,18.331,0.041,0.026,-0.003,0,,,,,,,,
11.66,5.628,17.704,0.018,0.04,-0.003,0,,,,,,,,
11.68,5.035,18.288,0.004,0.018,-0.003,0,,,,,,,,
11.7,4.955,18.691,0,0.004,-0.003,0,,,,,,,,
11.72,4.995,18.824,-0.001,0,-0.003,0,,,,,,,,
11.74,3.214,18.6,-0.027,-0.001,-0.005,0,,,,,,,,
11.76,1.92,17.546,-0.041,0.026,-0.005,0.002,,,,,,,,
11.78,3.17,17.264,-0.018,0.041,-0.005,0.002,,,,,,,,
11.8,4.408,18.067,-0.004,0.018,-0.005,0.002,,,,,,,,
11.82,4.894,18.538,0,0.004,-0.005,0.002,,,,,,,,
11.84,4.977,18.675,0.001,0,-0.005,0.002,,,,,,,,
11.86,4.952,18.68,0,-0.001,-0.005,0.002,,,,,,,,
11.88,5.313,19.596,0,-0.027,-0.005,0,,,,,,,,
11.9,5.507,20.027,0,-0.041,-0.005,0,,,,,,,,
11.92,5.564,20.256,0,-0.044,-0.005,-0.002,,,,,,,,
11.94,5.563,20.257,0,-0.044,-0.005,-0.002,,,,,,,,
11.96,6.984,19.656,0.026,-0.018,-0.003,-0.002,,,,,,,,
11.98,7.69,19.313,0.041,-0.003,-0.003,-0.002,,,,,,,,
12,6.176,19.02,0.018,0.001,-0.003,-0.002,,,,,,,,
12.02,5.26,18.911,0.004,0.001,-0.003,-0.002,,,,,,,,
12.04,5.371,19.829,0,-0.026,-0.003,-0.004,,,,,,,,
12.06,5.558,20.278,-0.001,-0.041,-0.003,-0.004,,,,,,,,
12.08,5.26,19.584,0,-0.018,-0.003,-0.004,,,,,,,,
12.1,5.46,20.082,0,-0.03,-0.003,-0.005,,,,,,,,
12.12,5.606,20.389,0,-0.04,-0.003,-0.005,,,,,,,,
12.14,5.274,19.679,0,-0.017,-0.003,-0.005,,,,,,,,
12.16,5.073,19.255,0,-0.004,-0.003,-0.005,,,,,,,,
12.18,5.012,19.129,0,0.001,-0.003,-0.005,,,,,,,,
12.2,2.806,17.953,-0.026,0.027,-0.005,-0.004,,,,,,,,
12.22,1.688,17.418,-0.041,0.041,-0.005,-0.004,,,,,,,,
12.24,3.473,18.299,-0.018,0.018,-0.005,-0.004,,,,,,,,
12.26,4.203,17.915,-0.004,0.03,-0.005,-0.002,,,,,,,,
12.28,4.343,17.643,0,0.04,-0.005,-0.002,,,,,,,,
12.3,4.307,17.422,0.001,0.044,-0.005,0,,,,,,,,
12.32,4.269,17.402,0,0.044,-0.005,0,,,,,,,,
12.34,4.635,18.227,0,0.018,-0.005,0,,,,,,,,
12.36,4.449,17.739,0,0.03,-0.005,0.002,,,,,,,,
12.38,4.298,17.417,0,0.04,-0.005,0.002,,,,,,,,
12.4,4.624,18.118,0,0.017,-0.005,0.002,,,,,,,,
12.42,4.82,18.539,0,0.004,-0.005,0.002,,,,,,,,
12.44,4.103,16.796,0,0.052,-0.005,0.005,,,,,,,,
12.46,3.693,15.916,0,0.08,-0.005,0.005,,,,,,,,
12.48,4.338,17.3,0,0.036,-0.005,0.005,,,,,,,,
12.5,4.743,18.167,0,0.008,-0.005,0.005,,,,,,,,
12.52,4.867,18.433,0,-0.001,-0.005,0.005,,,,,,,,
12.54,4.875,18.45,0,-0.002,-0.005,0.005,,,,,,,,
12.56,4.861,18.419,0,-0.001,-0.005,0.005,,,,,,,,
12.58,5.238,19.331,0,-0.027,-0.005,0.003,,,,,,,,
12.6,5.44,19.764,0,-0.041,-0.005,0.003,,,,,,,,
12.62,5.111,19.059,0,-0.018,-0.005,0.003,,,,,,,,
12.64,7.105,19.787,0.026,-0.03,-0.003,0.002,,,,,,,,
12.66,8.55,21.133,0.041,-0.067,-0.003,0,,,,,,,,
12.68,7.356,21.625,0.018,-0.084,-0.003,-0.002,,,,,,,,
12.7,6.121,20.833,0.004,-0.062,-0.003,-0.002,,,,,,,,
12.72,5.244,19.531,0,-0.021,-0.003,-0.002,,,,,,,,
12.74,5.336,19.878,-0.001,-0.029,-0.003,-0.004,,,,,,,,
12.76,5.508,20.191,0,-0.039,-0.003,-0.004,,,,,,,,
12.78,5.204,19.506,0,-0.017,-0.003,-0.004,,,,,,,,
12.8,5.015,19.093,0,-0.003,-0.003,-0.004,,,,,,,,
12.82,3.143,18.732,-0.026,0.001,-0.005,-0.004,,,,,,,,
12.84,2.22,18.617,-0.041,0.001,-0.005,-0.004,,,,,,,,
12.86,3.68,18.802,-0.018,0,-0.005,-0.004,,,,,,,,
12.88,4.983,19.853,-0.004,-0.026,-0.005,-0.005,,,,,,,,
12.9,5.472,20.332,0,-0.041,-0.005,-0.005,,,,,,,,
12.92,5.165,19.635,0.001,-0.018,-0.005,-0.005,,,,,,,,
12.94,4.542,18.259,0,0.022,-0.005,-0.004,,,,,,,,
12.96,2.438,17.442,-0.026,0.041,-0.007,-0.004,,,,,,,,
12.98,1.447,17.09,-0.041,0.045,-0.007,-0.002,,,,,,,,
13,2.905,17.272,-0.018,0.045,-0.007,-0.002,,,,,,,,
13.02,4.212,18.225,-0.004,0.018,-0.007,-0.002,,,,,,,,
13.04,4.317,17.777,0,0.029,-0.007,0,,,,,,,,
13.06,3.801,16.525,0.001,0.066,-0.007,0.002,,,,,,,,
13.08,3.891,16.779,0,0.058,-0.007,0.002,,,,,,,,
13.1,4.395,17.898,0,0.022,-0.007,0.002,,,,,,,,
13.12,4.263,17.528,0,0.03,-0.007,0.003,,,,,,,,
13.14,5.935,17.464,0.026,0.039,-0.005,0.003,,,,,,,,
13.16,7.176,18.266,0.041,0.017,-0.005,0.003,,,,,,,,
13.18,5.914,18.51,0.018,0.003,-0.005,0.003,,,,,,,,
13.2,5.057,18.524,0.004,-0.001,-0.005,0.003,,,,,,,,
13.22,4.775,18.495,0,-0.001,-0.005,0.003,,,,,,,,
13.24,4.745,18.475,-0.001,0,-0.005,0.003,,,,,,,,
13.26,4.767,18.467,0,0,-0.005,0.003,,,,,,,,
13.28,4.395,17.529,0,0.026,-0.005,0.005,,,,,,,,
13.3,4.193,17.084,0,0.041,-0.005,0.005,,,,,,,,
13.32,4.519,17.781,0,0.018,-0.005,0.005,,,,,,,,
13.34,5.11,19.151,0,-0.022,-0.005,0.003,,,,,,,,
13.36,5.765,20.66,0,-0.067,-0.005,0.002,,,,,,,,
13.38,5.647,20.409,0,-0.059,-0.005,0.002,,,,,,,,
13.4,5.106,19.252,0,-0.022,-0.005,0.002,,,,,,,,
13.42,4.832,18.664,0,-0.004,-0.005,0.002,,,,,,,,
13.44,5.147,19.446,0,-0.025,-0.005,0,,,,,,,,
13.46,5.741,20.824,0,-0.066,-0.005,-0.002,,,,,,,,
13.48,5.629,20.587,0,-0.058,-0.005,-0.002,,,,,,,,
13.5,5.1,19.458,0,-0.022,-0.005,-0.002,,,,,,,,
13.52,5.218,19.818,0,-0.03,-0.005,-0.004,,,,,,,,
13.54,5.354,20.113,0,-0.039,-0.005,-0.004,,,,,,,,
13.56,5.027,19.416,0,-0.017,-0.005,-0.004,,,,,,,,
13.58,4.83,18.999,0,-0.003,-0.005,-0.004,,,,,,,,
13.6,2.957,18.638,-0.026,0.001,-0.007,-0.004,,,,,,,,
13.62,2.034,18.523,-0.041,0.001,-0.007,-0.004,,,,,,,,
13.64,3.493,18.707,-0.018,0,-0.007,-0.004,,,,,,,,
13.66,4.409,18.823,-0.004,0,-0.007,-0.004,,,,,,,,
13.68,5.078,19.793,0,-0.026,-0.007,-0.005,,,,,,,,
13.7,5.304,20.239,0.001,-0.041,-0.007,-0.005,,,,,,,,
13.72,4.946,19.535,0,-0.018,-0.007,-0.005,,,,,,,,
13.74,4.332,18.16,0,0.022,-0.007,-0.004,,,,,,,,
13.76,4.054,17.581,0,0.041,-0.007,-0.004,,,,,,,,
13.78,6.186,18.508,0.026,0.019,-0.005,-0.004,,,,,,,,
13.8,6.926,18.136,0.041,0.031,-0.005,-0.002,,,,,,,,
13.82,5.331,17.669,0.018,0.04,-0.005,-0.002,,,,,,,,
13.84,4.748,18.275,0.004,0.017,-0.005,-0.002,,,,,,,,
13.86,4.662,18.668,0,0.004,-0.005,-0.002,,,,,,,,
13.88,4.31,17.858,-0.001,0.026,-0.005,0,,,,,,,,
13.9,4.134,17.426,0,0.04,-0.005,0,,,,,,,,
13.92,4.471,18.114,0,0.018,-0.005,0,,,,,,,,
13.94,4.677,18.545,0,0.004,-0.005,0,,,,,,,,
13.96,2.924,18.44,-0.026,0,-0.007,0,,,,,,,,
13.98,2.009,18.341,-0.041,-0.001,-0.007,0,,,,,,,,
14,3.456,18.497,-0.018,0,-0.007,0,,,,,,,,
14.02,4.363,18.593,-0.004,0,-0.007,0,,,,,,,,
14.04,4.643,18.622,0,0,-0.007,0,,,,,,,,
14.06,4.274,17.688,0.001,0.026,-0.007,0.002,,,,,,,,
14.08,4.037,17.241,0,0.041,-0.007,0.002,,,,,,,,
14.1,4.343,17.937,0,0.018,-0.007,0.002,,,,,,,,
14.12,4.928,19.308,0,-0.022,-0.007,0,,,,,,,,
14.14,5.195,19.884,0,-0.041,-0.007,0,,,,,,,,
14.16,6.684,19.429,0.026,-0.019,-0.005,0,,,,,,,,
14.18,7.775,20.016,0.041,-0.031,-0.005,-0.002,,,,,,,,
14.2,6.456,20.14,0.018,-0.04,-0.005,-0.002,,,,,,,,
14.22,5.595,20.253,0.004,-0.044,-0.005,-0.004,,,,,,,,
14.24,5.317,20.235,0,-0.044,-0.005,-0.004,,,,,,,,
14.26,5.294,20.339,-0.001,-0.044,-0.005,-0.005,,,,,,,,
14.28,5.318,20.338,0,-0.044,-0.005,-0.005,,,,,,,,
14.3,4.951,19.518,0,-0.017,-0.005,-0.005,,,,,,,,
14.32,5.524,20.947,0,-0.056,-0.005,-0.009,,,,,,,,
14.34,5.491,20.78,0,-0.054,-0.005,-0.007,,,,,,,,
14.36,4.628,18.937,0,0.005,-0.005,-0.007,,,,,,,,
14.38,4.55,18.777,0,0.011,-0.005,-0.007,,,,,,,,
14.4,4.63,18.955,0,0.005,-0.005,-0.007,,,,,,,,
14.42,4.683,19.075,0,0.001,-0.005,-0.007,,,,,,,,
14.44,3.274,19.814,-0.026,-0.026,-0.007,-0.009,,,,,,,,
14.46,2.562,20.154,-0.041,-0.041,-0.007,-0.009,,,,,,,,
14.48,3.687,19.624,-0.018,-0.018,-0.007,-0.009,,,,,,,,
14.5,4.004,18.357,-0.004,0.022,-0.007,-0.007,,,,,,,,
14.52,4.015,17.814,0,0.041,-0.007,-0.007,,,,,,,,
14.54,4.356,18.508,0.001,0.019,-0.007,-0.007,,,,,,,,
14.56,4.149,18.027,0,0.031,-0.007,-0.005,,,,,,,,
14.58,3.99,17.73,0,0.04,-0.007,-0.005,,,,,,,,
14.6,3.927,17.51,0,0.044,-0.007,-0.004,,,,,,,,
14.62,3.917,17.495,0,0.044,-0.007,-0.004,,,,,,,,
14.64,4.302,18.323,0,0.017,-0.007,-0.004,,,,,,,,
14.66,4.121,17.837,0,0.03,-0.007,-0.002,,,,,,,,
14.68,3.969,17.517,0,0.04,-0.007,-0.002,,,,,,,,
14.7,4.295,18.219,0,0.017,-0.007,-0.002,,,,,,,,
14.72,4.49,18.642,0,0.004,-0.007,-0.002,,,,,,,,
14.74,4.547,18.768,0,-0.001,-0.007,-0.002,,,,,,,,
14.76,6.361,19.012,0.026,-0.001,-0.005,-0.002,,,,,,,,
14.78,7.27,19.105,0.041,0,-0.005,-0.002,,,,,,,,
14.8,5.809,18.926,0.018,0,-0.005,-0.002,,,,,,,,
14.82,4.892,18.815,0.004,0,-0.005,-0.002,,,,,,,,
14.84,4.219,17.847,0,0.026,-0.005,0,,,,,,,,
14.86,3.989,17.402,-0.001,0.041,-0.005,0,,,,,,,,
14.88,4.731,19.039,0,-0.008,-0.005,-0.002,,,,,,,,
14.9,5.159,19.923,0,-0.037,-0.005,-0.002,,,,,,,,
14.92,4.899,19.359,0,-0.019,-0.005,-0.002,,,,,,,,
14.94,5.085,19.863,0,-0.031,-0.005,-0.004,,,,,,,,
14.96,5.219,20.155,0,-0.04,-0.005,-0.004,,,,,,,,
14.98,4.881,19.435,0,-0.017,-0.005,-0.004,,,,,,,,
15,3.253,19.704,-0.026,-0.03,-0.007,-0.005,,,,,,,,
15.02,2.48,19.911,-0.041,-0.04,-0.007,-0.005,,,,,,,,
15.04,3.99,20.309,-0.018,-0.044,-0.007,-0.007,,,,,,,,
15.06,4.909,20.434,-0.004,-0.044,-0.007,-0.007,,,,,,,,
15.08,4.803,19.64,0,-0.018,-0.007,-0.007,,,,,,,,
15.1,4.614,19.197,0.001,-0.003,-0.007,-0.007,,,,,,,,
15.12,4.525,19.073,0,0.001,-0.007,-0.007,,,,,,,,
15.14,4.504,19.071,0,0.001,-0.007,-0.007,,,,,,,,
15.16,5.278,20.957,0,-0.052,-0.007,-0.011,,,,,,,,
15.18,5.691,21.854,0,-0.081,-0.007,-0.011,,,,,,,,
15.2,5.037,20.458,0,-0.036,-0.007,-0.011,,,,,,,,
15.22,6.437,19.819,0.026,-0.008,-0.005,-0.011,,,,,,,,
15.24,7.225,19.658,0.041,0.001,-0.005,-0.011,,,,,,,,
15.26,5.758,19.47,0.018,0.002,-0.005,-0.011,,,,,,,,
15.28,4.467,18.46,0.004,0.027,-0.005,-0.009,,,,,,,,
15.3,3.984,18.007,0,0.041,-0.005,-0.009,,,,,,,,
15.32,4.29,18.714,-0.001,0.018,-0.005,-0.009,,,,,,,,
15.34,4.135,18.227,0,0.03,-0.005,-0.007,,,,,,,,
15.36,4.009,17.926,0,0.04,-0.005,-0.007,,,,,,,,
15.38,3.957,17.706,0,0.044,-0.005,-0.005,,,,,,,,
15.4,3.948,17.692,0,0.044,-0.005,-0.005,,,,,,,,
15.42,4.332,18.522,0,0.018,-0.005,-0.005,,,,,,,,
15.44,2.338,17.801,-0.026,0.03,-0.007,-0.004,,,,,,,,
15.46,1.27,17.374,-0.041,0.04,-0.007,-0.004,,,,,,,,
15.48,2.663,17.313,-0.018,0.044,-0.007,-0.002,,,,,,,,
15.5,3.566,17.402,-0.004,0.044,-0.007,-0.002,,,,,,,,
15.52,4.233,18.263,0,0.018,-0.007,-0.002,,,,,,,,
15.54,4.462,18.712,0.001,0.003,-0.007,-0.002,,,,,,,,
15.56,4.488,18.831,0,-0.001,-0.007,-0.002,,,,,,,,
15.58,4.468,18.83,0,-0.001,-0.007,-0.002,,,,,,,,
15.6,4.064,17.877,0,0.026,-0.007,0,,,,,,,,
15.62,3.851,17.425,0,0.041,-0.007,0,,,,,,,,
15.64,5.988,18.358,0.026,0.018,-0.005,0,,,,,,,,
15.66,7.109,18.904,0.041,0.004,-0.005,0,,,,,,,,
15.68,6.103,19.803,0.018,-0.027,-0.005,-0.002,,,,,,,,
15.7,5.786,21.082,0.004,-0.068,-0.005,-0.004,,,,,,,,
15.72,5.373,20.777,0,-0.059,-0.005,-0.004,,,,,,,,
15.74,5.201,20.559,-0.001,-0.048,-0.005,-0.005,,,,,,,,
15.76,5.163,20.426,0,-0.044,-0.005,-0.005,,,,,,,,
15.78,6.985,20.752,0.026,-0.043,-0.003,-0.007,,,,,,,,
15.8,7.909,20.869,0.041,-0.043,-0.003,-0.007,,,,,,,,
15.82,6.073,19.886,0.018,-0.017,-0.003,-0.007,,,,,,,,
15.84,5.34,20.277,0.004,-0.029,-0.003,-0.009,,,,,,,,
15.86,5.205,20.57,0,-0.04,-0.003,-0.009,,,,,,,,
15.88,4.854,19.869,-0.001,-0.017,-0.003,-0.009,,,,,,,,
15.9,4.684,19.452,0,-0.004,-0.003,-0.009,,,,,,,,
15.92,4.642,19.33,0,0.001,-0.003,-0.009,,,,,,,,
15.94,4.643,19.327,0,0.001,-0.003,-0.009,,,,,,,,
15.96,4.648,19.345,0,0,-0.003,-0.009,,,,,,,,
15.98,4.651,19.357,0,0,-0.003,-0.009,,,,,,,,
16,3.225,20.061,-0.026,-0.026,-0.005,-0.011,,,,,,,,
16.02,2.512,20.4,-0.041,-0.041,-0.005,-0.011,,,,,,,,
16.04,3.638,19.874,-0.018,-0.018,-0.005,-0.011,,,,,,,,
16.06,3.957,18.611,-0.004,0.022,-0.005,-0.009,,,,,,,,
16.08,3.969,18.069,0,0.041,-0.005,-0.009,,,,,,,,
16.1,4.311,18.766,0.001,0.019,-0.005,-0.009,,,,,,,,
16.12,4.105,18.285,0,0.031,-0.005,-0.007,,,,,,,,
16.14,3.559,17.055,0,0.067,-0.005,-0.005,,,,,,,,
16.16,3.678,17.329,0,0.058,-0.005,-0.005,,,,,,,,
16.18,4.201,18.458,0,0.022,-0.005,-0.005,,,,,,,,
16.2,4.077,18.092,0,0.03,-0.005,-0.004,,,,,,,,
16.22,3.937,17.796,0,0.039,-0.005,-0.004,,,,,,,,
16.24,3.873,17.559,0,0.043,-0.005,-0.002,,,,,,,,
16.26,3.86,17.535,0,0.044,-0.005,-0.002,,,,,,,,
16.28,6.056,18.597,0.026,0.018,-0.003,-0.002,,,,,,,,
16.3,7.181,19.152,0.041,0.003,-0.003,-0.002,,,,,,,,
16.32,5.781,19.104,0.018,-0.001,-0.003,-0.002,,,,,,,,
16.34,4.867,18.999,0.004,-0.001,-0.003,-0.002,,,,,,,,
16.36,4.575,18.95,0,0,-0.003,-0.002,,,,,,,,
16.38,4.547,18.938,-0.001,0,-0.003,-0.002,,,,,,,,
16.4,4.574,18.939,0,0,-0.003,-0.002,,,,,,,,
16.42,4.203,18.007,0,0.026,-0.003,0,,,,,,,,
16.44,4.39,18.499,0,0.014,-0.003,-0.002,,,,,,,,
16.46,4.922,19.642,0,-0.023,-0.003,-0.002,,,,,,,,
16.48,4.799,19.381,0,-0.014,-0.003,-0.002,,,,,,,,
16.5,5.043,20.012,0,-0.031,-0.003,-0.004,,,,,,,,
16.52,5.189,20.329,0,-0.041,-0.003,-0.004,,,,,,,,
16.54,4.849,19.605,0,-0.018,-0.003,-0.004,,,,,,,,
16.56,5.033,20.105,0,-0.03,-0.003,-0.005,,,,,,,,
16.58,5.177,20.418,0,-0.04,-0.003,-0.005,,,,,,,,
16.6,4.845,19.711,0,-0.017,-0.003,-0.005,,,,,,,,
16.62,5.033,20.221,0,-0.03,-0.003,-0.007,,,,,,,,
16.64,5.178,20.538,0,-0.04,-0.003,-0.007,,,,,,,,
16.66,4.846,19.832,0,-0.017,-0.003,-0.007,,,,,,,,
16.68,4.646,19.409,0,-0.004,-0.003,-0.007,,,,,,,,
16.7,5.36,21.153,0,-0.052,-0.003,-0.011,,,,,,,,
16.72,5.767,22,0,-0.08,-0.003,-0.011,,,,,,,,
16.74,5.119,20.65,0,-0.036,-0.003,-0.011,,,,,,,,
16.76,4.711,19.783,0,-0.008,-0.003,-0.011,,,,,,,,
16.78,4.584,19.518,0,0.001,-0.003,-0.011,,,,,,,,
16.8,4.573,19.502,0,0.002,-0.003,-0.011,,,,,,,,
16.82,4.197,18.6,0,0.027,-0.003,-0.009,,,,,,,,
16.84,3.998,18.18,0,0.041,-0.003,-0.009,,,,,,,,
16.86,4.326,18.89,0,0.018,-0.003,-0.009,,,,,,,,
16.88,4.142,18.4,0,0.03,-0.003,-0.007,,,,,,,,
16.9,3.611,17.163,0,0.067,-0.003,-0.005,,,,,,,,
16.92,3.348,16.5,0,0.084,-0.003,-0.004,,,,,,,,
16.94,3.666,17.187,0,0.062,-0.003,-0.004,,,,,,,,
16.96,4.257,18.456,0,0.021,-0.003,-0.004,,,,,,,,
16.98,4.14,18.108,0,0.029,-0.003,-0.002,,,,,,,,
17,3.995,17.799,0,0.039,-0.003,-0.002,,,,,,,,
17.02,4.315,18.488,0,0.017,-0.003,-0.002,,,,,,,,
17.04,4.12,17.969,0,0.03,-0.003,0,,,,,,,,
17.06,3.971,17.651,0,0.04,-0.003,0,,,,,,,,
17.08,4.3,18.359,0,0.017,-0.003,0,,,,,,,,
17.1,4.498,18.784,0,0.004,-0.003,0,,,,,,,,
17.12,4.556,18.911,0,-0.001,-0.003,0,,,,,,,,
17.14,4.559,18.918,0,-0.001,-0.003,0,,,,,,,,
17.16,4.551,18.903,0,0,-0.003,0,,,,,,,,
17.18,4.158,17.96,0,0.026,-0.003,0.002,,,,,,,,
17.2,3.95,17.514,0,0.041,-0.003,0.002,,,,,,,,
17.22,4.663,19.147,0,-0.008,-0.003,0,,,,,,,,
17.24,5.073,20.028,0,-0.037,-0.003,0,,,,,,,,
17.26,5.196,20.397,0,-0.045,-0.003,-0.002,,,,,,,,
17.28,5.201,20.409,0,-0.045,-0.003,-0.002,,,,,,,,
17.3,5.19,20.492,0,-0.044,-0.003,-0.004,,,,,,,,
17.32,5.18,20.475,0,-0.044,-0.003,-0.004,,,,,,,,
17.34,6.995,20.821,0.026,-0.044,-0.002,-0.005,,,,,,,,
17.36,7.911,20.93,0.041,-0.044,-0.002,-0.005,,,,,,,,
17.38,6.072,19.942,0.018,-0.017,-0.002,-0.005,,,,,,,,
17.4,5.339,20.33,0.004,-0.029,-0.002,-0.007,,,,,,,,
17.42,5.205,20.621,0,-0.04,-0.002,-0.007,,,,,,,,
17.44,4.855,19.92,-0.001,-0.017,-0.002,-0.007,,,,,,,,
17.46,4.685,19.503,0,-0.004,-0.002,-0.007,,,,,,,,
17.48,4.644,19.381,0,0.001,-0.002,-0.007,,,,,,,,
17.5,4.645,19.377,0,0.001,-0.002,-0.007,,,,,,,,
17.52,4.652,19.394,0,0,-0.002,-0.007,,,,,,,,
17.54,2.841,19.169,-0.026,0,-0.003,-0.007,,,,,,,,
17.56,1.924,19.067,-0.041,0,-0.003,-0.007,,,,,,,,
17.58,3.766,20.175,-0.018,-0.026,-0.003,-0.009,,,,,,,,
17.6,4.884,20.728,-0.004,-0.041,-0.003,-0.009,,,,,,,,
17.62,4.839,20.064,0,-0.018,-0.003,-0.009,,,,,,,,
17.64,4.655,19.63,0.001,-0.004,-0.003,-0.009,,,,,,,,
17.66,4.173,18.56,0,0.027,-0.003,-0.007,,,,,,,,
17.68,3.943,18.108,0,0.041,-0.003,-0.007,,,,,,,,
17.7,4.269,18.825,0,0.018,-0.003,-0.007,,,,,,,,
17.72,4.089,18.343,0,0.03,-0.003,-0.005,,,,,,,,
17.74,3.947,18.043,0,0.04,-0.003,-0.005,,,,,,,,
17.76,3.891,17.822,0,0.044,-0.003,-0.004,,,,,,,,
17.78,3.882,17.808,0,0.044,-0.003,-0.004,,,,,,,,
17.8,4.267,18.637,0,0.018,-0.003,-0.004,,,,,,,,
17.82,4.475,19.086,0,0.003,-0.003,-0.004,,,,,,,,
17.84,4.143,18.275,0,0.026,-0.003,-0.002,,,,,,,,
17.86,3.937,17.835,0,0.04,-0.003,-0.002,,,,,,,,
17.88,6.068,18.757,0.026,0.018,-0.002,-0.002,,,,,,,,
17.9,7.185,19.296,0.041,0.004,-0.002,-0.002,,,,,,,,
17.92,5.792,19.259,0.018,0,-0.002,-0.002,,,,,,,,
17.94,4.882,19.163,0.004,-0.001,-0.002,-0.002,,,,,,,,
17.96,4.592,19.117,0,0,-0.002,-0.002,,,,,,,,
17.98,4.565,19.106,-0.001,0,-0.002,-0.002,,,,,,,,
18,4.592,19.107,0,0,-0.002,-0.002,,,,,,,,
18.02,4.222,18.176,0,0.026,-0.002,0,,,,,,,,
18.04,4.022,17.734,0,0.041,-0.002,0,,,,,,,,
18.06,4.349,18.435,0,0.018,-0.002,0,,,,,,,,
18.08,4.553,18.875,0,0.004,-0.002,0,,,,,,,,
18.1,5.003,19.945,0,-0.027,-0.002,-0.002,,,,,,,,
18.12,5.213,20.398,0,-0.041,-0.002,-0.002,,,,,,,,
18.14,4.879,19.684,0,-0.018,-0.002,-0.002,,,,,,,,
18.16,5.057,20.169,0,-0.03,-0.002,-0.004,,,,,,,,
18.18,5.197,20.473,0,-0.04,-0.002,-0.004,,,,,,,,
18.2,4.865,19.763,0,-0.017,-0.002,-0.004,,,,,,,,
18.22,4.665,19.338,0,-0.004,-0.002,-0.004,,,,,,,,
18.24,5.38,21.081,0,-0.052,-0.002,-0.007,,,,,,,,
18.26,5.401,21.026,0,-0.054,-0.002,-0.005,,,,,,,,
18.28,4.547,19.199,0,0.005,-0.002,-0.005,,,,,,,,
18.3,4.467,19.03,0,0.01,-0.002,-0.005,,,,,,,,
18.32,4.545,19.203,0,0.005,-0.002,-0.005,,,,,,,,
18.34,4.986,20.255,0,-0.025,-0.002,-0.007,,,,,,,,
18.36,5.209,20.738,0,-0.041,-0.002,-0.007,,,,,,,,
18.38,4.883,20.044,0,-0.018,-0.002,-0.007,,,,,,,,
18.4,4.288,18.67,0,0.022,-0.002,-0.005,,,,,,,,
18.42,4.017,18.092,0,0.041,-0.002,-0.005,,,,,,,,
18.44,4.338,18.784,0,0.019,-0.002,-0.005,,,,,,,,
18.46,4.161,18.306,0,0.031,-0.002,-0.004,,,,,,,,
18.48,3.635,17.077,0,0.067,-0.002,-0.002,,,,,,,,
18.5,3.761,17.35,0,0.058,-0.002,-0.002,,,,,,,,
18.52,4.287,18.478,0,0.022,-0.002,-0.002,,,,,,,,
18.54,4.163,18.112,0,0.03,-0.002,0,,,,,,,,
18.56,4.024,17.814,0,0.039,-0.002,0,,,,,,,,
18.58,3.961,17.577,0,0.043,-0.002,0.002,,,,,,,,
18.6,3.949,17.551,0,0.044,-0.002,0.002,,,,,,,,
18.62,4.333,18.376,0,0.018,-0.002,0.002,,,,,,,,
18.64,4.541,18.822,0,0.003,-0.002,0.002,,,,,,,,
18.66,4.598,18.943,0,-0.001,-0.002,0.002,,,,,,,,
18.68,4.598,18.944,0,-0.001,-0.002,0.002,,,,,,,,
18.7,4.203,17.992,0,0.026,-0.002,0.003,,,,,,,,
18.72,3.604,16.605,0,0.067,-0.002,0.005,,,,,,,,
18.74,3.723,16.858,0,0.059,-0.002,0.005,,,,,,,,
18.76,4.255,17.996,0,0.022,-0.002,0.005,,,,,,,,
18.78,4.523,18.569,0,0.003,-0.002,0.005,,,,,,,,
18.8,5.367,20.582,0,-0.054,-0.002,0.002,,,,,,,,
18.82,5.389,20.526,0,-0.056,-0.002,0.003,,,,,,,,
18.84,4.518,18.658,0,0.004,-0.002,0.003,,,,,,,,
18.86,4.816,19.399,0,-0.016,-0.002,0.002,,,,,,,,
18.88,5.098,20.003,0,-0.036,-0.002,0.002,,,,,,,,
18.9,5.212,20.35,0,-0.043,-0.002,0,,,,,,,,
18.92,7.043,20.627,0.026,-0.045,0,0,,,,,,,,
18.94,7.571,19.901,0.041,-0.018,0,0,,,,,,,,
18.96,6.292,20.211,0.018,-0.03,0,-0.002,,,,,,,,
18.98,5.526,20.421,0.004,-0.04,0,-0.002,,,,,,,,
19,4.914,19.685,0,-0.017,0,-0.002,,,,,,,,
19.02,5.082,20.195,-0.001,-0.03,0,-0.004,,,,,,,,
19.04,5.258,20.514,0,-0.04,0,-0.004,,,,,,,,
19.06,4.945,19.809,0,-0.017,0,-0.004,,,,,,,,
19.08,4.753,19.386,0,-0.004,0,-0.004,,,,,,,,
19.1,4.693,19.26,0,0.001,0,-0.004,,,,,,,,
19.12,5.077,20.188,0,-0.026,0,-0.005,,,,,,,,
19.14,5.289,20.647,0,-0.04,0,-0.005,,,,,,,,
19.16,4.966,19.957,0,-0.018,0,-0.005,,,,,,,,
19.18,2.561,18.352,-0.026,0.022,-0.002,-0.004,,,,,,,,
19.2,1.374,17.668,-0.041,0.041,-0.002,-0.004,,,,,,,,
19.22,3.151,18.53,-0.018,0.019,-0.002,-0.004,,,,,,,,
19.24,3.888,18.158,-0.004,0.031,-0.002,-0.002,,,,,,,,
19.26,3.645,16.962,0,0.067,-0.002,0,,,,,,,,
19.28,3.793,17.236,0.001,0.058,-0.002,0,,,,,,,,
19.3,3.902,17.426,0,0.048,-0.002,0.002,,,,,,,,
19.32,3.942,17.548,0,0.044,-0.002,0.002,,,,,,,,
19.34,4.329,18.391,0,0.017,-0.002,0.002,,,,,,,,
19.36,4.144,17.892,0,0.029,-0.002,0.003,,,,,,,,
19.38,3.604,16.628,0,0.066,-0.002,0.005,,,,,,,,
19.4,3.724,16.883,0,0.058,-0.002,0.005,,,,,,,,
19.42,4.248,18.004,0,0.022,-0.002,0.005,,,,,,,,
19.44,4.512,18.568,0,0.003,-0.002,0.005,,,,,,,,
19.46,4.579,18.709,0,-0.001,-0.002,0.005,,,,,,,,
19.48,6.39,18.94,0.026,-0.001,0,0.005,,,,,,,,
19.5,7.297,19.022,0.041,0,0,0.005,,,,,,,,
19.52,5.836,18.837,0.018,0,0,0.005,,,,,,,,
19.54,4.921,18.724,0.004,0,0,0.005,,,,,,,,
19.56,4.249,17.753,0,0.026,0,0.007,,,,,,,,
19.58,4.022,17.306,-0.001,0.041,0,0.007,,,,,,,,
19.6,5.153,19.875,0,-0.035,0,0.003,,,,,,,,
19.62,5.401,20.264,0,-0.051,0,0.005,,,,,,,,
19.64,4.998,19.49,0,-0.022,0,0.003,,,,,,,,
19.66,5.126,19.761,0,-0.031,0,0.003,,,,,,,,
19.68,4.87,19.211,0,-0.014,0,0.003,,,,,,,,
19.7,5.102,19.81,0,-0.029,0,0.002,,,,,,,,
19.72,5.261,20.149,0,-0.04,0,0.002,,,,,,,,
19.74,4.93,19.441,0,-0.017,0,0.002,,,,,,,,
19.76,5.118,19.945,0,-0.03,0,0,,,,,,,,
19.78,5.263,20.257,0,-0.04,0,0,,,,,,,,
19.8,4.933,19.547,0,-0.017,0,0,,,,,,,,
19.82,4.734,19.121,0,-0.004,0,0,,,,,,,,
19.84,4.674,18.994,0,0.001,0,0,,,,,,,,
19.86,4.671,18.986,0,0.001,0,0,,,,,,,,
19.88,4.677,19,0,0,0,0,,,,,,,,
19.9,4.681,19.009,0,0,0,0,,,,,,,,
19.92,4.682,19.011,0,0,0,0,,,,,,,,
19.94,2.869,18.775,-0.026,0,-0.002,0,,,,,,,,
19.96,1.952,18.666,-0.041,0,-0.002,0,,,,,,,,
19.98,3.406,18.837,-0.018,0,-0.002,0,,,,,,,,
20,4.319,18.943,-0.004,0,-0.002,0,,,,,,,,
20.02,4.99,19.91,0,-0.026,-0.002,-0.002,,,,,,,,
20.04,5.217,20.355,0.001,-0.041,-0.002,-0.002,,,,,,,,
20.06,4.861,19.651,0,-0.018,-0.002,-0.002,,,,,,,,
20.08,4.637,19.21,0,-0.004,-0.002,-0.002,,,,,,,,
20.1,6.38,19.31,0.026,0,0,-0.002,,,,,,,,
20.12,7.291,19.408,0.041,0.001,0,-0.002,,,,,,,,
20.14,5.455,18.318,0.018,0.027,0,0,,,,,,,,
20.16,4.34,17.778,0.004,0.041,0,0,,,,,,,,
20.18,4.385,18.448,0,0.018,0,0,,,,,,,,
20.2,4.568,18.886,-0.001,0.004,0,0,,,,,,,,
20.22,4.66,19.026,0,0,0,0,,,,,,,,
20.24,4.684,19.038,0,-0.001,0,0,,,,,,,,
20.26,4.296,18.091,0,0.026,0,0.002,,,,,,,,
20.28,4.086,17.639,0,0.041,0,0.002,,,,,,,,
20.3,4.411,18.337,0,0.018,0,0.002,,,,,,,,
20.32,4.616,18.775,0,0.004,0,0.002,,,,,,,,
20.34,4.292,17.977,0,0.026,0,0.003,,,,,,,,
20.36,4.091,17.544,0,0.04,0,0.003,,,,,,,,
20.38,4.411,18.23,0,0.018,0,0.003,,,,,,,,
20.4,4.612,18.659,0,0.004,0,0.003,,,,,,,,
20.42,4.675,18.791,0,0,0,0.003,,,,,,,,
20.44,4.68,18.799,0,-0.001,0,0.003,,,,,,,,
20.46,4.673,18.784,0,0,0,0.003,,,,,,,,
20.48,4.669,18.773,0,0,0,0.003,,,,,,,,
20.5,3.242,19.466,-0.026,-0.026,-0.002,0.002,,,,,,,,
20.52,2.531,19.798,-0.041,-0.041,-0.002,0.002,,,,,,,,
20.54,4.046,20.201,-0.018,-0.044,-0.002,0,,,,,,,,
20.56,4.96,20.31,-0.004,-0.045,-0.002,0,,,,,,,,
20.58,7.054,20.676,0.027,-0.044,0,-0.002,,,,,,,,
20.6,7.988,20.778,0.041,-0.044,0,-0.002,,,,,,,,
20.62,6.12,19.782,0.018,-0.017,0,-0.002,,,,,,,,
20.64,5.369,20.166,0.004,-0.029,0,-0.004,,,,,,,,
20.66,5.23,20.455,0,-0.04,0,-0.004,,,,,,,,
20.68,4.88,19.752,-0.001,-0.017,0,-0.004,,,,,,,,
20.7,4.711,19.334,0,-0.004,0,-0.004,,,,,,,,
20.72,6.484,19.447,0.026,0.001,0.002,-0.004,,,,,,,,
20.74,7.404,19.55,0.041,0.001,0.002,-0.004,,,,,,,,
20.76,6.344,20.33,0.018,-0.026,0.002,-0.005,,,,,,,,
20.78,5.64,20.676,0.004,-0.041,0.002,-0.005,,,,,,,,
20.8,5.031,19.948,0,-0.018,0.002,-0.005,,,,,,,,
20.82,2.991,19.272,-0.027,-0.004,0,-0.005,,,,,,,,
20.84,2.039,19.034,-0.041,0,0,-0.005,,,,,,,,
20.86,3.12,18.265,-0.018,0.027,0,-0.004,,,,,,,,
20.88,3.84,17.947,-0.004,0.041,0,-0.004,,,,,,,,
20.9,4.068,17.758,0,0.045,0,-0.002,,,,,,,,
20.92,4.09,17.763,0.001,0.045,0,-0.002,,,,,,,,
20.94,4.064,17.664,0,0.044,0,0,,,,,,,,
20.96,2.236,17.433,-0.026,0.044,-0.002,0,,,,,,,,
20.98,1.697,18.148,-0.041,0.017,-0.002,0,,,,,,,,
21,2.969,17.826,-0.018,0.029,-0.002,0.002,,,,,,,,
21.02,3.733,17.61,-0.004,0.04,-0.002,0.002,,,,,,,,
21.04,4.344,18.344,0,0.017,-0.002,0.002,,,,,,,,
21.06,4.175,17.835,0.001,0.03,-0.002,0.003,,,,,,,,
21.08,4,17.515,0,0.04,-0.002,0.003,,,,,,,,
21.1,4.311,18.22,0,0.017,-0.002,0.003,,,,,,,,
21.12,4.503,18.643,0,0.004,-0.002,0.003,,,,,,,,
21.14,4.562,18.768,0,-0.001,-0.002,0.003,,,,,,,,
21.16,4.566,18.774,0,-0.001,-0.002,0.003,,,,,,,,
21.18,5.984,18.06,0.026,0.026,0,0.005,,,,,,,,
21.2,6.691,17.715,0.041,0.041,0,0.005,,,,,,,,
21.22,6.337,20.108,0.018,-0.035,0,0.002,,,,,,,,
21.24,5.653,20.388,0.004,-0.051,0,0.003,,,,,,,,
21.26,4.961,19.581,0,-0.022,0,0.002,,,,,,,,
21.28,5.066,19.851,-0.001,-0.031,0,0.002,,,,,,,,
21.3,6.653,19.542,0.026,-0.014,0.002,0.002,,,,,,,,
21.32,7.821,20.252,0.041,-0.029,0.002,0,,,,,,,,
21.34,6.531,20.423,0.018,-0.04,0.002,0,,,,,,,,
21.36,5.676,20.543,0.004,-0.044,0.002,-0.002,,,,,,,,
21.38,5.398,20.523,0,-0.044,0.002,-0.002,,,,,,,,
21.4,5.376,20.626,-0.001,-0.044,0.002,-0.004,,,,,,,,
21.42,5.402,20.624,0,-0.044,0.002,-0.004,,,,,,,,
21.44,3.224,19.569,-0.026,-0.017,0,-0.004,,,,,,,,
21.46,2.107,19.022,-0.041,-0.003,0,-0.004,,,,,,,,
21.48,3.507,19.075,-0.018,0.001,0,-0.004,,,,,,,,
21.5,4.42,19.182,-0.004,0.001,0,-0.004,,,,,,,,
21.52,4.71,19.234,0,0,0,-0.004,,,,,,,,
21.54,4.736,19.247,0.001,0,0,-0.004,,,,,,,,
21.56,4.709,19.249,0,0,0,-0.004,,,,,,,,
21.58,3.265,19.946,-0.026,-0.026,-0.002,-0.005,,,,,,,,
21.6,2.547,20.281,-0.041,-0.041,-0.002,-0.005,,,,,,,,
21.62,3.287,18.819,-0.018,0.008,-0.002,-0.004,,,,,,,,
21.64,3.789,18.046,-0.004,0.037,-0.002,-0.004,,,,,,,,
21.66,3.948,17.711,0,0.045,-0.002,-0.002,,,,,,,,
21.68,3.964,17.702,0.001,0.045,-0.002,-0.002,,,,,,,,
21.7,4.332,18.551,0,0.018,-0.002,-0.002,,,,,,,,
21.72,4.139,18.074,0,0.03,-0.002,0,,,,,,,,
21.74,3.985,17.757,0,0.04,-0.002,0,,,,,,,,
21.76,4.312,18.459,0,0.017,-0.002,0,,,,,,,,
21.78,4.122,17.948,0,0.03,-0.002,0.002,,,,,,,,
21.8,3.975,17.632,0,0.04,-0.002,0.002,,,,,,,,
21.82,6.118,18.576,0.026,0.017,0,0.002,,,,,,,,
21.84,7.234,19.109,0.041,0.004,0,0.002,,,,,,,,
21.86,5.063,17.197,0.018,0.052,0,0.005,,,,,,,,
21.88,4.128,17.146,0.004,0.054,0,0.003,,,,,,,,
21.9,4.31,18.006,0,0.022,0,0.005,,,,,,,,
21.92,4.162,17.729,-0.001,0.03,0,0.005,,,,,,,,
21.94,4.439,18.261,0,0.013,0,0.005,,,,,,,,
21.96,4.608,18.585,0,0.003,0,0.005,,,,,,,,
21.98,5.048,19.616,0,-0.027,0,0.003,,,,,,,,
22,5.258,20.062,0,-0.041,0,0.003,,,,,,,,
22.02,5.313,20.283,0,-0.045,0,0.002,,,,,,,,
22.04,5.31,20.277,0,-0.045,0,0.002,,,,,,,,
22.06,5.306,20.371,0,-0.044,0,0,,,,,,,,
22.08,5.302,20.362,0,-0.044,0,0,,,,,,,,
22.1,5.305,20.472,0,-0.044,0,-0.002,,,,,,,,
22.12,5.305,20.474,0,-0.044,0,-0.002,,,,,,,,
22.14,4.923,19.654,0,-0.017,0,-0.002,,,,,,,,
22.16,5.104,20.148,0,-0.029,0,-0.004,,,,,,,,
22.18,5.254,20.471,0,-0.04,0,-0.004,,,,,,,,
22.2,4.927,19.77,0,-0.017,0,-0.004,,,,,,,,
22.22,4.729,19.349,0,-0.004,0,-0.004,,,,,,,,
22.24,4.669,19.223,0,0.001,0,-0.004,,,,,,,,
22.26,4.666,19.217,0,0.001,0,-0.004,,,,,,,,
22.28,4.672,19.233,0,0,0,-0.004,,,,,,,,
22.3,5.064,20.178,0,-0.026,0,-0.005,,,,,,,,
22.32,5.271,20.625,0,-0.041,0,-0.005,,,,,,,,
22.34,4.944,19.927,0,-0.018,0,-0.005,,,,,,,,
22.36,4.739,19.489,0,-0.004,0,-0.005,,,,,,,,
22.38,3.9,17.487,0,0.053,0,-0.002,,,,,,,,
22.4,3.87,17.529,0,0.056,0,-0.004,,,,,,,,
22.42,4.737,19.388,0,-0.004,0,-0.004,,,,,,,,
22.44,4.437,18.644,0,0.016,0,-0.002,,,,,,,,
22.46,4.154,18.039,0,0.036,0,-0.002,,,,,,,,
22.48,4.427,18.626,0,0.017,0,-0.002,,,,,,,,
22.5,4.615,19.028,0,0.004,0,-0.002,,,,,,,,
22.52,4.289,18.227,0,0.026,0,0,,,,,,,,
22.54,4.089,17.799,0,0.04,0,0,,,,,,,,
22.56,4.411,18.489,0,0.018,0,0,,,,,,,,
22.58,4.612,18.921,0,0.004,0,0,,,,,,,,
22.6,4.675,19.055,0,0,0,0,,,,,,,,
22.62,4.292,18.131,0,0.026,0,0.002,,,,,,,,
22.64,4.079,17.675,0,0.04,0,0.002,,,,,,,,
22.66,4.015,17.432,0,0.044,0,0.003,,,,,,,,
22.68,4.013,17.425,0,0.045,0,0.003,,,,,,,,
22.7,4.403,18.261,0,0.018,0,0.003,,,,,,,,
22.72,4.613,18.71,0,0.003,0,0.003,,,,,,,,
22.74,4.671,18.831,0,-0.001,0,0.003,,,,,,,,
22.76,5.059,19.765,0,-0.027,0,0.002,,,,,,,,
22.78,5.257,20.189,0,-0.041,0,0.002,,,,,,,,
22.8,4.926,19.478,0,-0.018,0,0.002,,,,,,,,
22.82,5.107,19.968,0,-0.03,0,0,,,,,,,,
22.84,5.637,21.208,0,-0.067,0,-0.002,,,,,,,,
22.86,5.512,20.939,0,-0.058,0,-0.002,,,,,,,,
22.88,5.374,20.747,0,-0.048,0,-0.004,,,,,,,,
22.9,5.315,20.623,0,-0.044,0,-0.004,,,,,,,,
22.92,4.921,19.78,0,-0.017,0,-0.004,,,,,,,,
22.94,5.105,20.28,0,-0.029,0,-0.005,,,,,,,,
22.96,5.257,20.61,0,-0.04,0,-0.005,,,,,,,,
22.98,4.931,19.913,0,-0.017,0,-0.005,,,,,,,,
23,4.733,19.493,0,-0.004,0,-0.005,,,,,,,,
23.02,4.674,19.368,0,0.001,0,-0.005,,,,,,,,
23.04,4.67,19.363,0,0.001,0,-0.005,,,,,,,,
23.06,5.064,20.314,0,-0.026,0,-0.007,,,,,,,,
23.08,5.274,20.768,0,-0.041,0,-0.007,,,,,,,,
23.1,4.561,19.139,0,0.008,0,-0.005,,,,,,,,
23.12,4.15,18.261,0,0.037,0,-0.005,,,,,,,,
23.14,4.413,18.828,0,0.019,0,-0.005,,,,,,,,
23.16,4.613,19.26,0,0.005,0,-0.005,,,,,,,,
23.18,4.295,18.479,0,0.026,0,-0.004,,,,,,,,
23.2,3.711,17.124,0,0.066,0,-0.002,,,,,,,,
23.22,3.827,17.374,0,0.058,0,-0.002,,,,,,,,
23.24,2.154,17.336,-0.026,0.048,-0.002,0,,,,,,,,
23.26,1.298,17.36,-0.041,0.044,-0.002,0,,,,,,,,
23.28,3.148,18.378,-0.018,0.017,-0.002,0,,,,,,,,
23.3,3.49,17.053,-0.004,0.056,-0.002,0.003,,,,,,,,
23.32,3.802,17.249,0,0.054,-0.002,0.002,,,,,,,,
23.34,4.682,19.093,0.001,-0.005,-0.002,0.002,,,,,,,,
23.36,4.729,19.25,0,-0.011,-0.002,0.002,,,,,,,,
23.38,4.627,19.071,0,-0.005,-0.002,0.002,,,,,,,,
23.4,4.566,18.951,0,-0.001,-0.002,0.002,,,,,,,,
23.42,6.36,19.148,0.026,0,0,0.002,,,,,,,,
23.44,7.276,19.251,0.041,0,0,0.002,,,,,,,,
23.46,5.435,18.148,0.018,0.027,0,0.003,,,,,,,,
23.48,4.316,17.6,0.004,0.041,0,0.003,,,,,,,,
23.5,4.36,18.267,0,0.018,0,0.003,,,,,,,,
23.52,4.931,19.637,-0.001,-0.022,0,0.002,,,,,,,,
23.54,5.229,20.217,0,-0.041,0,0.002,,,,,,,,
23.56,5.314,20.462,0,-0.045,0,0,,,,,,,,
23.58,5.314,20.451,0,-0.045,0,0,,,,,,,,
23.6,7.12,20.775,0.026,-0.044,0.002,-0.002,,,,,,,,
23.62,8.032,20.872,0.041,-0.044,0.002,-0.002,,,,,,,,
23.64,6.58,20.813,0.018,-0.044,0.002,-0.004,,,,,,,,
23.66,5.667,20.709,0.004,-0.044,0.002,-0.004,,,,,,,,
23.68,5.001,19.857,0,-0.017,0.002,-0.004,,,,,,,,
23.7,5.161,20.35,-0.001,-0.029,0.002,-0.005,,,,,,,,
23.72,5.341,20.678,0,-0.04,0.002,-0.005,,,,,,,,
23.74,3.219,19.744,-0.026,-0.017,0,-0.005,,,,,,,,
23.76,2.11,19.217,-0.041,-0.004,0,-0.005,,,,,,,,
23.78,3.507,19.263,-0.018,0.001,0,-0.005,,,,,,,,
23.8,4.416,19.365,-0.004,0.001,0,-0.005,,,,,,,,
23.82,4.706,19.415,0,0,0,-0.005,,,,,,,,
23.84,5.119,20.363,0.001,-0.026,0,-0.007,,,,,,,,
23.86,5.298,20.808,0,-0.041,0,-0.007,,,,,,,,
23.88,3.139,19.872,-0.026,-0.018,-0.002,-0.007,,,,,,,,
23.9,2.01,19.327,-0.041,-0.004,-0.002,-0.007,,,,,,,,
23.92,3.013,18.43,-0.018,0.027,-0.002,-0.005,,,,,,,,
23.94,3.328,17.153,-0.004,0.068,-0.002,-0.004,,,,,,,,
23.96,3.739,17.461,0,0.059,-0.002,-0.004,,,,,,,,
23.98,4.297,18.615,0.001,0.022,-0.002,-0.004,,,,,,,,
24,4.15,18.259,0,0.03,-0.002,-0.002,,,,,,,,
24.02,5.807,18.199,0.026,0.039,0,-0.002,,,,,,,,
24.04,6.656,18.071,0.041,0.043,0,0,,,,,,,,
24.06,5.188,17.875,0.018,0.044,0,0,,,,,,,,
24.08,4.66,18.594,0.004,0.018,0,0,,,,,,,,
24.1,4.585,19.008,0,0.003,0,0,,,,,,,,
24.12,4.621,19.128,-0.001,-0.001,0,0,,,,,,,,
24.14,4.651,19.134,0,-0.001,0,0,,,,,,,,
24.16,6.475,19.356,0.026,0,0.002,0,,,,,,,,
24.18,7.394,19.456,0.041,0,0.002,0,,,,,,,,
24.2,5.938,19.283,0.018,0,0.002,0,,,,,,,,
24.22,4.637,18.242,0.004,0.026,0.002,0.002,,,,,,,,
24.24,4.148,17.767,0,0.041,0.002,0.002,,,,,,,,
24.26,4.453,18.465,-0.001,0.018,0.002,0.002,,,,,,,,
24.28,4.688,18.908,0,0.004,0.002,0.002,,,,,,,,
24.3,5.158,19.98,0,-0.027,0.002,0,,,,,,,,
24.32,3.563,20.197,-0.026,-0.041,0,0,,,,,,,,
24.34,2.313,19.375,-0.041,-0.018,0,0,,,,,,,,
24.36,3.946,20.031,-0.018,-0.03,0,-0.002,,,,,,,,
24.38,5,20.441,-0.004,-0.04,0,-0.002,,,,,,,,
24.4,5.339,20.698,0,-0.044,0,-0.004,,,,,,,,
24.42,5.369,20.718,0.001,-0.044,0,-0.004,,,,,,,,
24.44,4.954,19.888,0,-0.018,0,-0.004,,,,,,,,
24.46,4.726,19.44,0,-0.003,0,-0.004,,,,,,,,
24.48,4.663,19.319,0,0.001,0,-0.004,,,,,,,,
24.5,5.437,21.188,0,-0.052,0,-0.007,,,,,,,,
24.52,5.857,22,0,-0.081,0,-0.007,,,,,,,,
24.54,5.208,20.702,0,-0.036,0,-0.007,,,,,,,,
24.56,4.799,19.829,0,-0.008,0,-0.007,,,,,,,,
24.58,4.671,19.559,0,0.001,0,-0.007,,,,,,,,
24.6,4.661,19.542,0,0.002,0,-0.007,,,,,,,,
24.62,6.1,18.876,0.026,0.027,0.002,-0.005,,,,,,,,
24.64,6.432,17.629,0.041,0.067,0.002,-0.004,,,,,,,,
24.66,5.101,17.725,0.018,0.059,0.002,-0.004,,,,,,,,
24.68,4.72,18.762,0.004,0.022,0.002,-0.004,,,,,,,,
24.7,4.318,18.373,0,0.03,0.002,-0.002,,,,,,,,
24.72,3.771,17.143,-0.001,0.066,0.002,0,,,,,,,,
24.74,3.92,17.402,0,0.057,0.002,0,,,,,,,,
24.76,2.26,17.352,-0.026,0.048,0,0.002,,,,,,,,
24.78,1.406,17.368,-0.041,0.044,0,0.002,,,,,,,,
24.8,3.257,18.383,-0.018,0.017,0,0.002,,,,,,,,
24.82,3.986,17.991,-0.004,0.029,0,0.003,,,,,,,,
24.84,4.116,17.695,0,0.04,0,0.003,,,,,,,,
24.86,4.077,17.462,0.001,0.044,0,0.005,,,,,,,,
24.88,4.04,17.437,0,0.044,0,0.005,,,,,,,,
24.9,4.408,18.261,0,0.018,0,0.005,,,,,,,,
24.92,4.611,18.705,0,0.003,0,0.005,,,,,,,,
24.94,4.28,17.891,0,0.026,0,0.007,,,,,,,,
24.96,4.076,17.448,0,0.04,0,0.007,,,,,,,,
24.98,4.395,18.128,0,0.018,0,0.007,,,,,,,,
25,4.596,18.555,0,0.004,0,0.007,,,,,,,,
25.02,5.046,19.62,0,-0.027,0,0.005,,,,,,,,
25.04,5.645,21.002,0,-0.068,0,0.003,,,,,,,,
25.06,7.331,20.962,0.026,-0.059,0.002,0.003,,,,,,,,
25.08,8.1,20.849,0.041,-0.048,0.002,0.002,,,,,,,,
25.1,6.581,20.534,0.018,-0.044,0.002,0.002,,,,,,,,
25.12,5.66,20.506,0.004,-0.043,0.002,0,,,,,,,,
25.14,5.379,20.471,0,-0.043,0.002,0,,,,,,,,
25.16,4.978,19.645,-0.001,-0.017,0.002,0,,,,,,,,
25.18,6.616,19.437,0.026,-0.003,0.003,0,,,,,,,,
25.2,7.885,20.351,0.041,-0.026,0.003,-0.002,,,,,,,,
25.22,6.642,20.61,0.018,-0.04,0.003,-0.002,,,,,,,,
25.24,5.41,19.806,0.004,-0.018,0.003,-0.002,,,,,,,,
25.26,4.927,19.328,0,-0.004,0.003,-0.002,,,,,,,,
25.28,5.231,20.111,-0.001,-0.026,0.003,-0.004,,,,,,,,
25.3,3.649,20.294,-0.027,-0.04,0.002,-0.004,,,,,,,,
25.32,2.43,19.484,-0.041,-0.018,0.002,-0.004,,,,,,,,
25.34,3.691,19.207,-0.018,-0.004,0.002,-0.004,,,,,,,,
25.36,4.156,18.227,-0.004,0.027,0.002,-0.002,,,,,,,,
25.38,4.229,17.787,0,0.041,0.002,-0.002,,,,,,,,
25.4,4.197,17.547,0.001,0.045,0.002,0,,,,,,,,
25.42,4.173,17.526,0,0.045,0.002,0,,,,,,,,
25.44,4.159,17.403,0,0.044,0.002,0.002,,,,,,,,
25.46,2.346,17.146,-0.026,0.044,0,0.002,,,,,,,,
25.48,1.812,17.832,-0.041,0.017,0,0.002,,,,,,,,
25.5,3.087,17.479,-0.018,0.029,0,0.003,,,,,,,,
25.52,3.851,17.23,-0.004,0.04,0,0.003,,,,,,,,
25.54,4.463,17.931,0,0.017,0,0.003,,,,,,,,
25.56,3.907,16.453,0.001,0.056,0,0.007,,,,,,,,
25.58,3.914,16.588,0,0.054,0,0.005,,,,,,,,
25.6,4.76,18.398,0,-0.005,0,0.005,,,,,,,,
25.62,4.444,17.587,0,0.016,0,0.007,,,,,,,,
25.64,4.156,16.927,0,0.036,0,0.007,,,,,,,,
25.66,6.242,17.702,0.026,0.017,0.002,0.007,,,,,,,,
25.68,7.735,19.1,0.041,-0.022,0.002,0.005,,,,,,,,
25.7,6.548,19.458,0.018,-0.041,0.002,0.005,,,,,,,,
25.72,5.703,19.551,0.004,-0.045,0.002,0.003,,,,,,,,
25.74,5.416,19.461,0,-0.045,0.002,0.003,,,,,,,,
25.76,5.388,19.499,-0.001,-0.044,0.002,0.002,,,,,,,,
25.78,5.8,20.376,0,-0.07,0.002,0,,,,,,,,
25.8,8.23,22,0.026,-0.111,0.003,-0.004,,,,,,,,
25.82,8.646,20.918,0.041,-0.076,0.003,-0.002,,,,,,,,
25.84,6.459,19.228,0.018,-0.025,0.003,-0.004,,,,,,,,
25.86,5.605,19.195,0.004,-0.029,0.003,-0.004,,,,,,,,
25.88,5.464,19.516,0,-0.038,0.003,-0.005,,,,,,,,
25.9,5.896,20.535,-0.001,-0.069,0.003,-0.007,,,,,,,,
25.92,5.765,20.14,0,-0.058,0.003,-0.007,,,,,,,,
25.94,3.439,18.707,-0.026,-0.021,0.002,-0.007,,,,,,,,
25.96,3.04,19.847,-0.041,-0.056,0.002,-0.011,,,,,,,,
25.98,4.843,20.705,-0.018,-0.08,0.002,-0.011,,,,,,,,
26,4.718,18.425,-0.004,-0.009,0.002,-0.009,,,,,,,,
26.02,4.397,17.101,0,0.033,0.002,-0.009,,,,,,,,
26.04,4.625,17.484,0.001,0.019,0.002,-0.009,,,,,,,,
26.06,3.369,18.539,-0.026,-0.021,0,-0.011,,,,,,,,
26.08,2.716,18.973,-0.041,-0.04,0,-0.011,,,,,,,,
26.1,3.852,18.407,-0.018,-0.019,0,-0.011,,,,,,,,
26.12,4.557,18.002,-0.004,-0.004,0,-0.011,,,,,,,,
26.14,4.387,16.89,0,0.027,0,-0.009,,,,,,,,
26.16,4.197,16.37,0.001,0.041,0,-0.009,,,,,,,,
26.18,4.502,17.011,0,0.018,0,-0.009,,,,,,,,
26.2,4.694,17.388,0,0.004,0,-0.009,,,,,,,,
26.22,4.754,17.455,0,0,0,-0.009,,,,,,,,
26.24,4.371,16.459,0,0.026,0,-0.007,,,,,,,,
26.26,4.16,15.928,0,0.04,0,-0.007,,,,,,,,
26.28,4.484,16.544,0,0.018,0,-0.007,,,,,,,,
26.3,4.688,16.904,0,0.004,0,-0.007,,,,,,,,
26.32,4.365,16.027,0,0.026,0,-0.005,,,,,,,,
26.34,4.165,15.515,0,0.04,0,-0.005,,,,,,,,
26.36,4.486,16.12,0,0.018,0,-0.005,,,,,,,,
26.38,6.501,16.704,0.026,0.004,0.002,-0.005,,,,,,,,
26.4,7.869,17.795,0.041,-0.027,0.002,-0.007,,,,,,,,
26.42,6.626,17.992,0.018,-0.041,0.002,-0.007,,,,,,,,
26.44,5.768,18.018,0.004,-0.045,0.002,-0.009,,,,,,,,
26.46,5.87,18.825,0,-0.071,0.002,-0.011,,,,,,,,
26.48,6.051,19.272,-0.001,-0.085,0.002,-0.012,,,,,,,,
26.5,5.75,18.478,0,-0.062,0.002,-0.012,,,,,,,,
26.52,5.569,18.063,0,-0.048,0.002,-0.014,,,,,,,,
26.54,6.288,19.707,0,-0.096,0.002,-0.018,,,,,,,,
26.56,6.314,19.671,0,-0.098,0.002,-0.018,,,,,,,,
26.58,5.849,18.686,0,-0.065,0.002,-0.019,,,,,,,,
26.6,5.981,18.981,0,-0.074,0.002,-0.021,,,,,,,,
26.62,6.122,19.294,0,-0.083,0.002,-0.023,,,,,,,,
26.64,6.183,19.435,0,-0.087,0.002,-0.024,,,,,,,,
26.66,5.812,18.545,0,-0.061,0.002,-0.024,,,,,,,,
26.68,4.184,18.817,-0.026,-0.073,0,-0.028,,,,,,,,
26.7,3.803,19.867,-0.041,-0.11,0,-0.03,,,,,,,,
26.72,4.753,18.862,-0.018,-0.075,0,-0.03,,,,,,,,
26.74,5.325,18.243,-0.004,-0.051,0,-0.031,,,,,,,,
26.76,5.882,18.871,0,-0.07,0,-0.033,,,,,,,,
26.78,5.716,18.374,0.001,-0.057,0,-0.033,,,,,,,,
26.8,5.553,18.089,0,-0.047,0,-0.035,,,,,,,,
26.82,5.487,17.888,0,-0.044,0,-0.035,,,,,,,,
26.84,5.48,17.891,0,-0.043,0,-0.037,,,,,,,,
26.86,5.872,18.736,0,-0.07,0,-0.038,,,,,,,,
26.88,5.699,18.265,0,-0.058,0,-0.038,,,,,,,,
26.9,5.169,17.026,0,-0.021,0,-0.038,,,,,,,,
26.92,5.296,17.3,0,-0.029,0,-0.04,,,,,,,,
26.94,5.438,17.504,0,-0.039,0,-0.04,,,,,,,,
26.96,5.503,17.641,0,-0.043,0,-0.042,,,,,,,,
26.98,5.515,17.564,0,-0.044,0,-0.042,,,,,,,,
27,5.518,17.569,0,-0.044,0,-0.044,,,,,,,,
27.02,5.904,18.393,0,-0.07,0,-0.045,,,,,,,,
27.04,5.727,17.908,0,-0.058,0,-0.045,,,,,,,,
27.06,5.582,17.594,0,-0.047,0,-0.047,,,,,,,,
27.08,5.528,17.37,0,-0.044,0,-0.047,,,,,,,,
27.1,5.525,17.359,0,-0.043,0,-0.049,,,,,,,,
27.12,5.917,18.193,0,-0.07,0,-0.051,,,,,,,,
27.14,5.744,17.713,0,-0.058,0,-0.051,,,,,,,,
27.16,5.601,17.399,0,-0.047,0,-0.052,,,,,,,,
27.18,5.547,17.172,0,-0.044,0,-0.052,,,,,,,,
27.2,5.932,18.091,0,-0.07,0,-0.056,,,,,,,,
27.22,6.142,18.43,0,-0.084,0,-0.056,,,,,,,,
27.24,5.824,17.738,0,-0.062,0,-0.058,,,,,,,,
27.26,6.008,18.124,0,-0.074,0,-0.059,,,,,,,,
27.28,6.157,18.431,0,-0.084,0,-0.061,,,,,,,,
27.3,6.213,18.542,0,-0.087,0,-0.063,,,,,,,,
27.32,6.226,18.558,0,-0.088,0,-0.065,,,,,,,,
27.34,6.228,18.551,0,-0.088,0,-0.066,,,,,,,,
27.36,4.03,17.375,-0.026,-0.061,-0.002,-0.066,,,,,,,,
27.38,2.911,16.822,-0.041,-0.047,-0.002,-0.068,,,,,,,,
27.4,4.699,17.692,-0.018,-0.069,-0.002,-0.07,,,,,,,,
27.42,5.823,18.237,-0.004,-0.083,-0.002,-0.072,,,,,,,,
27.44,6.175,18.405,0,-0.088,-0.002,-0.073,,,,,,,,
27.46,6.207,18.416,0.001,-0.088,-0.002,-0.075,,,,,,,,
27.48,5.79,17.461,0,-0.061,-0.002,-0.075,,,,,,,,
27.5,5.566,17.004,0,-0.047,-0.002,-0.077,,,,,,,,
27.52,5.891,17.697,0,-0.069,-0.002,-0.079,,,,,,,,
27.54,6.488,19.067,0,-0.11,-0.002,-0.082,,,,,,,,
27.56,6.376,18.707,0,-0.102,-0.002,-0.082,,,,,,,,
27.58,5.854,17.57,0,-0.066,-0.002,-0.084,,,,,,,,
27.6,5.974,17.811,0,-0.073,-0.002,-0.086,,,,,,,,
27.62,6.117,18.099,0,-0.083,-0.002,-0.087,,,,,,,,
27.64,6.179,18.216,0,-0.087,-0.002,-0.089,,,,,,,,
27.66,6.196,18.233,0,-0.088,-0.002,-0.091,,,,,,,,
27.68,6.199,18.222,0,-0.088,-0.002,-0.093,,,,,,,,
27.7,6.201,18.209,0,-0.087,-0.002,-0.094,,,,,,,,
27.72,6.205,18.198,0,-0.087,-0.002,-0.096,,,,,,,,
27.74,6.21,18.19,0,-0.087,-0.002,-0.098,,,,,,,,
27.76,5.827,17.247,0,-0.061,-0.002,-0.098,,,,,,,,
27.78,5.627,16.796,0,-0.047,-0.002,-0.1,,,,,,,,
27.8,5.959,17.487,0,-0.069,-0.002,-0.101,,,,,,,,
27.82,6.169,17.917,0,-0.083,-0.002,-0.103,,,,,,,,
27.84,6.238,18.043,0,-0.088,-0.002,-0.105,,,,,,,,
27.86,6.248,18.043,0,-0.088,-0.002,-0.107,,,,,,,,
27.88,4.434,17.781,-0.026,-0.088,-0.003,-0.108,,,,,,,,
27.9,3.129,16.718,-0.041,-0.061,-0.003,-0.108,,,,,,,,
27.92,4.77,17.366,-0.018,-0.073,-0.003,-0.112,,,,,,,,
27.94,5.833,17.668,-0.004,-0.083,-0.003,-0.112,,,,,,,,
27.96,5.794,16.986,0,-0.061,-0.003,-0.114,,,,,,,,
27.98,6.006,17.372,0.001,-0.074,-0.003,-0.115,,,,,,,,
28,6.128,17.668,0,-0.084,-0.003,-0.117,,,,,,,,
28.02,6.166,17.763,0,-0.087,-0.003,-0.119,,,,,,,,
28.04,6.56,18.697,0,-0.114,-0.003,-0.122,,,,,,,,
28.06,6.766,19.116,0,-0.128,-0.003,-0.124,,,,,,,,
28.08,5.666,16.526,0,-0.053,-0.003,-0.122,,,,,,,,
28.1,5.053,15.183,0,-0.01,-0.003,-0.124,,,,,,,,
28.12,5.648,16.431,0,-0.051,-0.003,-0.126,,,,,,,,
28.14,6.058,17.283,0,-0.079,-0.003,-0.127,,,,,,,,
28.16,6.197,17.552,0,-0.088,-0.003,-0.129,,,,,,,,
28.18,6.215,17.563,0,-0.089,-0.003,-0.131,,,,,,,,
28.2,6.208,17.52,0,-0.088,-0.003,-0.133,,,,,,,,
28.22,5.817,16.549,0,-0.061,-0.003,-0.133,,,,,,,,
28.24,5.613,16.081,0,-0.047,-0.003,-0.134,,,,,,,,
28.26,5.944,16.761,0,-0.069,-0.003,-0.136,,,,,,,,
28.28,6.154,17.18,0,-0.083,-0.003,-0.138,,,,,,,,
28.3,6.223,17.296,0,-0.088,-0.003,-0.14,,,,,,,,
28.32,4.419,17.048,-0.026,-0.088,-0.005,-0.141,,,,,,,,
28.34,3.5,16.905,-0.041,-0.088,-0.005,-0.143,,,,,,,,
28.36,4.955,17.044,-0.018,-0.087,-0.005,-0.145,,,,,,,,
28.38,6.259,18.06,-0.004,-0.114,-0.005,-0.148,,,,,,,,
28.4,6.365,17.578,0,-0.101,-0.005,-0.148,,,,,,,,
28.42,5.858,16.414,0.001,-0.065,-0.005,-0.15,,,,,,,,
28.44,5.956,16.648,0,-0.073,-0.005,-0.152,,,,,,,,
28.46,6.083,16.925,0,-0.083,-0.005,-0.154,,,,,,,,
28.48,6.14,17.026,0,-0.087,-0.005,-0.155,,,,,,,,
28.5,6.154,17.025,0,-0.088,-0.005,-0.157,,,,,,,,
28.52,6.157,16.995,0,-0.088,-0.005,-0.159,,,,,,,,
28.54,6.158,16.964,0,-0.087,-0.005,-0.161,,,,,,,,
28.56,6.161,16.935,0,-0.087,-0.005,-0.162,,,,,,,,
28.58,6.553,17.843,0,-0.114,-0.005,-0.166,,,,,,,,
28.6,6.763,18.259,0,-0.128,-0.005,-0.168,,,,,,,,
28.62,6.44,17.533,0,-0.105,-0.005,-0.169,,,,,,,,
28.64,6.239,17.066,0,-0.091,-0.005,-0.171,,,,,,,,
28.66,6.567,17.838,0,-0.113,-0.005,-0.175,,,,,,,,
28.68,6.385,17.308,0,-0.101,-0.005,-0.175,,,,,,,,
28.7,6.25,17.087,0,-0.091,-0.005,-0.178,,,,,,,,
28.72,6.586,17.772,0,-0.114,-0.005,-0.18,,,,,,,,
28.74,6.406,17.35,0,-0.101,-0.005,-0.182,,,,,,,,
28.76,6.263,17.009,0,-0.091,-0.005,-0.183,,,,,,,,
28.78,6.603,17.804,0,-0.114,-0.005,-0.187,,,,,,,,
28.8,6.418,17.269,0,-0.101,-0.005,-0.187,,,,,,,,
28.82,6.28,17.04,0,-0.091,-0.005,-0.19,,,,,,,,
28.84,6.615,17.721,0,-0.114,-0.005,-0.192,,,,,,,,
28.86,4.622,17.062,-0.026,-0.101,-0.007,-0.194,,,,,,,,
28.88,3.562,16.612,-0.041,-0.091,-0.007,-0.196,,,,,,,,
28.9,4.968,16.641,-0.018,-0.087,-0.007,-0.197,,,,,,,,
28.92,5.878,16.704,-0.004,-0.087,-0.007,-0.199,,,,,,,,
28.94,6.169,16.715,0,-0.087,-0.007,-0.201,,,,,,,,
28.96,6.585,17.629,0.001,-0.114,-0.007,-0.204,,,,,,,,
28.98,4.566,16.869,-0.026,-0.101,-0.009,-0.204,,,,,,,,
29,3.101,15.586,-0.041,-0.065,-0.009,-0.206,,,,,,,,
29.02,5.062,16.92,-0.018,-0.1,-0.009,-0.209,,,,,,,,
29.04,6.326,17.741,-0.004,-0.123,-0.009,-0.211,,,,,,,,
29.06,6.345,17.169,0,-0.105,-0.009,-0.213,,,,,,,,
29.08,5.789,15.79,0.001,-0.065,-0.009,-0.213,,,,,,,,
29.1,3.678,14.934,-0.026,-0.046,-0.01,-0.215,,,,,,,,
29.12,3.451,16.41,-0.041,-0.095,-0.01,-0.218,,,,,,,,
29.14,4.932,16.506,-0.018,-0.097,-0.01,-0.218,,,,,,,,
29.16,5.382,15.582,-0.004,-0.065,-0.01,-0.22,,,,,,,,
29.18,5.797,15.855,0,-0.074,-0.01,-0.222,,,,,,,,
29.2,5.957,16.113,0.001,-0.083,-0.01,-0.223,,,,,,,,
29.22,5.985,16.192,0,-0.087,-0.01,-0.225,,,,,,,,
29.24,5.979,16.176,0,-0.088,-0.01,-0.227,,,,,,,,
29.26,4.547,16.832,-0.026,-0.114,-0.012,-0.23,,,,,,,,
29.28,3.447,16.19,-0.041,-0.102,-0.012,-0.23,,,,,,,,
29.3,3.983,14.245,-0.018,-0.038,-0.012,-0.23,,,,,,,,
29.32,5.202,15.067,-0.004,-0.059,-0.012,-0.234,,,,,,,,
29.34,6.162,16.51,0,-0.105,-0.012,-0.236,,,,,,,,
29.36,6.123,16.34,0.001,-0.101,-0.012,-0.237,,,,,,,,
29.38,5.965,16.019,0,-0.092,-0.012,-0.239,,,,,,,,
29.4,6.275,16.782,0,-0.114,-0.012,-0.243,,,,,,,,
29.42,6.463,17.155,0,-0.128,-0.012,-0.244,,,,,,,,
29.44,5.75,15.484,0,-0.079,-0.012,-0.244,,,,,,,,
29.46,5.732,15.503,0,-0.077,-0.012,-0.248,,,,,,,,
29.48,6.204,16.473,0,-0.109,-0.012,-0.25,,,,,,,,
29.5,6.08,16.164,0,-0.101,-0.012,-0.251,,,,,,,,
29.52,6.334,16.769,0,-0.118,-0.012,-0.255,,,,,,,,
29.54,6.1,16.12,0,-0.102,-0.012,-0.255,,,,,,,,
29.56,5.946,15.851,0,-0.091,-0.012,-0.258,,,,,,,,
29.58,6.278,16.519,0,-0.113,-0.012,-0.26,,,,,,,,
29.6,6.097,16.088,0,-0.101,-0.012,-0.262,,,,,,,,
29.62,5.953,15.736,0,-0.091,-0.012,-0.264,,,,,,,,
29.64,5.903,15.584,0,-0.087,-0.012,-0.265,,,,,,,,
29.66,5.897,15.528,0,-0.087,-0.012,-0.267,,,,,,,,
29.68,6.29,16.429,0,-0.113,-0.012,-0.271,,,,,,,,
29.7,6.501,16.837,0,-0.128,-0.012,-0.272,,,,,,,,
29.72,6.177,16.098,0,-0.105,-0.012,-0.274,,,,,,,,
29.74,5.974,15.617,0,-0.091,-0.012,-0.276,,,,,,,,
29.76,5.912,15.439,0,-0.087,-0.012,-0.278,,,,,,,,
29.78,5.908,15.387,0,-0.086,-0.012,-0.279,,,,,,,,
29.8,5.917,15.359,0,-0.087,-0.012,-0.281,,,,,,,,
29.82,4.109,15.089,-0.026,-0.087,-0.014,-0.283,,,,,,,,
29.84,3.582,15.876,-0.041,-0.114,-0.014,-0.286,,,,,,,,
29.86,5.245,16.446,-0.018,-0.128,-0.014,-0.288,,,,,,,,
29.88,5.833,15.81,-0.004,-0.105,-0.014,-0.29,,,,,,,,
29.9,5.912,15.36,0,-0.091,-0.014,-0.292,,,,,,,,
29.92,5.872,15.182,0.001,-0.087,-0.014,-0.293,,,,,,,,
29.94,6.227,16.059,0,-0.113,-0.014,-0.297,,,,,,,,
29.96,6.422,16.47,0,-0.127,-0.014,-0.299,,,,,,,,
29.98,4.281,15.497,-0.026,-0.105,-0.016,-0.3,,,,,,,,
30,3.16,14.908,-0.041,-0.091,-0.016,-0.302,,,,,,,,
30.02,4.553,14.898,-0.018,-0.087,-0.016,-0.304,,,,,,,,
30.04,5.851,15.885,-0.004,-0.113,-0.016,-0.307,,,,,,,,
30.06,5.96,15.398,0,-0.101,-0.016,-0.307,,,,,,,,
30.08,5.841,15.16,0.001,-0.091,-0.016,-0.311,,,,,,,,
30.1,6.142,15.822,0,-0.114,-0.016,-0.312,,,,,,,,
30.12,5.938,15.384,0,-0.101,-0.016,-0.314,,,,,,,,
30.14,6.174,15.966,0,-0.117,-0.016,-0.318,,,,,,,,
30.16,5.94,15.325,0,-0.101,-0.016,-0.318,,,,,,,,
30.18,5.788,15.066,0,-0.091,-0.016,-0.321,,,,,,,,
30.2,4.695,16.439,-0.026,-0.14,-0.017,-0.325,,,,,,,,
30.22,3.414,15.416,-0.041,-0.115,-0.017,-0.325,,,,,,,,
30.24,4.579,15.034,-0.018,-0.095,-0.017,-0.328,,,,,,,,
30.26,5.38,14.767,-0.004,-0.087,-0.017,-0.328,,,,,,,,
30.28,5.652,14.85,0,-0.086,-0.017,-0.332,,,,,,,,
30.3,6.452,16.594,0.001,-0.139,-0.017,-0.335,,,,,,,,
30.32,6.458,16.639,0,-0.142,-0.017,-0.337,,,,,,,,
30.34,5.577,14.659,0,-0.083,-0.017,-0.337,,,,,,,,
30.36,5.492,14.567,0,-0.077,-0.017,-0.34,,,,,,,,
30.38,5.952,15.531,0,-0.109,-0.017,-0.342,,,,,,,,
30.4,6.217,16.178,0,-0.127,-0.017,-0.346,,,,,,,,
30.42,5.903,15.381,0,-0.105,-0.017,-0.346,,,,,,,,
30.44,5.704,15.037,0,-0.091,-0.017,-0.349,,,,,,,,
30.46,4.208,15.463,-0.026,-0.113,-0.019,-0.351,,,,,,,,
30.48,3.495,15.878,-0.041,-0.127,-0.019,-0.354,,,,,,,,
30.5,5.012,16.166,-0.018,-0.131,-0.019,-0.356,,,,,,,,
30.52,5.546,15.446,-0.004,-0.105,-0.019,-0.358,,,,,,,,
30.54,5.229,14.076,0,-0.064,-0.019,-0.358,,,,,,,,
30.56,5.372,14.427,0.001,-0.072,-0.019,-0.361,,,,,,,,
30.58,5.873,15.549,0,-0.109,-0.019,-0.363,,,,,,,,
30.6,5.739,15.29,0,-0.101,-0.019,-0.365,,,,,,,,
30.62,5.595,14.984,0,-0.092,-0.019,-0.367,,,,,,,,
30.64,5.924,15.785,0,-0.114,-0.019,-0.37,,,,,,,,
30.66,6.118,16.194,0,-0.127,-0.019,-0.372,,,,,,,,
30.68,5.792,15.491,0,-0.105,-0.019,-0.374,,,,,,,,
30.7,5.589,15.05,0,-0.091,-0.019,-0.375,,,,,,,,
30.72,5.526,14.911,0,-0.087,-0.019,-0.377,,,,,,,,
30.74,5.52,14.897,0,-0.086,-0.019,-0.379,,,,,,,,
30.76,5.525,14.907,0,-0.087,-0.019,-0.381,,,,,,,,
30.78,5.528,14.914,0,-0.087,-0.019,-0.382,,,,,,,,
30.8,5.528,14.915,0,-0.087,-0.019,-0.384,,,,,,,,
30.82,5.528,14.915,0,-0.087,-0.019,-0.386,,,,,,,,
30.84,5.526,14.915,0,-0.087,-0.019,-0.388,,,,,,,,
30.86,5.525,14.916,0,-0.087,-0.019,-0.389,,,,,,,,
30.88,5.524,14.918,0,-0.087,-0.019,-0.391,,,,,,,,
30.9,5.523,14.922,0,-0.087,-0.019,-0.393,,,,,,,,
30.92,5.522,14.926,0,-0.087,-0.019,-0.395,,,,,,,,
30.94,5.133,13.997,0,-0.061,-0.019,-0.395,,,,,,,,
30.96,4.926,13.56,0,-0.047,-0.019,-0.396,,,,,,,,
30.98,5.252,14.268,0,-0.069,-0.019,-0.398,,,,,,,,
31,5.456,14.715,0,-0.083,-0.019,-0.4,,,,,,,,
31.02,5.518,14.859,0,-0.088,-0.019,-0.401,,,,,,,,
31.04,5.134,13.945,0,-0.062,-0.019,-0.401,,,,,,,,
31.06,4.921,13.498,0,-0.047,-0.019,-0.403,,,,,,,,
31.08,5.242,14.2,0,-0.069,-0.019,-0.405,,,,,,,,
31.1,5.445,14.648,0,-0.083,-0.019,-0.407,,,,,,,,
31.12,5.12,13.862,0,-0.061,-0.019,-0.407,,,,,,,,
31.14,4.918,13.443,0,-0.047,-0.019,-0.408,,,,,,,,
31.16,4.85,13.209,0,-0.043,-0.019,-0.408,,,,,,,,
31.18,4.843,13.212,0,-0.043,-0.019,-0.41,,,,,,,,
31.2,5.232,14.06,0,-0.07,-0.019,-0.412,,,,,,,,
31.22,5.053,13.591,0,-0.058,-0.019,-0.412,,,,,,,,
31.24,4.903,13.287,0,-0.048,-0.019,-0.414,,,,,,,,
31.26,5.229,14.005,0,-0.07,-0.019,-0.415,,,,,,,,
31.28,5.038,13.511,0,-0.057,-0.019,-0.415,,,,,,,,
31.3,4.503,12.279,0,-0.021,-0.019,-0.415,,,,,,,,
31.32,4.626,12.563,0,-0.029,-0.019,-0.417,,,,,,,,
31.34,5.151,13.708,0,-0.066,-0.019,-0.419,,,,,,,,
31.36,5.414,14.294,0,-0.084,-0.019,-0.421,,,,,,,,
31.38,5.093,13.524,0,-0.062,-0.019,-0.421,,,,,,,,
31.4,4.884,13.099,0,-0.048,-0.019,-0.422,,,,,,,,
31.42,5.199,13.797,0,-0.07,-0.019,-0.424,,,,,,,,
31.44,5.01,13.313,0,-0.057,-0.019,-0.424,,,,,,,,
31.46,4.865,13.026,0,-0.047,-0.019,-0.426,,,,,,,,
31.48,5.196,13.76,0,-0.07,-0.019,-0.428,,,,,,,,
31.5,5.393,14.21,0,-0.084,-0.019,-0.429,,,,,,,,
31.52,5.064,13.428,0,-0.061,-0.019,-0.429,,,,,,,,
31.54,5.248,13.953,0,-0.074,-0.019,-0.433,,,,,,,,
31.56,5.385,14.173,0,-0.084,-0.019,-0.433,,,,,,,,
31.58,5.052,13.488,0,-0.061,-0.019,-0.435,,,,,,,,
31.6,5.235,13.91,0,-0.074,-0.019,-0.436,,,,,,,,
31.62,4.993,13.318,0,-0.057,-0.019,-0.436,,,,,,,,
31.64,5.225,13.951,0,-0.073,-0.019,-0.44,,,,,,,,
31.66,5.376,14.205,0,-0.084,-0.019,-0.44,,,,,,,,
31.68,5.044,13.524,0,-0.061,-0.019,-0.442,,,,,,,,
31.7,5.225,13.946,0,-0.074,-0.019,-0.443,,,,,,,,
31.72,4.981,13.356,0,-0.057,-0.019,-0.443,,,,,,,,
31.74,4.826,13.058,0,-0.047,-0.019,-0.445,,,,,,,,
31.76,5.159,13.807,0,-0.07,-0.019,-0.447,,,,,,,,
31.78,5.359,14.273,0,-0.084,-0.019,-0.449,,,,,,,,
31.8,5.419,14.438,0,-0.088,-0.019,-0.45,,,,,,,,
31.82,5.421,14.482,0,-0.088,-0.019,-0.452,,,,,,,,
31.84,5.025,13.571,0,-0.061,-0.019,-0.452,,,,,,,,
31.86,4.814,13.157,0,-0.047,-0.019,-0.454,,,,,,,,
31.88,5.138,13.893,0,-0.069,-0.019,-0.456,,,,,,,,
31.9,4.954,13.437,0,-0.057,-0.019,-0.456,,,,,,,,
31.92,4.811,13.171,0,-0.047,-0.019,-0.457,,,,,,,,
31.94,5.141,13.922,0,-0.07,-0.019,-0.459,,,,,,,,
31.96,4.951,13.454,0,-0.057,-0.019,-0.459,,,,,,,,
31.98,4.803,13.181,0,-0.047,-0.019,-0.461,,,,,,,,
32,5.132,13.931,0,-0.07,-0.019,-0.463,,,,,,,,
32.02,5.329,14.399,0,-0.084,-0.019,-0.464,,,,,,,,
32.04,5,13.636,0,-0.061,-0.019,-0.464,,,,,,,,
32.06,4.796,13.245,0,-0.047,-0.019,-0.466,,,,,,,,
32.08,4.727,13.042,0,-0.043,-0.019,-0.466,,,,,,,,
32.1,4.721,13.076,0,-0.043,-0.019,-0.468,,,,,,,,
32.12,4.721,13.022,0,-0.043,-0.019,-0.468,,,,,,,,
32.14,5.111,14.01,0,-0.07,-0.019,-0.471,,,,,,,,
32.16,5.313,14.389,0,-0.084,-0.019,-0.471,,,,,,,,
32.18,4.597,12.801,0,-0.035,-0.019,-0.471,,,,,,,,
32.2,4.567,12.787,0,-0.033,-0.019,-0.473,,,,,,,,
32.22,6.847,14.078,0.026,-0.066,-0.017,-0.475,,,,,,,,
32.24,8.02,14.785,0.041,-0.083,-0.017,-0.477,,,,,,,,
32.26,6.247,13.882,0.018,-0.062,-0.017,-0.477,,,,,,,,
32.28,4.74,12.453,0.004,-0.021,-0.017,-0.477,,,,,,,,
32.3,2.754,12.472,-0.027,-0.029,-0.019,-0.478,,,,,,,,
32.32,1.953,12.608,-0.041,-0.039,-0.019,-0.478,,,,,,,,
32.34,3.497,12.965,-0.018,-0.043,-0.019,-0.48,,,,,,,,
32.36,4.436,13.04,-0.004,-0.044,-0.019,-0.48,,,,,,,,
32.38,4.334,12.188,0,-0.018,-0.019,-0.48,,,,,,,,
32.4,4.529,12.615,0.001,-0.03,-0.019,-0.482,,,,,,,,
32.42,4.642,12.87,0,-0.04,-0.019,-0.482,,,,,,,,
32.44,4.676,13.039,0,-0.044,-0.019,-0.484,,,,,,,,
32.46,4.673,12.997,0,-0.044,-0.019,-0.484,,,,,,,,
32.48,4.28,12.109,0,-0.018,-0.019,-0.484,,,,,,,,
32.5,4.065,11.602,0,-0.003,-0.019,-0.484,,,,,,,,
32.52,4.389,12.354,0,-0.026,-0.019,-0.485,,,,,,,,
32.54,4.588,12.735,0,-0.04,-0.019,-0.485,,,,,,,,
32.56,4.263,11.993,0,-0.018,-0.019,-0.485,,,,,,,,
32.58,4.443,12.438,0,-0.03,-0.019,-0.487,,,,,,,,
32.6,4.581,12.688,0,-0.04,-0.019,-0.487,,,,,,,,
32.62,6.056,12.156,0.026,-0.017,-0.017,-0.487,,,,,,,,
32.64,6.768,11.78,0.041,-0.004,-0.017,-0.487,,,,,,,,
32.66,5.635,12.358,0.018,-0.026,-0.017,-0.489,,,,,,,,
32.68,4.918,12.629,0.004,-0.04,-0.017,-0.489,,,,,,,,
32.7,4.696,12.787,0,-0.044,-0.017,-0.49,,,,,,,,
32.72,4.673,12.74,-0.001,-0.044,-0.017,-0.49,,,,,,,,
32.74,4.307,11.853,0,-0.018,-0.017,-0.49,,,,,,,,
32.76,4.885,13.218,0,-0.056,-0.017,-0.494,,,,,,,,
32.78,5.24,13.926,0,-0.08,-0.017,-0.494,,,,,,,,
32.8,4.968,13.404,0,-0.062,-0.017,-0.496,,,,,,,,
32.82,5.152,13.864,0,-0.074,-0.017,-0.497,,,,,,,,
32.84,4.902,13.289,0,-0.058,-0.017,-0.497,,,,,,,,
32.86,2.93,12.776,-0.026,-0.047,-0.019,-0.499,,,,,,,,
32.88,1.957,12.51,-0.041,-0.043,-0.019,-0.499,,,,,,,,
32.9,3.406,12.734,-0.018,-0.043,-0.019,-0.501,,,,,,,,
32.92,4.319,12.802,-0.004,-0.043,-0.019,-0.501,,,,,,,,
32.94,4.604,12.905,0,-0.044,-0.019,-0.503,,,,,,,,
32.96,5.008,13.795,0.001,-0.07,-0.019,-0.504,,,,,,,,
32.98,4.796,13.365,0,-0.058,-0.019,-0.504,,,,,,,,
33,4.626,13.106,0,-0.048,-0.019,-0.506,,,,,,,,
33.02,4.946,13.874,0,-0.07,-0.019,-0.508,,,,,,,,
33.04,6.567,13.667,0.026,-0.057,-0.017,-0.508,,,,,,,,
33.06,7.337,13.528,0.041,-0.047,-0.017,-0.51,,,,,,,,
33.08,5.823,13.201,0.018,-0.044,-0.017,-0.51,,,,,,,,
33.1,4.902,13.147,0.004,-0.043,-0.017,-0.511,,,,,,,,
33.12,5.003,14.012,0,-0.07,-0.017,-0.513,,,,,,,,
33.14,4.802,13.593,-0.001,-0.058,-0.017,-0.513,,,,,,,,
33.16,4.68,13.348,0,-0.047,-0.017,-0.515,,,,,,,,
33.18,5.026,14.124,0,-0.07,-0.017,-0.517,,,,,,,,
33.2,4.84,13.687,0,-0.057,-0.017,-0.517,,,,,,,,
33.22,4.693,13.445,0,-0.047,-0.017,-0.518,,,,,,,,
33.24,4.635,13.293,0,-0.044,-0.017,-0.518,,,,,,,,
33.26,4.238,12.416,0,-0.017,-0.017,-0.518,,,,,,,,
33.28,2.604,12.64,-0.026,-0.029,-0.019,-0.52,,,,,,,,
33.3,1.834,12.821,-0.041,-0.04,-0.019,-0.52,,,,,,,,
33.32,2.956,12.252,-0.018,-0.017,-0.019,-0.52,,,,,,,,
33.34,4.054,12.831,-0.004,-0.03,-0.019,-0.522,,,,,,,,
33.36,4.477,13.14,0,-0.04,-0.019,-0.522,,,,,,,,
33.38,4.162,12.395,0.001,-0.017,-0.019,-0.522,,,,,,,,
33.4,4.316,12.861,0,-0.03,-0.019,-0.524,,,,,,,,
33.42,4.437,13.135,0,-0.04,-0.019,-0.524,,,,,,,,
33.44,4.094,12.388,0,-0.017,-0.019,-0.524,,,,,,,,
33.46,5.702,12.162,0.026,-0.004,-0.017,-0.524,,,,,,,,
33.48,6.554,12.104,0.041,0.001,-0.017,-0.524,,,,,,,,
33.5,5.089,11.889,0.018,0.001,-0.017,-0.524,,,,,,,,
33.52,4.177,11.759,0.004,0,-0.017,-0.524,,,,,,,,
33.54,3.891,11.697,0,0,-0.017,-0.524,,,,,,,,
33.56,3.865,11.66,-0.001,0,-0.017,-0.524,,,,,,,,
33.58,4.275,12.561,0,-0.026,-0.017,-0.525,,,,,,,,
33.6,4.494,12.968,0,-0.041,-0.017,-0.525,,,,,,,,
33.62,4.167,12.232,0,-0.018,-0.017,-0.525,,,,,,,,
33.64,3.956,11.756,0,-0.004,-0.017,-0.525,,,,,,,,
33.66,3.886,11.583,0,0,-0.017,-0.525,,,,,,,,
33.68,3.875,11.537,0,0.001,-0.017,-0.525,,,,,,,,
33.7,3.876,11.514,0,0,-0.017,-0.525,,,,,,,,
33.72,4.262,12.422,0,-0.026,-0.017,-0.527,,,,,,,,
33.74,2.65,12.594,-0.026,-0.041,-0.019,-0.527,,,,,,,,
33.76,1.4,11.75,-0.041,-0.018,-0.019,-0.527,,,,,,,,
33.78,2.643,11.445,-0.018,-0.004,-0.019,-0.527,,,,,,,,
33.8,3.487,11.38,-0.004,0,-0.019,-0.527,,,,,,,,
33.82,4.147,12.302,0,-0.026,-0.019,-0.529,,,,,,,,
33.84,4.375,12.725,0.001,-0.04,-0.019,-0.529,,,,,,,,
33.86,4.017,11.995,0,-0.018,-0.019,-0.529,,,,,,,,
33.88,4.175,12.456,0,-0.03,-0.019,-0.531,,,,,,,,
33.9,6.119,12.963,0.026,-0.04,-0.017,-0.531,,,,,,,,
33.92,7.085,13.26,0.041,-0.044,-0.017,-0.532,,,,,,,,
33.94,5.631,13.072,0.018,-0.044,-0.017,-0.532,,,,,,,,
33.96,4.326,12.104,0.004,-0.018,-0.017,-0.532,,,,,,,,
33.98,4.215,12.525,0,-0.03,-0.017,-0.534,,,,,,,,
34,4.336,12.811,-0.001,-0.04,-0.017,-0.534,,,,,,,,
34.02,4.419,13.014,0,-0.044,-0.017,-0.536,,,,,,,,
34.04,4.44,13.004,0,-0.044,-0.017,-0.536,,,,,,,,
34.06,4.441,13.08,0,-0.044,-0.017,-0.538,,,,,,,,
34.08,4.433,13.045,0,-0.044,-0.017,-0.538,,,,,,,,
34.1,4.43,13.126,0,-0.044,-0.017,-0.539,,,,,,,,
34.12,4.423,13.097,0,-0.044,-0.017,-0.539,,,,,,,,
34.14,4.035,12.248,0,-0.017,-0.017,-0.539,,,,,,,,
34.16,4.21,12.712,0,-0.029,-0.017,-0.541,,,,,,,,
34.18,4.742,13.94,0,-0.066,-0.017,-0.543,,,,,,,,
34.2,4.614,13.653,0,-0.058,-0.017,-0.543,,,,,,,,
34.22,4.084,12.502,0,-0.022,-0.017,-0.543,,,,,,,,
34.24,4.201,12.842,0,-0.03,-0.017,-0.545,,,,,,,,
34.26,2.521,12.877,-0.026,-0.039,-0.019,-0.545,,,,,,,,
34.28,1.272,12.045,-0.041,-0.017,-0.019,-0.545,,,,,,,,
34.3,2.913,12.707,-0.018,-0.03,-0.019,-0.546,,,,,,,,
34.32,3.968,13.106,-0.004,-0.04,-0.019,-0.546,,,,,,,,
34.34,3.915,12.405,0,-0.017,-0.019,-0.546,,,,,,,,
34.36,5.545,12.194,0.027,-0.004,-0.017,-0.546,,,,,,,,
34.38,6.755,13.079,0.041,-0.026,-0.017,-0.548,,,,,,,,
34.4,5.477,13.316,0.018,-0.04,-0.017,-0.548,,,,,,,,
34.42,4.231,12.498,0.004,-0.018,-0.017,-0.548,,,,,,,,
34.44,3.74,12.01,0,-0.004,-0.017,-0.548,,,,,,,,
34.46,3.65,11.85,-0.001,0,-0.017,-0.548,,,,,,,,
34.48,3.669,11.819,0,0.001,-0.017,-0.548,,,,,,,,
34.5,4.075,12.745,0,-0.026,-0.017,-0.55,,,,,,,,
34.52,4.285,13.174,0,-0.041,-0.017,-0.55,,,,,,,,
34.54,3.954,12.453,0,-0.018,-0.017,-0.55,,,,,,,,
34.56,3.743,11.99,0,-0.004,-0.017,-0.55,,,,,,,,
34.58,3.673,11.831,0,0,-0.017,-0.55,,,,,,,,
34.6,3.661,11.797,0,0.001,-0.017,-0.55,,,,,,,,
34.62,4.05,12.723,0,-0.026,-0.017,-0.552,,,,,,,,
34.64,4.254,13.151,0,-0.041,-0.017,-0.552,,,,,,,,
34.66,3.922,12.432,0,-0.018,-0.017,-0.552,,,,,,,,
34.68,3.711,11.97,0,-0.004,-0.017,-0.552,,,,,,,,
34.7,3.641,11.812,0,0,-0.017,-0.552,,,,,,,,
34.72,3.63,11.779,0,0.001,-0.017,-0.552,,,,,,,,
34.74,3.631,11.771,0,0,-0.017,-0.552,,,,,,,,
34.76,3.629,11.758,0,0,-0.017,-0.552,,,,,,,,
34.78,4.012,12.674,0,-0.026,-0.017,-0.553,,,,,,,,
34.8,4.212,13.095,0,-0.041,-0.017,-0.553,,,,,,,,
34.82,3.879,12.373,0,-0.018,-0.017,-0.553,,,,,,,,
34.84,3.668,11.912,0,-0.004,-0.017,-0.553,,,,,,,,
34.86,3.598,11.754,0,0,-0.017,-0.553,,,,,,,,
34.88,3.975,12.657,0,-0.026,-0.017,-0.555,,,,,,,,
34.9,4.181,13.093,0,-0.04,-0.017,-0.555,,,,,,,,
34.92,3.853,12.381,0,-0.018,-0.017,-0.555,,,,,,,,
34.94,3.643,11.924,0,-0.004,-0.017,-0.555,,,,,,,,
34.96,3.573,11.768,0,0,-0.017,-0.555,,,,,,,,
34.98,3.562,11.737,0,0.001,-0.017,-0.555,,,,,,,,
35,3.563,11.731,0,0,-0.017,-0.555,,,,,,,,
35.02,3.561,11.72,0,0,-0.017,-0.555,,,,,,,,
35.04,3.944,12.637,0,-0.026,-0.017,-0.557,,,,,,,,
35.06,4.144,13.06,0,-0.041,-0.017,-0.557,,,,,,,,
35.08,3.811,12.34,0,-0.018,-0.017,-0.557,,,,,,,,
35.1,3.6,11.881,0,-0.004,-0.017,-0.557,,,,,,,,
35.12,3.53,11.726,0,0,-0.017,-0.557,,,,,,,,
35.14,3.519,11.696,0,0.001,-0.017,-0.557,,,,,,,,
35.16,3.52,11.691,0,0,-0.017,-0.557,,,,,,,,
35.18,3.518,11.681,0,0,-0.017,-0.557,,,,,,,,
35.2,3.513,11.665,0,0,-0.017,-0.557,,,,,,,,
35.22,3.507,11.647,0,0,-0.017,-0.557,,,,,,,,
35.24,3.889,12.562,0,-0.026,-0.017,-0.559,,,,,,,,
35.26,4.089,12.985,0,-0.041,-0.017,-0.559,,,,,,,,
35.28,3.756,12.266,0,-0.018,-0.017,-0.559,,,,,,,,
35.3,3.544,11.808,0,-0.004,-0.017,-0.559,,,,,,,,
35.32,3.475,11.654,0,0,-0.017,-0.559,,,,,,,,
35.34,3.464,11.625,0,0.001,-0.017,-0.559,,,,,,,,
35.36,3.464,11.621,0,0,-0.017,-0.559,,,,,,,,
35.38,3.463,11.612,0,0,-0.017,-0.559,,,,,,,,
35.4,3.458,11.597,0,0,-0.017,-0.559,,,,,,,,
35.42,3.84,12.514,0,-0.026,-0.017,-0.56,,,,,,,,
35.44,4.039,12.938,0,-0.041,-0.017,-0.56,,,,,,,,
35.46,3.706,12.22,0,-0.018,-0.017,-0.56,,,,,,,,
35.48,3.495,11.763,0,-0.004,-0.017,-0.56,,,,,,,,
35.5,3.426,11.609,0,0,-0.017,-0.56,,,,,,,,
35.52,3.415,11.582,0,0.001,-0.017,-0.56,,,,,,,,
35.54,3.415,11.579,0,0,-0.017,-0.56,,,,,,,,
35.56,3.801,12.505,0,-0.026,-0.017,-0.562,,,,,,,,
35.58,4.002,12.933,0,-0.041,-0.017,-0.562,,,,,,,,
35.6,3.669,12.217,0,-0.018,-0.017,-0.562,,,,,,,,
35.62,3.458,11.76,0,-0.004,-0.017,-0.562,,,,,,,,
35.64,3.388,11.608,0,0,-0.017,-0.562,,,,,,,,
35.66,3.377,11.581,0,0.001,-0.017,-0.562,,,,,,,,
35.68,3.378,11.579,0,0,-0.017,-0.562,,,,,,,,
35.7,3.764,12.506,0,-0.026,-0.017,-0.564,,,,,,,,
35.72,3.965,12.935,0,-0.041,-0.017,-0.564,,,,,,,,
35.74,3.632,12.219,0,-0.018,-0.017,-0.564,,,,,,,,
35.76,3.421,11.764,0,-0.004,-0.017,-0.564,,,,,,,,
35.78,3.351,11.612,0,0,-0.017,-0.564,,,,,,,,
35.8,3.34,11.587,0,0.001,-0.017,-0.564,,,,,,,,
35.82,3.34,11.585,0,0,-0.017,-0.564,,,,,,,,
35.84,3.338,11.579,0,0,-0.017,-0.564,,,,,,,,
35.86,3.334,11.567,0,0,-0.017,-0.564,,,,,,,,
35.88,3.328,11.552,0,0,-0.017,-0.564,,,,,,,,
35.9,3.322,11.537,0,0,-0.017,-0.564,,,,,,,,
35.92,3.703,12.456,0,-0.026,-0.017,-0.566,,,,,,,,
35.94,3.903,12.883,0,-0.041,-0.017,-0.566,,,,,,,,
35.96,3.57,12.168,0,-0.018,-0.017,-0.566,,,,,,,,
35.98,3.359,11.714,0,-0.004,-0.017,-0.566,,,,,,,,
36,3.289,11.563,0,0,-0.017,-0.566,,,,,,,,
36.02,3.666,12.473,0,-0.026,-0.017,-0.567,,,,,,,,
36.04,3.872,12.915,0,-0.04,-0.017,-0.567,,,,,,,,
36.06,3.544,12.21,0,-0.018,-0.017,-0.567,,,,,,,,
36.08,3.334,11.76,0,-0.004,-0.017,-0.567,,,,,,,,
36.1,3.264,11.61,0,0,-0.017,-0.567,,,,,,,,
36.12,3.641,12.52,0,-0.026,-0.017,-0.569,,,,,,,,
36.14,3.847,12.963,0,-0.04,-0.017,-0.569,,,,,,,,
36.16,3.518,12.259,0,-0.018,-0.017,-0.569,,,,,,,,
36.18,3.308,11.81,0,-0.004,-0.017,-0.569,,,,,,,,
36.2,3.239,11.661,0,0,-0.017,-0.569,,,,,,,,
36.22,3.227,11.638,0,0.001,-0.017,-0.569,,,,,,,,
36.24,3.615,12.574,0,-0.026,-0.017,-0.571,,,,,,,,
36.26,3.819,13.013,0,-0.041,-0.017,-0.571,,,,,,,,
36.28,3.488,12.304,0,-0.018,-0.017,-0.571,,,,,,,,
36.3,3.277,11.853,0,-0.004,-0.017,-0.571,,,,,,,,
36.32,3.207,11.705,0,0,-0.017,-0.571,,,,,,,,
36.34,3.196,11.683,0,0.001,-0.017,-0.571,,,,,,,,
36.36,3.196,11.685,0,0,-0.017,-0.571,,,,,,,,
36.38,3.194,11.683,0,0,-0.017,-0.571,,,,,,,,
36.4,3.189,11.674,0,0,-0.017,-0.571,,,,,,,,
36.42,3.184,11.663,0,0,-0.017,-0.571,,,,,,,,
36.44,3.177,11.652,0,0,-0.017,-0.571,,,,,,,,
36.46,3.171,11.64,0,0,-0.017,-0.571,,,,,,,,
36.48,3.165,11.629,0,0,-0.017,-0.571,,,,,,,,
36.5,3.159,11.618,0,0,-0.017,-0.571,,,,,,,,
36.52,3.153,11.607,0,0,-0.017,-0.571,,,,,,,,
36.54,3.535,12.53,0,-0.026,-0.017,-0.573,,,,,,,,
36.56,3.735,12.961,0,-0.041,-0.017,-0.573,,,,,,,,
36.58,3.402,12.25,0,-0.018,-0.017,-0.573,,,,,,,,
36.6,3.19,11.799,0,-0.004,-0.017,-0.573,,,,,,,,
36.62,3.121,11.652,0,0,-0.017,-0.573,,,,,,,,
36.64,3.11,11.632,0,0.001,-0.017,-0.573,,,,,,,,
36.66,3.11,11.635,0,0,-0.017,-0.573,,,,,,,,
36.68,3.108,11.634,0,0,-0.017,-0.573,,,,,,,,
36.7,3.103,11.626,0,0,-0.017,-0.573,,,,,,,,
36.72,3.097,11.616,0,0,-0.017,-0.573,,,,,,,,
36.74,3.091,11.606,0,0,-0.017,-0.573,,,,,,,,
36.76,3.085,11.595,0,0,-0.017,-0.573,,,,,,,,
36.78,3.079,11.585,0,0,-0.017,-0.573,,,,,,,,
36.8,3.461,12.509,0,-0.026,-0.017,-0.574,,,,,,,,
36.82,3.661,12.941,0,-0.041,-0.017,-0.574,,,,,,,,
36.84,3.328,12.231,0,-0.018,-0.017,-0.574,,,,,,,,
36.86,3.116,11.781,0,-0.004,-0.017,-0.574,,,,,,,,
36.88,3.046,11.635,0,0,-0.017,-0.574,,,,,,,,
36.9,3.036,11.616,0,0.001,-0.017,-0.574,,,,,,,,
36.92,3.036,11.62,0,0,-0.017,-0.574,,,,,,,,
36.94,3.422,12.554,0,-0.026,-0.017,-0.576,,,,,,,,
36.96,3.623,12.99,0,-0.041,-0.017,-0.576,,,,,,,,
36.98,3.29,12.281,0,-0.018,-0.017,-0.576,,,,,,,,
37,3.079,11.832,0,-0.004,-0.017,-0.576,,,,,,,,
37.02,3.009,11.687,0,0,-0.017,-0.576,,,,,,,,
37.04,2.998,11.668,0,0.001,-0.017,-0.576,,,,,,,,
37.06,2.998,11.673,0,0,-0.017,-0.576,,,,,,,,
37.08,2.996,11.674,0,0,-0.017,-0.576,,,,,,,,
37.1,2.991,11.668,0,0,-0.017,-0.576,,,,,,,,
37.12,2.985,11.66,0,0,-0.017,-0.576,,,,,,,,
37.14,2.979,11.651,0,0,-0.017,-0.576,,,,,,,,
37.16,2.973,11.643,0,0,-0.017,-0.576,,,,,,,,
37.18,3.355,12.569,0,-0.026,-0.017,-0.578,,,,,,,,
37.2,3.554,13.003,0,-0.041,-0.017,-0.578,,,,,,,,
37.22,3.221,12.294,0,-0.018,-0.017,-0.578,,,,,,,,
37.24,3.01,11.847,0,-0.004,-0.017,-0.578,,,,,,,,
37.26,2.94,11.703,0,0,-0.017,-0.578,,,,,,,,
37.28,2.929,11.685,0,0.001,-0.017,-0.578,,,,,,,,
37.3,2.93,11.691,0,0,-0.017,-0.578,,,,,,,,
37.32,2.928,11.693,0,0,-0.017,-0.578,,,,,,,,
37.34,2.923,11.688,0,0,-0.017,-0.578,,,,,,,,
37.36,2.917,11.681,0,0,-0.017,-0.578,,,,,,,,
37.38,2.911,11.673,0,0,-0.017,-0.578,,,,,,,,
37.4,2.905,11.666,0,0,-0.017,-0.578,,,,,,,,
37.42,2.899,11.658,0,0,-0.017,-0.578,,,,,,,,
37.44,2.893,11.651,0,0,-0.017,-0.578,,,,,,,,
37.46,2.886,11.643,0,0,-0.017,-0.578,,,,,,,,
37.48,2.88,11.636,0,0,-0.017,-0.578,,,,,,,,
37.5,2.874,11.628,0,0,-0.017,-0.578,,,,,,,,
37.52,2.868,11.621,0,0,-0.017,-0.578,,,,,,,,
37.54,2.862,11.613,0,0,-0.017,-0.578,,,,,,,,
37.56,2.856,11.606,0,0,-0.017,-0.578,,,,,,,,
37.58,2.85,11.599,0,0,-0.017,-0.578,,,,,,,,
37.6,2.844,11.591,0,0,-0.017,-0.578,,,,,,,,
37.62,2.838,11.584,0,0,-0.017,-0.578,,,,,,,,
37.64,2.832,11.576,0,0,-0.017,-0.578,,,,,,,,
37.66,2.826,11.569,0,0,-0.017,-0.578,,,,,,,,
37.68,2.82,11.561,0,0,-0.017,-0.578,,,,,,,,
37.7,2.814,11.554,0,0,-0.017,-0.578,,,,,,,,
37.72,2.807,11.546,0,0,-0.017,-0.578,,,,,,,,
37.74,2.801,11.539,0,0,-0.017,-0.578,,,,,,,,
37.76,2.795,11.531,0,0,-0.017,-0.578,,,,,,,,
37.78,2.789,11.524,0,0,-0.017,-0.578,,,,,,,,
37.8,2.783,11.517,0,0,-0.017,-0.578,,,,,,,,
37.82,2.777,11.509,0,0,-0.017,-0.578,,,,,,,,
37.84,2.771,11.502,0,0,-0.017,-0.578,,,,,,,,
37.86,2.765,11.494,0,0,-0.017,-0.578,,,,,,,,
37.88,2.759,11.487,0,0,-0.017,-0.578,,,,,,,,
37.9,2.753,11.479,0,0,-0.017,-0.578,,,,,,,,
37.92,2.747,11.472,0,0,-0.017,-0.578,,,,,,,,
37.94,2.741,11.464,0,0,-0.017,-0.578,,,,,,,,
37.96,2.734,11.457,0,0,-0.017,-0.578,,,,,,,,
37.98,3.116,12.384,0,-0.026,-0.017,-0.58,,,,,,,,
38,3.316,12.819,0,-0.041,-0.017,-0.58,,,,,,,,
38.02,2.983,12.111,0,-0.018,-0.017,-0.58,,,,,,,,
38.04,2.772,11.665,0,-0.004,-0.017,-0.58,,,,,,,,
38.06,2.702,11.522,0,0,-0.017,-0.58,,,,,,,,
38.08,2.691,11.505,0,0.001,-0.017,-0.58,,,,,,,,
38.1,2.691,11.512,0,0,-0.017,-0.58,,,,,,,,
38.12,2.689,11.515,0,0,-0.017,-0.58,,,,,,,,
38.14,2.684,11.511,0,0,-0.017,-0.58,,,,,,,,
38.16,4.492,11.741,0.026,0,-0.016,-0.58,,,,,,,,
38.18,5.403,11.843,0.041,0,-0.016,-0.58,,,,,,,,
38.2,3.942,11.666,0.018,0,-0.016,-0.58,,,,,,,,
38.22,3.023,11.552,0.004,0,-0.016,-0.58,,,,,,,,
38.24,2.734,11.513,0,0,-0.016,-0.58,,,,,,,,
38.26,0.893,11.268,-0.027,0,-0.017,-0.58,,,,,,,,
38.28,-0.001,11.157,-0.041,0,-0.017,-0.58,,,,,,,,
38.3,1.467,11.323,-0.018,0,-0.017,-0.58,,,,,,,,
38.32,2.38,11.425,-0.004,0,-0.017,-0.58,,,,,,,,
38.34,2.658,11.452,0,0,-0.017,-0.58,,,,,,,,
38.36,2.673,11.448,0.001,0,-0.017,-0.58,,,,,,,,
38.38,2.638,11.438,0,0,-0.017,-0.58,,,,,,,,
38.4,2.614,11.429,0,0,-0.017,-0.58,,,,,,,,
38.42,2.602,11.422,0,0,-0.017,-0.58,,,,,,,,
38.44,2.595,11.415,0,0,-0.017,-0.58,,,,,,,,
38.46,2.589,11.409,0,0,-0.017,-0.58,,,,,,,,
38.48,2.584,11.402,0,0,-0.017,-0.58,,,,,,,,
38.5,2.578,11.396,0,0,-0.017,-0.58,,,,,,,,
38.52,4.385,11.626,0.026,0,-0.016,-0.58,,,,,,,,
38.54,5.296,11.728,0.041,0,-0.016,-0.58,,,,,,,,
38.56,3.835,11.551,0.018,0,-0.016,-0.58,,,,,,,,
38.58,2.916,11.438,0.004,0,-0.016,-0.58,,,,,,,,
38.6,2.627,11.398,0,0,-0.016,-0.58,,,,,,,,
38.62,2.6,11.39,-0.001,0,-0.016,-0.58,,,,,,,,
38.64,2.623,11.387,0,0,-0.016,-0.58,,,,,,,,
38.66,2.636,11.383,0,0,-0.016,-0.58,,,,,,,,
38.68,2.636,11.378,0,0,-0.016,-0.58,,,,,,,,
38.7,0.818,11.135,-0.026,0,-0.017,-0.58,,,,,,,,
38.72,-0.105,11.021,-0.041,0,-0.017,-0.58,,,,,,,,
38.74,1.344,11.185,-0.018,0,-0.017,-0.58,,,,,,,,
38.76,2.251,11.286,-0.004,0,-0.017,-0.58,,,,,,,,
38.78,2.529,11.313,0,0,-0.017,-0.58,,,,,,,,
38.8,2.545,11.309,0.001,0,-0.017,-0.58,,,,,,,,
38.82,2.51,11.299,0,0,-0.017,-0.58,,,,,,,,
38.84,2.485,11.29,0,0,-0.017,-0.58,,,,,,,,
38.86,2.473,11.283,0,0,-0.017,-0.58,,,,,,,,
38.88,4.28,11.513,0.026,0,-0.016,-0.58,,,,,,,,
38.9,5.192,11.615,0.041,0,-0.016,-0.58,,,,,,,,
38.92,3.731,11.438,0.018,0,-0.016,-0.58,,,,,,,,
38.94,2.812,11.325,0.004,0,-0.016,-0.58,,,,,,,,
