Tiempo ,PITCH,YAW,E_YAW,E_PITCH
-0.4,0.0,0.0,0.0,0.0
-0.38,0.0,0.0,0.0,0.0
-0.36,0.0,0.0,0.0,0.0
-0.34,0.0,0.0,0.0,0.0
-0.32,0.0,0.0,0.0,0.0
-0.3,0.0,0.0,0.0,0.0
-0.28,0.0,0.0,0.0,0.0
-0.26,0.0,0.0,0.0,0.0
-0.24,0.0,0.0,0.0,0.0
-0.22,0.0,0.0,0.0,0.0
-0.2,0.0,0.0,0.0,0.0
-0.18,0.0,0.0,0.0,0.0
-0.16,0.0,0.0,0.0,0.0
-0.14,0.0,0.0,0.0,0.0
-0.12,0.0,0.0,0.0,0.0
-0.1,0.0,0.0,0.0,0.0
-0.08,0.0,0.0,0.0,0.0
-0.06,0.0,0.0,0.0,0.0
-0.04,0.0,0.0,0.0,0.0
-0.02,0.0,0.0,0.0,0.0
0.0,0.0,0.0,0.0,0.0
0.02,0.0,0.0,0.0,0.0
0.04,0.0,0.0,6.0,0.0
0.06,0.0,0.0,6.0,0.0
0.08,0.0,0.0,6.0,0.0
0.1,0.0,0.0,6.0,0.0
0.12,0.0,0.0,6.0,0.0
0.14,0.0,0.0,6.0,0.0
0.16,0.0,0.0,6.0,0.0
0.18,0.0,0.0,6.0,0.0
0.2,0.0,0.0,6.0,0.0
0.22,0.0,0.0,6.0,0.0
0.24,0.0,0.0,6.0,0.0
0.26,0.0,0.0,6.0,0.0
0.28,0.0,-0.002,6.0,0.0
0.3,0.0,-0.002,6.0,0.0
0.32,0.0,-0.002,6.0,0.0
0.34,0.0,-0.002,6.0,0.0
0.36,0.0,-0.002,6.0,0.0
0.38,0.0,-0.002,6.0,0.0
0.4,0.0,-0.003,6.0,0.0
0.42,0.0,-0.003,6.0,0.0
0.44,0.0,-0.003,6.0,0.0
0.46,0.0,-0.003,6.0,0.0
0.48,0.0,-0.005,6.0,0.0
0.5,0.0,-0.005,6.0,0.0
0.52,0.0,-0.005,6.0,0.0
0.54,0.0,-0.007,6.0,0.0
0.56,0.0,-0.007,6.0,0.0
0.58,0.0,-0.009,6.0,0.0
0.6,0.0,-0.009,6.0,0.0
0.62,0.0,-0.01,6.0,0.0
0.64,0.0,-0.01,6.0,0.0
0.66,0.0,-0.012,6.0,0.0
0.68,0.0,-0.014,6.0,0.0
0.7,0.0,-0.014,6.0,0.0
0.72,0.0,-0.016,6.0,0.0
0.74,0.0,-0.017,6.0,0.0
0.76,0.0,-0.019,6.0,0.0
0.78,0.0,-0.021,6.0,0.0
0.8,0.0,-0.023,6.0,0.0
0.82,0.0,-0.024,6.0,0.0
0.84,0.0,-0.026,6.0,0.0
0.86,0.0,-0.028,6.0,0.0
0.88,0.0,-0.03,6.0,0.0
0.9,0.0,-0.033,6.0,0.0
0.92,0.0,-0.035,6.0,0.0
0.94,0.0,-0.038,6.0,0.0
0.96,0.0,-0.04,6.0,0.0
0.98,0.0,-0.044,6.0,0.0
1.0,0.0,-0.045,6.0,0.0
1.02,0.0,-0.049,6.0,0.0
1.04,0.0,-0.052,6.0,0.0
1.06,0.0,-0.054,6.0,0.0
1.08,0.0,-0.058,6.0,0.0
1.1,0.002,-0.061,6.0,0.0
1.12,0.002,-0.065,6.0,0.0
1.14,0.019,-0.068,6.0,0.0
1.16,0.019,-0.073,6.0,0.0
1.18,0.003,-0.077,6.0,0.0
1.2,0.003,-0.08,6.0,0.0
1.22,0.003,-0.084,6.0,0.0
1.24,0.003,-0.089,6.0,0.0
1.26,0.003,-0.093,6.0,0.0
1.28,0.003,-0.098,6.0,0.0
1.3,0.003,-0.101,6.0,0.0
1.32,0.003,-0.106,6.0,0.0
1.34,0.003,-0.112,6.0,0.0
1.36,0.0,-0.117,6.0,0.0
1.38,0.0,-0.122,6.0,0.0
1.4,0.002,-0.127,6.0,0.0
1.42,0.003,-0.133,6.0,0.0
1.44,0.003,-0.138,6.0,0.0
1.46,0.003,-0.143,6.0,0.0
1.48,0.003,-0.148,6.0,0.0
1.5,0.003,-0.155,6.0,0.0
1.52,0.003,-0.161,6.0,0.0
1.54,0.002,-0.166,6.0,0.0
1.56,0.002,-0.173,6.0,0.0
1.58,0.002,-0.18,6.0,0.0
1.6,0.002,-0.185,6.0,0.0
1.62,0.0,-0.192,6.0,0.0
1.64,0.0,-0.199,6.0,0.0
1.66,0.0,-0.206,6.0,0.0
1.68,0.0,-0.213,6.0,0.0
1.7,0.0,-0.22,6.0,0.0
1.72,0.0,-0.227,6.0,0.0
1.74,0.0,-0.234,6.0,0.0
1.76,0.002,-0.241,6.0,0.0
1.78,0.002,-0.25,6.0,0.0
1.8,0.0,-0.257,6.0,0.0
1.82,0.0,-0.265,6.0,0.0
1.84,0.0,-0.272,6.0,0.0
1.86,0.0,-0.281,6.0,0.0
1.88,0.0,-0.29,6.0,0.0
1.9,0.0,-0.298,6.0,0.0
1.92,0.0,-0.305,6.0,0.0
1.94,0.0,-0.314,6.0,0.0
1.96,0.0,-0.323,6.0,0.0
1.98,0.0,-0.333,6.0,0.0
2.0,0.0,-0.342,6.0,0.0
2.02,0.0,-0.351,6.0,0.0
2.04,0.0,-0.36,6.0,0.0
2.06,0.0,-0.37,6.0,0.0
2.08,0.0,-0.379,6.0,0.0
2.1,0.0,-0.389,6.0,0.0
2.12,0.0,-0.398,6.0,0.0
2.14,0.0,-0.408,6.0,0.0
2.16,0.0,-0.419,6.0,0.0
2.18,0.0,-0.429,6.0,0.0
2.2,0.0,-0.44,6.0,0.0
2.22,0.0,-0.45,6.0,0.0
2.24,0.0,-0.461,6.0,0.0
2.26,0.0,-0.471,6.0,0.0
2.28,0.0,-0.482,6.0,0.0
2.3,0.0,-0.494,6.0,0.0
2.32,0.0,-0.504,6.0,0.0
2.34,0.0,-0.517,6.0,0.0
2.36,0.0,-0.527,6.0,0.0
2.38,0.0,-0.539,6.0,0.0
2.4,0.0,-0.552,6.0,0.0
2.42,0.0,-0.564,6.0,0.0
2.44,0.0,-0.574,6.0,0.0
2.46,0.0,-0.586,6.0,0.0
2.48,0.0,-0.6,6.0,0.0
2.5,0.0,-0.613,6.0,0.0
2.52,0.0,-0.625,6.0,0.0
2.54,0.0,-0.637,6.0,0.0
2.56,0.0,-0.649,6.0,0.0
2.58,0.0,-0.663,6.0,0.0
2.6,0.0,-0.675,6.0,0.0
2.62,0.0,-0.689,6.0,0.0
2.64,0.0,-0.702,6.0,0.0
2.66,0.0,-0.716,6.0,0.0
2.68,0.0,-0.73,6.0,0.0
2.7,0.0,-0.744,6.0,0.0
2.72,0.0,-0.757,6.0,0.0
2.74,0.0,-0.771,6.0,0.0
2.76,0.0,-0.785,6.0,0.0
2.78,0.0,-0.799,6.0,0.0
2.8,0.0,-0.813,6.0,0.0
2.82,0.0,-0.829,6.0,0.0
2.84,0.0,-0.843,6.0,0.0
2.86,0.0,-0.859,6.0,0.0
2.88,0.0,-0.873,6.0,0.0
2.9,0.0,-0.888,6.0,0.0
2.92,0.0,-0.902,6.0,0.0
2.94,0.0,-0.918,6.0,0.0
2.96,0.0,-0.934,6.0,0.0
2.98,0.0,-0.949,6.0,0.0
3.0,0.0,-0.965,6.0,0.0
3.02,0.0,-0.981,6.0,0.0
3.04,0.0,-0.997,6.0,0.0
3.06,0.0,-1.012,6.0,0.0
3.08,0.0,-1.028,6.0,0.0
3.1,0.0,-1.045,6.0,0.0
3.12,0.0,-1.061,6.0,0.0
3.14,0.0,-1.077,6.0,0.0
3.16,0.0,-1.094,6.0,0.0
3.18,0.0,-1.11,6.0,0.0
3.2,0.0,-1.127,6.0,0.0
3.22,0.0,-1.145,6.0,0.0
3.24,0.0,-1.161,6.0,0.0
3.26,0.0,-1.178,6.0,0.0
3.28,0.0,-1.196,6.0,0.0
3.3,0.0,-1.213,6.0,0.0
3.32,0.0,-1.23,6.0,0.0
3.34,0.0,-1.248,6.0,0.0
3.36,0.0,-1.265,6.0,0.0
3.38,0.0,-1.283,6.0,0.0
3.4,0.0,-1.3,6.0,0.0
3.42,0.0,-1.319,6.0,0.0
3.44,0.0,-1.337,6.0,0.0
3.46,0.0,-1.354,6.0,0.0
3.48,0.0,-1.374,6.0,0.0
3.5,0.0,-1.391,6.0,0.0
3.52,0.0,-1.41,6.0,0.0
3.54,0.0,-1.428,6.0,0.0
3.56,0.0,-1.447,6.0,0.0
3.58,0.0,-1.466,6.0,0.0
3.6,0.0,-1.484,6.0,0.0
3.62,0.0,-1.503,6.0,0.0
3.64,0.0,-1.522,6.0,0.0
3.66,0.0,-1.541,6.0,0.0
3.68,0.0,-1.56,6.0,0.0
3.7,0.0,-1.58,6.0,0.0
3.72,0.0,-1.599,6.0,0.0
3.74,0.0,-1.618,6.0,0.0
3.76,0.0,-1.637,6.0,0.0
3.78,0.0,-1.658,6.0,0.0
3.8,0.0,-1.677,6.0,0.0
3.82,0.0,-1.696,6.0,0.0
3.84,0.0,-1.717,6.0,0.0
3.86,0.0,-1.737,6.0,0.0
3.88,0.0,-1.758,6.0,0.0
3.9,0.0,-1.777,6.0,0.0
3.92,0.0,-1.798,6.0,0.0
3.94,0.0,-1.819,6.0,0.0
3.96,0.0,-1.84,6.0,0.0
3.98,0.0,-1.859,6.0,0.0
4.0,0.0,-1.88,6.0,0.0
4.02,0.0,-1.901,6.0,0.0
4.04,0.0,-1.922,6.0,0.0
4.06,0.0,-1.944,6.0,0.0
4.08,0.0,-1.965,6.0,0.0
4.1,0.0,-1.986,6.0,0.0
4.12,0.0,-2.007,6.0,0.0
4.14,0.0,-2.03,6.0,0.0
4.16,0.0,-2.051,6.0,0.0
4.18,0.0,-2.073,6.0,0.0
4.2,0.0,-2.094,6.0,0.0
4.22,0.0,-2.117,6.0,0.0
4.24,0.0,-2.14,6.0,0.0
4.26,0.0,-2.161,6.0,0.0
4.28,0.0,-2.183,6.0,0.0
4.3,0.0,-2.206,6.0,0.0
4.32,0.0,-2.229,6.0,0.0
4.34,0.0,-2.251,6.0,0.0
4.36,0.0,-2.274,6.0,0.0
4.38,0.0,-2.297,6.0,0.0
4.4,0.0,-2.32,6.0,0.0
4.42,0.0,-2.344,6.0,0.0
4.44,0.0,-2.367,6.0,0.0
4.46,0.0,-2.389,6.0,0.0
4.48,0.0,-2.414,6.0,0.0
4.5,0.0,-2.436,6.0,0.0
4.52,0.0,-2.461,6.0,0.0
4.54,0.0,-2.484,6.0,0.0
4.56,0.0,-2.508,6.0,0.0
4.58,0.0,-2.532,6.0,0.0
4.6,0.0,-2.555,6.0,0.0
4.62,0.0,-2.58,6.0,0.0
4.64,0.0,-2.604,6.0,0.0
4.66,0.0,-2.628,6.0,0.0
4.68,0.0,-2.653,6.0,0.0
4.7,0.0,-2.677,6.0,0.0
4.72,0.0,-2.702,6.0,0.0
4.74,0.0,-2.726,6.0,0.0
4.76,0.0,-2.752,6.0,0.0
4.78,0.0,-2.777,6.0,0.0
4.8,0.0,-2.801,6.0,0.0
4.82,0.0,-2.827,6.0,0.0
4.84,0.0,-2.852,6.0,0.0
4.86,0.0,-2.878,6.0,0.0
4.88,0.0,-2.904,6.0,0.0
4.9,0.0,-2.929,6.0,0.0
4.92,0.0,-2.955,6.0,0.0
4.94,0.0,-2.981,6.0,0.0
4.96,0.0,-3.007,6.0,0.0
4.98,0.0,-3.033,6.0,0.0
5.0,0.0,-3.061,6.0,0.0
5.02,0.0,-3.087,6.0,0.0
5.04,0.0,-3.114,6.0,0.0
5.06,0.0,-3.142,6.0,0.0
5.08,0.0,-3.168,6.0,0.0
5.1,0.0,-3.196,6.0,0.0
5.12,0.0,-3.224,6.0,0.0
5.14,0.0,-3.25,6.0,0.0
5.16,0.0,-3.278,6.0,0.0
5.18,0.0,-3.306,6.0,0.0
5.2,0.0,-3.335,6.0,0.0
5.22,0.0,-3.363,6.0,0.0
5.24,0.0,-3.391,6.0,0.0
5.26,0.0,-3.421,6.0,0.0
5.28,0.0,-3.449,6.0,0.0
5.3,0.0,-3.478,6.0,0.0
5.32,0.0,-3.508,6.0,0.0
5.34,0.0,-3.538,6.0,0.0
5.36,0.0,-3.567,6.0,0.0
5.38,0.0,-3.597,6.0,0.0
5.4,0.0,-3.627,6.0,0.0
5.42,0.0,-3.658,6.0,0.0
5.44,0.0,-3.688,6.0,0.0
5.46,0.0,-3.719,6.0,0.0
5.48,0.0,-3.749,6.0,0.0
5.5,0.0,-3.78,6.0,0.0
5.52,0.0,-3.812,6.0,0.0
5.54,0.0,-3.843,6.0,0.0
5.56,0.0,-3.875,6.0,0.0
5.58,0.0,-3.906,6.0,0.0
5.6,0.0,-3.937,6.0,0.0
5.62,0.0,-3.971,6.0,0.0
5.64,0.0,-4.002,6.0,0.0
5.66,0.0,-4.035,6.0,0.0
5.68,0.0,-4.067,6.0,0.0
5.7,0.0,-4.1,6.0,0.0
5.72,0.0,-4.133,6.0,0.0
5.74,0.0,-4.166,6.0,0.0
5.76,0.0,-4.199,6.0,0.0
5.78,0.0,-4.232,6.0,0.0
5.8,0.0,-4.266,6.0,0.0
5.82,0.0,-4.299,6.0,0.0
5.84,0.0,-4.334,6.0,0.0
5.86,0.0,-4.367,6.0,0.0
5.88,0.0,-4.402,6.0,0.0
5.9,0.0,-4.435,6.0,0.0
5.92,0.0,-4.47,6.0,0.0
5.94,0.0,-4.505,6.0,0.0
5.96,0.0,-4.54,6.0,0.0
5.98,0.0,-4.575,6.0,0.0
6.0,0.0,-4.609,6.0,0.0
6.02,0.0,-4.644,6.0,0.0
6.04,0.0,-4.679,6.0,0.0
6.06,0.0,-4.714,6.0,0.0
6.08,0.0,-4.751,6.0,0.0
6.1,0.0,-4.786,6.0,0.0
6.12,0.0,-4.822,6.0,0.0
6.14,0.0,-4.857,6.0,0.0
6.16,0.0,-4.894,6.0,0.0
6.18,0.0,-4.931,6.0,0.0
6.2,0.0,-4.967,6.0,0.0
6.22,0.0,-5.002,6.0,0.0
6.24,0.0,-5.039,6.0,0.0
6.26,0.0,-5.077,6.0,0.0
6.28,0.0,-5.114,6.0,0.0
6.3,0.0,-5.15,6.0,0.0
6.32,0.0,-5.187,6.0,0.0
6.34,0.0,-5.226,6.0,0.0
6.36,0.0,-5.262,6.0,0.0
6.38,0.0,-5.301,6.0,0.0
6.4,0.0,-5.337,6.0,0.0
6.42,0.0,-5.376,6.0,0.0
6.44,0.0,-5.414,6.0,0.0
6.46,0.0,-5.452,6.0,0.0
6.48,0.0,-5.491,6.0,0.0
6.5,0.0,-5.529,6.0,0.0
6.52,0.0,-5.568,6.0,0.0
6.54,0.0,-5.606,6.0,0.0
6.56,0.0,-5.644,6.0,0.0
6.58,0.0,-5.683,6.0,0.0
6.6,0.0,-5.721,6.0,0.0
6.62,0.0,-5.761,6.0,0.0
6.64,0.0,-5.8,6.0,0.0
6.66,0.0,-5.838,6.0,0.0
6.68,0.0,-5.878,6.0,0.0
6.7,0.0,-5.917,6.0,0.0
6.72,0.0,-5.957,6.0,0.0
6.74,0.0,-5.997,6.0,0.0
6.76,0.0,-6.035,6.0,0.0
6.78,0.0,-6.075,6.0,0.0
6.8,0.0,-6.116,6.0,0.0
6.82,0.0,-6.156,6.0,0.0
6.84,0.0,-6.196,6.0,0.0
6.86,0.0,-6.236,6.0,0.0
6.88,0.0,-6.276,6.0,0.0
6.9,0.0,-6.316,6.0,0.0
6.92,0.0,-6.356,6.0,0.0
6.94,0.0,-6.398,6.0,0.0
6.96,0.0,-6.439,6.0,0.0
6.98,0.0,-6.48,6.0,0.0
7.0,0.0,-6.521,6.0,0.0
7.02,0.0,-6.562,6.0,0.0
7.04,0.0,-6.604,6.0,0.0
7.06,0.0,-6.646,6.0,0.0
7.08,0.0,-6.686,6.0,0.0
7.1,0.0,-6.728,6.0,0.0
7.12,0.0,-6.77,6.0,0.0
7.14,0.0,-6.814,6.0,0.0
7.16,0.0,-6.856,6.0,0.0
7.18,0.0,-6.898,6.0,0.0
7.2,0.0,-6.939,6.0,0.0
7.22,0.002,-6.983,6.0,0.0
7.24,0.002,-7.025,6.0,0.0
7.26,0.002,-7.069,6.0,0.0
7.28,0.002,-7.112,6.0,0.0
7.3,0.002,-7.156,6.0,0.0
7.32,0.002,-7.198,6.0,0.0
7.34,0.002,-7.241,6.0,0.0
7.36,0.0,-7.285,6.0,0.0
7.38,0.0,-7.329,6.0,0.0
7.4,0.002,-7.372,6.0,0.0
7.42,0.002,-7.416,6.0,0.0
7.44,0.002,-7.46,6.0,0.0
7.46,0.003,-7.505,6.0,0.0
7.48,0.003,-7.549,6.0,0.0
7.5,0.005,-7.592,6.0,0.0
7.52,0.005,-7.636,6.0,0.0
7.54,0.007,-7.681,6.0,0.0
7.56,0.007,-7.725,6.0,0.0
7.58,0.009,-7.77,6.0,0.0
7.6,0.009,-7.814,6.0,0.0
7.62,0.01,-7.859,6.0,0.0
7.64,0.01,-7.903,6.0,0.0
7.66,0.012,-7.948,6.0,0.0
7.68,0.016,-7.994,6.0,0.0
7.7,0.016,-8.037,6.0,0.0
7.72,0.019,-8.083,6.0,0.0
7.74,0.019,-8.128,6.0,0.0
7.76,0.021,-8.172,6.0,0.0
7.78,0.023,-8.217,6.0,0.0
7.8,0.024,-8.262,6.0,0.0
7.82,0.024,-8.308,6.0,0.0
7.84,0.026,-8.353,6.0,0.0
7.86,0.03,-8.399,6.0,0.0
7.88,0.03,-8.442,6.0,0.0
7.9,0.031,-8.488,6.0,0.0
7.92,0.033,-8.533,6.0,0.0
7.94,0.035,-8.578,6.0,0.0
7.96,0.037,-8.624,6.0,0.0
7.98,0.038,-8.669,6.0,0.0
8.0,0.038,-8.714,6.0,0.0
8.02,0.042,-8.76,6.0,0.0
8.04,0.044,-8.805,6.0,0.0
8.06,0.045,-8.851,6.0,0.0
8.08,0.047,-8.896,6.0,0.0
8.1,0.049,-8.941,6.0,0.0
8.12,0.051,-8.987,6.0,0.0
8.14,0.052,-9.032,6.0,0.0
8.16,0.054,-9.077,6.0,0.0
8.18,0.056,-9.123,6.0,0.0
8.2,0.058,-9.168,6.0,0.0
8.22,0.058,-9.214,6.0,0.0
8.24,0.059,-9.259,6.0,0.0
8.26,0.061,-9.304,6.0,0.0
8.28,0.063,-9.35,6.0,0.0
8.3,0.065,-9.395,6.0,0.0
8.32,0.066,-9.44,6.0,0.0
8.34,0.066,-9.486,6.0,0.0
8.36,0.07,-9.533,6.0,0.0
8.38,0.07,-9.578,6.0,0.0
8.4,0.072,-9.624,6.0,0.0
8.42,0.073,-9.671,6.0,0.0
8.44,0.073,-9.716,6.0,0.0
8.46,0.075,-9.763,6.0,0.0
8.48,0.077,-9.809,6.0,0.0
8.5,0.077,-9.856,6.0,0.0
8.52,0.079,-9.903,6.0,0.0
8.54,0.08,-9.948,6.0,0.0
8.56,0.08,-9.996,6.0,0.0
8.58,0.082,-10.043,6.0,0.0
8.6,0.084,-10.09,6.0,0.0
8.62,0.084,-10.137,6.0,0.0
8.64,0.086,-10.184,6.0,0.0
8.66,0.086,-10.231,6.0,0.0
8.68,0.087,-10.278,6.0,0.0
8.7,0.089,-10.325,6.0,0.0
8.72,0.089,-10.374,6.0,0.0
8.74,0.091,-10.421,6.0,0.0
8.76,0.093,-10.468,6.0,0.0
8.78,0.093,-10.517,6.0,0.0
8.8,0.094,-10.564,6.0,0.0
8.82,0.096,-10.613,6.0,0.0
8.84,0.098,-10.66,6.0,0.0
8.86,0.098,-10.709,6.0,0.0
8.88,0.099,-10.756,6.0,0.0
8.9,0.101,-10.805,6.0,0.0
8.92,0.103,-10.852,6.0,0.0
8.94,0.103,-10.901,6.0,0.0
8.96,0.106,-10.95,6.0,0.0
8.98,0.106,-10.997,6.0,0.0
9.0,0.108,-11.046,6.0,0.0
9.02,0.11,-11.095,6.0,0.0
9.04,0.112,-11.144,6.0,0.0
9.06,0.112,-11.191,6.0,0.0
9.08,0.115,-11.24,6.0,0.0
9.1,0.115,-11.289,6.0,0.0
9.12,0.117,-11.338,6.0,0.0
9.14,0.119,-11.387,6.0,0.0
9.16,0.12,-11.435,6.0,0.0
9.18,0.122,-11.484,6.0,0.0
9.2,0.122,-11.533,6.0,0.0
9.22,0.124,-11.582,6.0,0.0
9.24,0.126,-11.631,6.0,0.0
9.26,0.129,-11.68,6.0,0.0
9.28,0.131,-11.729,6.0,0.0
9.3,0.131,-11.777,6.0,0.0
9.32,0.133,-11.826,6.0,0.0
9.34,0.134,-11.875,6.0,0.0
9.36,0.136,-11.924,6.0,0.0
9.38,0.138,-11.973,6.0,0.0
9.4,0.14,-12.022,6.0,0.0
9.42,0.141,-12.072,6.0,0.0
9.44,0.141,-12.121,6.0,0.0
9.46,0.145,-12.17,6.0,0.0
9.48,0.147,-12.219,6.0,0.0
9.5,0.147,-12.268,6.0,0.0
9.52,0.148,-12.317,6.0,0.0
9.54,0.15,-12.367,6.0,0.0
9.56,0.15,-12.416,6.0,0.0
9.58,0.152,-12.465,6.0,0.0
9.6,0.154,-12.514,6.0,0.0
9.62,0.155,-12.565,6.0,0.0
9.64,0.155,-12.614,6.0,0.0
9.66,0.157,-12.662,6.0,0.0
9.68,0.157,-12.713,6.0,0.0
9.7,0.159,-12.762,6.0,0.0
9.72,0.161,-12.812,6.0,0.0
9.74,0.161,-12.863,6.0,0.0
9.76,0.161,-12.912,6.0,0.0
9.78,0.162,-12.963,6.0,0.0
9.8,0.162,-13.013,6.0,0.0
9.82,0.164,-13.064,6.0,0.0
9.84,0.164,-13.113,6.0,0.0
9.86,0.164,-13.163,6.0,0.0
9.88,0.164,-13.214,6.0,0.0
9.9,0.166,-13.265,6.0,0.0
9.92,0.166,-13.317,6.0,0.0
9.94,0.166,-13.367,6.0,0.0
9.96,0.166,-13.418,6.0,0.0
9.98,0.166,-13.47,6.0,0.0
10.0,0.166,-13.521,6.0,0.0
10.02,0.166,-13.572,6.0,0.0
10.04,0.166,-13.624,6.0,0.0
10.06,0.166,-13.676,6.0,0.0
10.08,0.168,-13.727,6.0,0.0
10.1,0.168,-13.779,6.0,0.0
10.12,0.168,-13.832,6.0,0.0
10.14,0.168,-13.884,6.0,0.0
10.16,0.168,-13.936,6.0,0.0
10.18,0.168,-13.989,6.0,0.0
10.2,0.168,-14.041,6.0,0.0
10.22,0.168,-14.094,6.0,0.0
10.24,0.168,-14.146,6.0,0.0
10.26,0.168,-14.198,6.0,0.0
10.28,0.168,-14.252,6.0,0.0
10.3,0.168,-14.305,6.0,0.0
10.32,0.168,-14.357,6.0,0.0
10.34,0.168,-14.411,6.0,0.0
10.36,0.169,-14.465,6.0,0.0
10.38,0.169,-14.518,6.0,0.0
10.4,0.169,-14.572,6.0,0.0
10.42,0.169,-14.626,6.0,0.0
10.44,0.169,-14.678,6.0,0.0
10.46,0.169,-14.732,6.0,0.0
10.48,0.171,-14.786,6.0,0.0
10.5,0.171,-14.841,6.0,0.0
10.52,0.171,-14.895,6.0,0.0
10.54,0.173,-14.949,6.0,0.0
10.56,0.173,-15.003,6.0,0.0
10.58,0.173,-15.057,6.0,0.0
10.6,0.175,-15.111,6.0,0.0
10.62,0.176,-15.165,6.0,0.0
10.64,0.176,-15.219,6.0,0.0
10.66,0.176,-15.273,6.0,0.0
10.68,0.178,-15.329,6.0,0.0
10.7,0.178,-15.383,6.0,0.0
10.72,0.18,-15.437,6.0,0.0
10.74,0.182,-15.492,6.0,0.0
10.76,0.182,-15.547,6.0,0.0
10.78,0.183,-15.602,6.0,0.0
10.8,0.185,-15.656,6.0,0.0
10.82,0.185,-15.71,6.0,0.0
10.84,0.188,-15.766,6.0,0.0
10.86,0.188,-15.82,6.0,0.0
10.88,0.19,-15.876,6.0,0.0
10.9,0.192,-15.93,6.0,0.0
10.92,0.194,-15.984,6.0,0.0
10.94,0.194,-16.04,6.0,0.0
10.96,0.195,-16.095,6.0,0.0
10.98,0.197,-16.15,6.0,0.0
11.0,0.199,-16.205,6.0,0.0
11.02,0.201,-16.261,6.0,0.0
11.04,0.202,-16.317,6.0,0.0
11.06,0.202,-16.371,6.0,0.0
11.08,0.204,-16.427,6.0,0.0
11.1,0.206,-16.483,6.0,0.0
11.12,0.208,-16.539,6.0,0.0
11.14,0.209,-16.595,6.0,0.0
11.16,0.211,-16.65,6.0,0.0
11.18,0.211,-16.706,6.0,0.0
11.2,0.213,-16.762,6.0,0.0
11.22,0.215,-16.818,6.0,0.0
11.24,0.216,-16.874,6.0,0.0
11.26,0.218,-16.93,6.0,0.0
11.28,0.22,-16.986,6.0,0.0
11.3,0.223,-17.041,6.0,0.0
11.32,0.223,-17.097,6.0,0.0
11.34,0.225,-17.153,6.0,0.0
11.36,0.229,-17.211,6.0,0.0
11.38,0.23,-17.267,6.0,0.0
11.4,0.232,-17.322,6.0,0.0
11.42,0.232,-17.378,6.0,0.0
11.44,0.234,-17.434,6.0,0.0
11.46,0.236,-17.49,6.0,0.0
11.48,0.237,-17.548,6.0,0.0
11.5,0.239,-17.603,6.0,0.0
11.52,0.241,-17.659,6.0,0.0
11.54,0.243,-17.715,6.0,0.0
11.56,0.243,-17.771,6.0,0.0
11.58,0.244,-17.829,6.0,0.0
11.6,0.248,-17.884,6.0,0.0
11.62,0.248,-17.94,6.0,0.0
11.64,0.25,-17.998,6.0,0.0
11.66,0.25,-18.054,6.0,0.0
11.68,0.251,-18.11,6.0,0.0
11.7,0.253,-18.167,6.0,0.0
11.72,0.253,-18.223,6.0,0.0
11.74,0.255,-18.279,6.0,0.0
11.76,0.255,-18.336,6.0,0.0
11.78,0.255,-18.392,6.0,0.0
11.8,0.258,-18.448,6.0,0.0
11.82,0.258,-18.506,6.0,0.0
11.84,0.258,-18.562,6.0,0.0
11.86,0.26,-18.619,6.0,0.0
11.88,0.26,-18.675,6.0,0.0
11.9,0.26,-18.733,6.0,0.0
11.92,0.26,-18.79,6.0,0.0
11.94,0.26,-18.846,6.0,0.0
11.96,0.26,-18.904,6.0,0.0
11.98,0.26,-18.961,6.0,0.0
12.0,0.26,-19.017,6.0,0.0
12.02,0.26,-19.075,6.0,0.0
12.04,0.26,-19.132,6.0,0.0
12.06,0.26,-19.19,6.0,0.0
12.08,0.26,-19.247,6.0,0.0
12.1,0.262,-19.307,6.0,0.0
12.12,0.262,-19.364,6.0,0.0
12.14,0.262,-19.422,6.0,0.0
12.16,0.262,-19.481,6.0,0.0
12.18,0.262,-19.539,6.0,0.0
12.2,0.26,-19.598,6.0,0.0
12.22,0.26,-19.656,6.0,0.0
12.24,0.258,-19.715,6.0,0.0
12.26,0.258,-19.775,6.0,0.0
12.28,0.258,-19.834,6.0,0.0
12.3,0.257,-19.893,6.0,0.0
12.32,0.257,-19.953,6.0,0.0
12.34,0.257,-20.012,6.0,0.0
12.36,0.257,-20.071,6.0,0.0
12.38,0.257,-20.131,6.0,0.0
12.4,0.257,-20.19,6.0,0.0
12.42,0.257,-20.251,6.0,0.0
12.44,0.257,-20.31,6.0,0.0
12.46,0.257,-20.371,6.0,0.0
12.48,0.255,-20.431,6.0,0.0
12.5,0.255,-20.492,6.0,0.0
12.52,0.255,-20.551,6.0,0.0
12.54,0.253,-20.612,6.0,0.0
12.56,0.253,-20.673,6.0,0.0
12.58,0.253,-20.735,6.0,0.0
12.6,0.253,-20.796,6.0,0.0
12.62,0.255,-20.855,6.0,0.0
12.64,0.255,-20.916,6.0,0.0
12.66,0.255,-20.977,6.0,0.0
12.68,0.257,-21.038,6.0,0.0
12.7,0.257,-21.099,6.0,0.0
12.72,0.257,-21.16,6.0,0.0
12.74,0.258,-21.223,6.0,0.0
12.76,0.26,-21.284,6.0,0.0
12.78,0.26,-21.345,6.0,0.0
12.8,0.262,-21.406,6.0,0.0
12.82,0.262,-21.468,6.0,0.0
12.84,0.264,-21.529,6.0,0.0
12.86,0.265,-21.591,6.0,0.0
12.88,0.265,-21.653,6.0,0.0
12.9,0.267,-21.714,6.0,0.0
12.92,0.269,-21.776,6.0,0.0
12.94,0.271,-21.838,6.0,0.0
12.96,0.271,-21.899,6.0,0.0
12.98,0.272,-21.96,6.0,0.0
13.0,0.272,-22.023,6.0,0.0
13.02,0.274,-22.084,6.0,0.0
13.04,0.276,-22.145,6.0,0.0
13.06,0.278,-22.208,6.0,0.0
13.08,0.278,-22.269,6.0,0.0
13.1,0.279,-22.331,6.0,0.0
13.12,0.281,-22.393,6.0,0.0
13.14,0.281,-22.455,6.0,0.0
13.16,0.283,-22.518,6.0,0.0
13.18,0.284,-22.579,6.0,0.0
13.2,0.284,-22.642,6.0,0.0
13.22,0.286,-22.705,6.0,0.0
13.24,0.288,-22.766,6.0,0.0
13.26,0.288,-22.829,6.0,0.0
13.28,0.29,-22.892,6.0,0.0
13.3,0.29,-22.955,6.0,0.0
13.32,0.291,-23.017,6.0,0.0
13.34,0.291,-23.08,6.0,0.0
13.36,0.293,-23.143,6.0,0.0
13.38,0.295,-23.206,6.0,0.0
13.4,0.295,-23.269,6.0,0.0
13.42,0.297,-23.332,6.0,0.0
13.44,0.298,-23.396,6.0,0.0
13.46,0.298,-23.459,6.0,0.0
13.48,0.3,-23.522,6.0,0.0
13.5,0.3,-23.585,6.0,0.0
13.52,0.302,-23.649,6.0,0.0
13.54,0.302,-23.712,6.0,0.0
13.56,0.304,-23.775,6.0,0.0
13.58,0.304,-23.839,6.0,0.0
13.6,0.305,-23.902,6.0,0.0
13.62,0.305,-23.967,6.0,0.0
13.64,0.305,-24.03,6.0,0.0
13.66,0.307,-24.094,6.0,0.0
13.68,0.307,-24.157,6.0,0.0
13.7,0.309,-24.222,6.0,0.0
13.72,0.309,-24.286,6.0,0.0
13.74,0.311,-24.351,6.0,0.0
13.76,0.311,-24.414,6.0,0.0
13.78,0.311,-24.478,6.0,0.0
13.8,0.312,-24.543,6.0,0.0
13.82,0.312,-24.606,6.0,0.0
13.84,0.314,-24.67,6.0,0.0
13.86,0.314,-24.735,6.0,0.0
13.88,0.314,-24.799,6.0,0.0
13.9,0.314,-24.864,6.0,0.0
13.92,0.316,-24.929,6.0,0.0
13.94,0.316,-24.993,6.0,0.0
13.96,0.316,-25.058,6.0,0.0
13.98,0.316,-25.122,6.0,0.0
14.0,0.316,-25.187,6.0,0.0
14.02,0.318,-25.253,6.0,0.0
14.04,0.318,-25.318,6.0,0.0
14.06,0.318,-25.382,6.0,0.0
14.08,0.318,-25.449,6.0,0.0
14.1,0.318,-25.513,6.0,0.0
14.12,0.318,-25.58,6.0,0.0
14.14,0.318,-25.644,6.0,0.0
14.16,0.318,-25.71,6.0,0.0
14.18,0.318,-25.777,6.0,0.0
14.2,0.318,-25.841,6.0,0.0
14.22,0.318,-25.908,6.0,0.0
14.24,0.318,-25.974,6.0,0.0
14.26,0.318,-26.04,6.0,0.0
14.28,0.318,-26.107,6.0,0.0
14.3,0.318,-26.173,6.0,0.0
14.32,0.319,-26.241,6.0,0.0
14.34,0.319,-26.307,6.0,0.0
14.36,0.319,-26.374,6.0,0.0
14.38,0.319,-26.442,6.0,0.0
14.4,0.319,-26.508,6.0,0.0
14.42,0.318,-26.574,6.0,0.0
14.44,0.318,-26.642,6.0,0.0
14.46,0.318,-26.711,6.0,0.0
14.48,0.318,-26.777,6.0,0.0
14.5,0.318,-26.845,6.0,0.0
14.52,0.318,-26.913,6.0,0.0
14.54,0.318,-26.979,6.0,0.0
14.56,0.318,-27.047,6.0,0.0
14.58,0.318,-27.115,6.0,0.0
14.6,0.319,-27.184,6.0,0.0
14.62,0.319,-27.252,6.0,0.0
14.64,0.319,-27.32,6.0,0.0
14.66,0.319,-27.388,6.0,0.0
14.68,0.321,-27.456,6.0,0.0
14.7,0.321,-27.524,6.0,0.0
14.72,0.323,-27.594,6.0,0.0
14.74,0.323,-27.662,6.0,0.0
14.76,0.323,-27.73,6.0,0.0
14.78,0.325,-27.798,6.0,0.0
14.8,0.326,-27.866,6.0,0.0
14.82,0.326,-27.936,6.0,0.0
14.84,0.326,-28.004,6.0,0.0
14.86,0.328,-28.072,6.0,0.0
14.88,0.328,-28.142,6.0,0.0
14.9,0.33,-28.21,6.0,0.0
14.92,0.33,-28.278,6.0,0.0
14.94,0.332,-28.348,6.0,0.0
14.96,0.332,-28.416,6.0,0.0
14.98,0.333,-28.484,6.0,0.0
15.0,0.333,-28.554,6.0,0.0
15.02,0.335,-28.622,6.0,0.0
15.04,0.335,-28.691,6.0,0.0
15.06,0.337,-28.761,6.0,0.0
15.08,0.337,-28.829,6.0,0.0
15.1,0.339,-28.899,6.0,0.0
15.12,0.339,-28.969,6.0,0.0
15.14,0.339,-29.039,6.0,0.0
15.16,0.34,-29.107,6.0,0.0
15.18,0.34,-29.177,6.0,0.0
15.2,0.34,-29.246,6.0,0.0
15.22,0.342,-29.316,6.0,0.0
15.24,0.342,-29.386,6.0,0.0
15.26,0.344,-29.456,6.0,0.0
15.28,0.344,-29.526,6.0,0.0
15.3,0.346,-29.596,6.0,0.0
15.32,0.346,-29.667,6.0,0.0
15.34,0.346,-29.737,6.0,0.0
15.36,0.347,-29.807,6.0,0.0
15.38,0.349,-29.877,6.0,0.0
15.4,0.349,-29.946,6.0,0.0
15.42,0.349,-30.018,6.0,0.0
15.44,0.351,-30.088,6.0,0.0
15.46,0.351,-30.158,6.0,0.0
15.48,0.351,-30.229,6.0,0.0
15.5,0.353,-30.299,6.0,0.0
15.52,0.353,-30.369,6.0,0.0
15.54,0.353,-30.44,6.0,0.0
15.56,0.354,-30.51,6.0,0.0
15.58,0.354,-30.582,6.0,0.0
15.6,0.356,-30.653,6.0,0.0
15.62,0.356,-30.723,6.0,0.0
15.64,0.356,-30.795,6.0,0.0
15.66,0.358,-30.864,6.0,0.0
15.68,0.358,-30.936,6.0,0.0
15.7,0.358,-31.008,6.0,0.0
15.72,0.36,-31.077,6.0,0.0
15.74,0.36,-31.149,6.0,0.0
15.76,0.361,-31.22,6.0,0.0
15.78,0.361,-31.292,6.0,0.0
15.8,0.361,-31.364,6.0,0.0
15.82,0.361,-31.435,6.0,0.0
15.84,0.361,-31.507,6.0,0.0
15.86,0.361,-31.578,6.0,0.0
15.88,0.363,-31.65,6.0,0.0
15.9,0.363,-31.721,6.0,0.0
15.92,0.363,-31.793,6.0,0.0
15.94,0.363,-31.864,6.0,0.0
15.96,0.363,-31.938,6.0,0.0
15.98,0.363,-32.009,6.0,0.0
16.0,0.363,-32.083,6.0,0.0
16.02,0.363,-32.154,6.0,0.0
16.04,0.363,-32.228,6.0,0.0
16.06,0.363,-32.299,6.0,0.0
16.08,0.363,-32.372,6.0,0.0
16.1,0.363,-32.446,6.0,0.0
16.12,0.365,-32.519,6.0,0.0
16.14,0.365,-32.591,6.0,0.0
16.16,0.365,-32.664,6.0,0.0
16.18,0.365,-32.737,6.0,0.0
16.2,0.365,-32.81,6.0,0.0
16.22,0.365,-32.884,6.0,0.0
16.24,0.365,-32.959,6.0,0.0
16.26,0.365,-33.032,6.0,0.0
16.28,0.365,-33.105,6.0,0.0
16.3,0.365,-33.179,6.0,0.0
16.32,0.365,-33.254,6.0,0.0
16.34,0.365,-33.327,6.0,0.0
16.36,0.365,-33.402,6.0,0.0
16.38,0.363,-33.475,6.0,0.0
16.4,0.363,-33.55,6.0,0.0
16.42,0.363,-33.624,6.0,0.0
16.44,0.363,-33.699,6.0,0.0
16.46,0.363,-33.774,6.0,0.0
16.48,0.365,-33.847,6.0,0.0
16.5,0.365,-33.922,6.0,0.0
16.52,0.365,-33.997,6.0,0.0
16.54,0.365,-34.072,6.0,0.0
16.56,0.367,-34.146,6.0,0.0
16.58,0.367,-34.221,6.0,0.0
16.6,0.367,-34.296,6.0,0.0
16.62,0.368,-34.371,6.0,0.0
16.64,0.368,-34.446,6.0,0.0
16.66,0.368,-34.521,6.0,0.0
16.68,0.37,-34.594,6.0,0.0
16.7,0.37,-34.669,6.0,0.0
16.72,0.37,-34.744,6.0,0.0
16.74,0.372,-34.819,6.0,0.0
16.76,0.372,-34.894,6.0,0.0
16.78,0.372,-34.969,6.0,0.0
16.8,0.374,-35.046,6.0,0.0
16.82,0.374,-35.121,6.0,0.0
16.84,0.374,-35.196,6.0,0.0
16.86,0.374,-35.271,6.0,0.0
16.88,0.375,-35.346,6.0,0.0
16.9,0.375,-35.423,6.0,0.0
16.92,0.375,-35.498,6.0,0.0
16.94,0.375,-35.573,6.0,0.0
16.96,0.377,-35.65,6.0,0.0
16.98,0.377,-35.725,6.0,0.0
17.0,0.377,-35.802,6.0,0.0
17.02,0.377,-35.877,6.0,0.0
17.04,0.379,-35.954,6.0,0.0
17.06,0.379,-36.031,6.0,0.0
17.08,0.38,-36.106,6.0,0.0
17.1,0.38,-36.182,6.0,0.0
17.12,0.38,-36.259,6.0,0.0
17.14,0.382,-36.334,6.0,0.0
17.16,0.382,-36.411,6.0,0.0
17.18,0.382,-36.486,6.0,0.0
17.2,0.384,-36.563,6.0,0.0
17.22,0.384,-36.64,6.0,0.0
17.24,0.384,-36.717,6.0,0.0
17.26,0.386,-36.793,6.0,0.0
17.28,0.386,-36.87,6.0,0.0
17.3,0.386,-36.945,6.0,0.0
17.32,0.387,-37.022,6.0,0.0
17.34,0.387,-37.099,6.0,0.0
17.36,0.389,-37.176,6.0,0.0
17.38,0.389,-37.252,6.0,0.0
17.4,0.391,-37.329,6.0,0.0
17.42,0.391,-37.406,6.0,0.0
17.44,0.391,-37.483,6.0,0.0
17.46,0.391,-37.56,6.0,0.0
17.48,0.393,-37.636,6.0,0.0
17.5,0.393,-37.715,6.0,0.0
17.52,0.393,-37.792,6.0,0.0
17.54,0.393,-37.868,6.0,0.0
17.56,0.393,-37.945,6.0,0.0
17.58,0.393,-38.024,6.0,0.0
17.6,0.393,-38.101,6.0,0.0
17.62,0.393,-38.179,6.0,0.0
17.64,0.393,-38.256,6.0,0.0
17.66,0.393,-38.334,6.0,0.0
17.68,0.393,-38.411,6.0,0.0
17.7,0.393,-38.49,6.0,0.0
17.72,0.393,-38.568,6.0,0.0
17.74,0.393,-38.647,6.0,0.0
17.76,0.393,-38.725,6.0,0.0
17.78,0.393,-38.804,6.0,0.0
17.8,0.393,-38.882,6.0,0.0
17.82,0.393,-38.961,6.0,0.0
17.84,0.394,-39.04,6.0,0.0
17.86,0.394,-39.118,6.0,0.0
17.88,0.394,-39.197,6.0,0.0
17.9,0.394,-39.275,6.0,0.0
17.92,0.394,-39.355,6.0,0.0
17.94,0.394,-39.434,6.0,0.0
17.96,0.394,-39.514,6.0,0.0
17.98,0.394,-39.593,6.0,0.0
18.0,0.394,-39.673,6.0,0.0
18.02,0.394,-39.752,6.0,0.0
18.04,0.394,-39.832,6.0,0.0
18.06,0.393,-39.91,6.0,0.0
18.08,0.393,-39.991,6.0,0.0
18.1,0.393,-40.071,6.0,0.0
18.12,0.393,-40.151,6.0,0.0
18.14,0.393,-40.23,6.0,0.0
18.16,0.394,-40.31,6.0,0.0
18.18,0.394,-40.39,6.0,0.0
18.2,0.394,-40.471,6.0,0.0
18.22,0.394,-40.551,6.0,0.0
18.24,0.396,-40.63,6.0,0.0
18.26,0.396,-40.71,6.0,0.0
18.28,0.396,-40.79,6.0,0.0
18.3,0.398,-40.87,6.0,0.0
18.32,0.398,-40.949,6.0,0.0
18.34,0.398,-41.029,6.0,0.0
18.36,0.398,-41.11,6.0,0.0
18.38,0.398,-41.19,6.0,0.0
18.4,0.4,-41.27,6.0,0.0
18.42,0.4,-41.35,6.0,0.0
18.44,0.4,-41.431,6.0,0.0
18.46,0.4,-41.511,6.0,0.0
18.48,0.4,-41.593,6.0,0.0
18.5,0.4,-41.673,6.0,0.0
18.52,0.4,-41.754,6.0,0.0
18.54,0.4,-41.834,6.0,0.0
18.56,0.4,-41.916,6.0,0.0
18.58,0.401,-41.996,6.0,0.0
18.6,0.401,-42.076,6.0,0.0
18.62,0.401,-42.158,6.0,0.0
18.64,0.401,-42.239,6.0,0.0
18.66,0.401,-42.321,6.0,0.0
18.68,0.403,-42.401,6.0,0.0
18.7,0.403,-42.481,6.0,0.0
18.72,0.403,-42.563,6.0,0.0
18.74,0.403,-42.644,6.0,0.0
18.76,0.405,-42.726,6.0,0.0
18.78,0.405,-42.806,6.0,0.0
18.8,0.405,-42.888,6.0,0.0
18.82,0.405,-42.97,6.0,0.0
18.84,0.407,-43.05,6.0,0.0
18.86,0.407,-43.132,6.0,0.0
18.88,0.407,-43.214,6.0,0.0
18.9,0.407,-43.295,6.0,0.0
18.92,0.408,-43.377,6.0,0.0
18.94,0.408,-43.459,6.0,0.0
18.96,0.408,-43.541,6.0,0.0
18.98,0.41,-43.623,6.0,0.0
19.0,0.41,-43.703,6.0,0.0
19.02,0.41,-43.785,0.0,0.0
19.04,0.412,-43.867,0.0,0.0
19.06,0.412,-43.949,0.0,0.0
19.08,0.412,-44.031,0.0,0.0
19.1,0.412,-44.113,0.0,0.0
19.12,0.414,-44.195,0.0,0.0
19.14,0.414,-44.277,0.0,0.0
19.16,0.414,-44.359,0.0,0.0
19.18,0.414,-44.441,0.0,0.0
19.2,0.414,-44.523,0.0,0.0
19.22,0.414,-44.605,0.0,0.0
19.24,0.414,-44.687,0.0,0.0
19.26,0.414,-44.769,0.0,0.0
19.28,0.414,-44.851,0.0,0.0
19.3,0.414,-44.934,0.0,0.0
19.32,0.414,-45.016,0.0,0.0
19.34,0.415,-45.098,0.0,0.0
19.36,0.415,-45.18,0.0,0.0
19.38,0.415,-45.262,0.0,0.0
19.4,0.415,-45.344,0.0,0.0
19.42,0.415,-45.426,0.0,0.0
19.44,0.417,-45.506,0.0,0.0
19.46,0.417,-45.588,0.0,0.0
19.48,0.417,-45.67,0.0,0.0
19.5,0.417,-45.752,0.0,0.0
19.52,0.417,-45.834,0.0,0.0
19.54,0.417,-45.914,0.0,0.0
19.56,0.417,-45.996,0.0,0.0
19.58,0.417,-46.078,0.0,0.0
19.6,0.417,-46.159,0.0,0.0
19.62,0.417,-46.241,0.0,0.0
19.64,0.415,-46.323,0.0,0.0
19.66,0.415,-46.403,0.0,0.0
19.68,0.415,-46.483,0.0,0.0
19.7,0.415,-46.565,0.0,0.0
19.72,0.415,-46.646,0.0,0.0
19.74,0.415,-46.726,0.0,0.0
19.76,0.415,-46.806,0.0,0.0
19.78,0.415,-46.887,0.0,0.0
19.8,0.414,-46.967,0.0,0.0
19.82,0.414,-47.047,0.0,0.0
19.84,0.414,-47.127,0.0,0.0
19.86,0.414,-47.208,0.0,0.0
19.88,0.414,-47.288,0.0,0.0
19.9,0.412,-47.367,0.0,0.0
19.92,0.412,-47.447,0.0,0.0
19.94,0.412,-47.527,0.0,0.0
19.96,0.41,-47.606,0.0,0.0
19.98,0.41,-47.686,0.0,0.0
20.0,0.41,-47.764,0.0,0.0
20.02,0.408,-47.845,0.0,0.0
20.04,0.408,-47.923,0.0,0.0
20.06,0.408,-48.004,0.0,0.0
20.08,0.407,-48.082,0.0,0.0
20.1,0.405,-48.162,0.0,0.0
20.12,0.405,-48.241,0.0,0.0
20.14,0.405,-48.321,0.0,0.0
20.16,0.403,-48.4,0.0,0.0
20.18,0.403,-48.478,0.0,0.0
20.2,0.403,-48.559,0.0,0.0
20.22,0.403,-48.637,0.0,0.0
20.24,0.403,-48.716,0.0,0.0
20.26,0.401,-48.794,0.0,0.0
20.28,0.401,-48.873,0.0,0.0
20.3,0.401,-48.951,0.0,0.0
20.32,0.401,-49.03,0.0,0.0
20.34,0.401,-49.108,0.0,0.0
20.36,0.401,-49.187,0.0,0.0
20.38,0.401,-49.264,0.0,0.0
20.4,0.401,-49.342,0.0,0.0
20.42,0.401,-49.421,0.0,0.0
20.44,0.401,-49.499,0.0,0.0
20.46,0.401,-49.576,0.0,0.0
20.48,0.401,-49.655,0.0,0.0
20.5,0.401,-49.731,0.0,0.0
20.52,0.4,-49.81,0.0,0.0
20.54,0.4,-49.887,0.0,0.0
20.56,0.4,-49.965,0.0,0.0
20.58,0.4,-50.042,0.0,0.0
20.6,0.4,-50.119,0.0,0.0
20.62,0.4,-50.196,0.0,0.0
20.64,0.401,-50.272,0.0,0.0
20.66,0.401,-50.351,0.0,0.0
20.68,0.401,-50.428,0.0,0.0
20.7,0.401,-50.505,0.0,0.0
20.72,0.401,-50.581,0.0,0.0
20.74,0.403,-50.658,0.0,0.0
20.76,0.403,-50.735,0.0,0.0
20.78,0.403,-50.812,0.0,0.0
20.8,0.403,-50.889,0.0,0.0
20.82,0.403,-50.965,0.0,0.0
20.84,0.401,-51.042,0.0,0.0
20.86,0.401,-51.119,0.0,0.0
20.88,0.401,-51.194,0.0,0.0
20.9,0.4,-51.271,0.0,0.0
20.92,0.4,-51.348,0.0,0.0
20.94,0.398,-51.424,0.0,0.0
20.96,0.398,-51.501,0.0,0.0
20.98,0.398,-51.578,0.0,0.0
21.0,0.398,-51.653,0.0,0.0
21.02,0.396,-51.73,0.0,0.0
21.04,0.396,-51.807,0.0,0.0
21.06,0.394,-51.883,0.0,0.0
21.08,0.394,-51.958,0.0,0.0
21.1,0.394,-52.035,0.0,0.0
21.12,0.393,-52.112,0.0,0.0
21.14,0.393,-52.187,0.0,0.0
21.16,0.393,-52.264,0.0,0.0
21.18,0.391,-52.339,0.0,0.0
21.2,0.391,-52.416,0.0,0.0
21.22,0.391,-52.493,0.0,0.0
21.24,0.389,-52.568,0.0,0.0
21.26,0.389,-52.643,0.0,0.0
21.28,0.389,-52.719,0.0,0.0
21.3,0.389,-52.794,0.0,0.0
21.32,0.387,-52.87,0.0,0.0
21.34,0.387,-52.946,0.0,0.0
21.36,0.387,-53.021,0.0,0.0
21.38,0.387,-53.096,0.0,0.0
21.4,0.387,-53.171,0.0,0.0
21.42,0.386,-53.247,0.0,0.0
21.44,0.386,-53.322,0.0,0.0
21.46,0.386,-53.397,0.0,0.0
21.48,0.386,-53.47,0.0,0.0
21.5,0.386,-53.545,0.0,0.0
21.52,0.386,-53.62,0.0,0.0
21.54,0.384,-53.693,0.0,0.0
21.56,0.384,-53.768,0.0,0.0
21.58,0.384,-53.843,0.0,0.0
21.6,0.384,-53.917,0.0,0.0
21.62,0.382,-53.992,0.0,0.0
21.64,0.382,-54.067,0.0,0.0
21.66,0.382,-54.14,0.0,0.0
21.68,0.382,-54.215,0.0,0.0
21.7,0.382,-54.288,0.0,0.0
21.72,0.382,-54.364,0.0,0.0
21.74,0.38,-54.437,0.0,0.0
21.76,0.38,-54.512,0.0,0.0
21.78,0.38,-54.585,0.0,0.0
21.8,0.38,-54.659,0.0,0.0
21.82,0.38,-54.734,0.0,0.0
21.84,0.38,-54.807,0.0,0.0
21.86,0.38,-54.88,0.0,0.0
21.88,0.38,-54.953,0.0,0.0
21.9,0.38,-55.027,0.0,0.0
21.92,0.38,-55.1,0.0,0.0
21.94,0.38,-55.173,0.0,0.0
21.96,0.38,-55.247,0.0,0.0
21.98,0.38,-55.32,0.0,0.0
22.0,0.38,-55.393,0.0,0.0
22.02,0.38,-55.467,0.0,0.0
22.04,0.38,-55.54,0.0,0.0
22.06,0.38,-55.613,0.0,0.0
22.08,0.38,-55.685,0.0,0.0
22.1,0.38,-55.758,0.0,0.0
22.12,0.379,-55.831,0.0,0.0
22.14,0.379,-55.903,0.0,0.0
22.16,0.379,-55.976,0.0,0.0
22.18,0.379,-56.048,0.0,0.0
22.2,0.379,-56.119,0.0,0.0
22.22,0.379,-56.193,0.0,0.0
22.24,0.379,-56.264,0.0,0.0
22.26,0.379,-56.336,0.0,0.0
22.28,0.379,-56.409,0.0,0.0
22.3,0.379,-56.481,0.0,0.0
22.32,0.379,-56.552,0.0,0.0
22.34,0.379,-56.624,0.0,0.0
22.36,0.379,-56.695,0.0,0.0
22.38,0.379,-56.767,0.0,0.0
22.4,0.38,-56.838,0.0,0.0
22.42,0.38,-56.91,0.0,0.0
22.44,0.38,-56.982,0.0,0.0
22.46,0.379,-57.053,0.0,0.0
22.48,0.379,-57.125,0.0,0.0
22.5,0.379,-57.196,0.0,0.0
22.52,0.377,-57.268,0.0,0.0
22.54,0.377,-57.339,0.0,0.0
22.56,0.375,-57.411,0.0,0.0
22.58,0.375,-57.482,0.0,0.0
22.6,0.375,-57.554,0.0,0.0
22.62,0.374,-57.626,0.0,0.0
22.64,0.372,-57.695,0.0,0.0
22.66,0.372,-57.767,0.0,0.0
22.68,0.372,-57.838,0.0,0.0
22.7,0.37,-57.91,0.0,0.0
22.72,0.368,-57.982,0.0,0.0
22.74,0.368,-58.053,0.0,0.0
22.76,0.367,-58.123,0.0,0.0
22.78,0.367,-58.195,0.0,0.0
22.8,0.365,-58.266,0.0,0.0
22.82,0.365,-58.338,0.0,0.0
22.84,0.363,-58.407,0.0,0.0
22.86,0.363,-58.479,0.0,0.0
22.88,0.361,-58.551,0.0,0.0
22.9,0.361,-58.62,0.0,0.0
22.92,0.36,-58.692,0.0,0.0
22.94,0.36,-58.764,0.0,0.0
22.96,0.358,-58.833,0.0,0.0
22.98,0.358,-58.905,0.0,0.0
23.0,0.358,-58.975,0.0,0.0
23.02,0.358,-59.046,0.0,0.0
23.04,0.356,-59.116,0.0,0.0
23.06,0.356,-59.186,0.0,0.0
23.08,0.356,-59.257,0.0,0.0
23.1,0.356,-59.327,0.0,0.0
23.12,0.354,-59.397,0.0,0.0
23.14,0.354,-59.467,0.0,0.0
23.16,0.354,-59.537,0.0,0.0
23.18,0.354,-59.607,0.0,0.0
23.2,0.354,-59.676,0.0,0.0
23.22,0.354,-59.746,0.0,0.0
23.24,0.354,-59.816,0.0,0.0
23.26,0.353,-59.886,0.0,0.0
23.28,0.353,-59.956,0.0,0.0
23.3,0.353,-60.024,0.0,0.0
23.32,0.353,-60.093,0.0,0.0
23.34,0.353,-60.163,0.0,0.0
23.36,0.353,-60.233,0.0,0.0
23.38,0.353,-60.301,0.0,0.0
23.4,0.351,-60.371,0.0,0.0
23.42,0.351,-60.441,0.0,0.0
23.44,0.351,-60.509,0.0,0.0
23.46,0.351,-60.579,0.0,0.0
23.48,0.351,-60.647,0.0,0.0
23.5,0.351,-60.717,0.0,0.0
23.52,0.351,-60.785,0.0,0.0
23.54,0.351,-60.854,0.0,0.0
23.56,0.351,-60.922,0.0,0.0
23.58,0.351,-60.991,0.0,0.0
23.6,0.351,-61.06,0.0,0.0
23.62,0.351,-61.128,0.0,0.0
23.64,0.351,-61.197,0.0,0.0
23.66,0.349,-61.265,0.0,0.0
23.68,0.349,-61.333,0.0,0.0
23.7,0.349,-61.401,0.0,0.0
23.72,0.349,-61.469,0.0,0.0
23.74,0.349,-61.537,0.0,0.0
23.76,0.349,-61.605,0.0,0.0
23.78,0.349,-61.673,0.0,0.0
23.8,0.349,-61.741,0.0,0.0
23.82,0.349,-61.809,0.0,0.0
23.84,0.349,-61.875,0.0,0.0
23.86,0.349,-61.944,0.0,0.0
23.88,0.349,-62.012,0.0,0.0
23.9,0.349,-62.078,0.0,0.0
23.92,0.349,-62.146,0.0,0.0
23.94,0.349,-62.212,0.0,0.0
23.96,0.349,-62.28,0.0,0.0
23.98,0.349,-62.347,0.0,0.0
24.0,0.349,-62.413,0.0,0.0
24.02,0.349,-62.481,0.0,0.0
24.04,0.349,-62.547,0.0,0.0
24.06,0.349,-62.614,0.0,0.0
24.08,0.349,-62.68,0.0,0.0
24.1,0.349,-62.746,0.0,0.0
24.12,0.349,-62.813,0.0,0.0
24.14,0.351,-62.879,0.0,0.0
24.16,0.351,-62.945,0.0,0.0
24.18,0.351,-63.012,0.0,0.0
24.2,0.349,-63.078,0.0,0.0
24.22,0.349,-63.144,0.0,0.0
24.24,0.347,-63.211,0.0,0.0
24.26,0.347,-63.277,0.0,0.0
24.28,0.347,-63.343,0.0,0.0
24.3,0.346,-63.41,0.0,0.0
24.32,0.344,-63.476,0.0,0.0
24.34,0.344,-63.54,0.0,0.0
24.36,0.342,-63.607,0.0,0.0
24.38,0.342,-63.673,0.0,0.0
24.4,0.34,-63.739,0.0,0.0
24.42,0.339,-63.806,0.0,0.0
24.44,0.339,-63.872,0.0,0.0
24.46,0.337,-63.938,0.0,0.0
24.48,0.337,-64.003,0.0,0.0
24.5,0.335,-64.069,0.0,0.0
24.52,0.333,-64.136,0.0,0.0
24.54,0.333,-64.202,0.0,0.0
24.56,0.332,-64.267,0.0,0.0
24.58,0.33,-64.333,0.0,0.0
24.6,0.33,-64.399,0.0,0.0
24.62,0.328,-64.466,0.0,0.0
24.64,0.328,-64.53,0.0,0.0
24.66,0.326,-64.596,0.0,0.0
24.68,0.326,-64.663,0.0,0.0
24.7,0.325,-64.727,0.0,0.0
24.72,0.325,-64.794,0.0,0.0
24.74,0.323,-64.86,0.0,0.0
24.76,0.321,-64.925,0.0,0.0
24.78,0.321,-64.991,0.0,0.0
24.8,0.321,-65.055,0.0,0.0
24.82,0.319,-65.122,0.0,0.0
24.84,0.319,-65.186,0.0,0.0
24.86,0.319,-65.253,0.0,0.0
24.88,0.318,-65.317,0.0,0.0
24.9,0.318,-65.384,0.0,0.0
24.92,0.318,-65.448,0.0,0.0
24.94,0.316,-65.513,0.0,0.0
24.96,0.316,-65.577,0.0,0.0
24.98,0.316,-65.644,0.0,0.0
25.0,0.316,-65.708,0.0,0.0
25.02,0.316,-65.773,0.0,0.0
25.04,0.316,-65.837,0.0,0.0
25.06,0.314,-65.902,0.0,0.0
25.08,0.314,-65.966,0.0,0.0
25.1,0.314,-66.029,0.0,0.0
25.12,0.314,-66.094,0.0,0.0
25.14,0.314,-66.158,0.0,0.0
25.16,0.314,-66.223,0.0,0.0
25.18,0.314,-66.288,0.0,0.0
25.2,0.314,-66.35,0.0,0.0
25.22,0.314,-66.415,0.0,0.0
25.24,0.314,-66.48,0.0,0.0
25.26,0.314,-66.542,0.0,0.0
25.28,0.314,-66.607,0.0,0.0
25.3,0.314,-66.67,0.0,0.0
25.32,0.314,-66.734,0.0,0.0
25.34,0.314,-66.799,0.0,0.0
25.36,0.314,-66.862,0.0,0.0
25.38,0.314,-66.926,0.0,0.0
25.4,0.314,-66.989,0.0,0.0
25.42,0.314,-67.052,0.0,0.0
25.44,0.314,-67.117,0.0,0.0
25.46,0.314,-67.179,0.0,0.0
25.48,0.314,-67.242,0.0,0.0
25.5,0.314,-67.307,0.0,0.0
25.52,0.314,-67.37,0.0,0.0
25.54,0.312,-67.433,0.0,0.0
25.56,0.312,-67.495,0.0,0.0
25.58,0.312,-67.558,0.0,0.0
25.6,0.312,-67.621,0.0,0.0
25.62,0.312,-67.684,0.0,0.0
25.64,0.312,-67.747,0.0,0.0
25.66,0.312,-67.81,0.0,0.0
25.68,0.312,-67.872,0.0,0.0
25.7,0.312,-67.935,0.0,0.0
25.72,0.312,-67.996,0.0,0.0
25.74,0.312,-68.059,0.0,0.0
25.76,0.312,-68.122,0.0,0.0
25.78,0.312,-68.185,0.0,0.0
25.8,0.312,-68.246,0.0,0.0
25.82,0.312,-68.309,0.0,0.0
25.84,0.312,-68.37,0.0,0.0
25.86,0.312,-68.433,0.0,0.0
25.88,0.312,-68.494,0.0,0.0
25.9,0.312,-68.557,0.0,0.0
25.92,0.312,-68.618,0.0,0.0
25.94,0.312,-68.679,0.0,0.0
25.96,0.312,-68.742,0.0,0.0
25.98,0.312,-68.803,0.0,0.0
26.0,0.312,-68.864,0.0,0.0
26.02,0.314,-68.925,0.0,0.0
26.04,0.314,-68.986,0.0,0.0
26.06,0.314,-69.049,0.0,0.0
26.08,0.314,-69.11,0.0,0.0
26.1,0.312,-69.171,0.0,0.0
26.12,0.312,-69.232,0.0,0.0
26.14,0.312,-69.293,0.0,0.0
26.16,0.311,-69.354,0.0,0.0
26.18,0.311,-69.415,0.0,0.0
26.2,0.309,-69.476,0.0,0.0
26.22,0.309,-69.537,0.0,0.0
26.24,0.307,-69.599,0.0,0.0
26.26,0.307,-69.66,0.0,0.0
26.28,0.305,-69.721,0.0,0.0
26.3,0.305,-69.782,0.0,0.0
26.32,0.305,-69.843,0.0,0.0
26.34,0.302,-69.904,0.0,0.0
26.36,0.3,-69.963,0.0,0.0
26.38,0.3,-70.024,0.0,0.0
26.4,0.298,-70.085,0.0,0.0
26.42,0.298,-70.147,0.0,0.0
26.44,0.297,-70.208,0.0,0.0
26.46,0.295,-70.269,0.0,0.0
26.48,0.295,-70.33,0.0,0.0
26.5,0.293,-70.391,0.0,0.0
26.52,0.291,-70.452,0.0,0.0
26.54,0.291,-70.513,0.0,0.0
26.56,0.29,-70.574,0.0,0.0
26.58,0.288,-70.635,0.0,0.0
26.6,0.286,-70.696,0.0,0.0
26.62,0.286,-70.756,0.0,0.0
26.64,0.284,-70.817,0.0,0.0
26.66,0.284,-70.878,0.0,0.0
26.68,0.283,-70.939,0.0,0.0
26.7,0.283,-71.0,0.0,0.0
26.72,0.281,-71.061,0.0,0.0
26.74,0.281,-71.12,0.0,0.0
26.76,0.279,-71.182,0.0,0.0
26.78,0.279,-71.243,0.0,0.0
26.8,0.278,-71.304,0.0,0.0
26.82,0.278,-71.363,0.0,0.0
26.84,0.278,-71.424,0.0,0.0
26.86,0.276,-71.485,0.0,0.0
26.88,0.276,-71.545,0.0,0.0
26.9,0.276,-71.606,0.0,0.0
26.92,0.274,-71.665,0.0,0.0
26.94,0.274,-71.726,0.0,0.0
26.96,0.274,-71.785,0.0,0.0
26.98,0.274,-71.847,0.0,0.0
27.0,0.274,-71.906,0.0,0.0
27.02,0.272,-71.965,0.0,0.0
27.04,0.272,-72.026,0.0,0.0
27.06,0.272,-72.086,0.0,0.0
27.08,0.272,-72.145,0.0,0.0
27.1,0.272,-72.204,0.0,0.0
27.12,0.272,-72.264,0.0,0.0
27.14,0.272,-72.323,0.0,0.0
27.16,0.272,-72.382,0.0,0.0
27.18,0.272,-72.442,0.0,0.0
27.2,0.272,-72.501,0.0,0.0
27.22,0.272,-72.559,0.0,0.0
27.24,0.272,-72.618,0.0,0.0
27.26,0.272,-72.677,0.0,0.0
27.28,0.272,-72.737,0.0,0.0
27.3,0.272,-72.796,0.0,0.0
27.32,0.272,-72.855,0.0,0.0
27.34,0.271,-72.913,0.0,0.0
27.36,0.271,-72.972,0.0,0.0
27.38,0.271,-73.032,0.0,0.0
27.4,0.271,-73.089,0.0,0.0
27.42,0.271,-73.149,0.0,0.0
27.44,0.271,-73.208,0.0,0.0
27.46,0.271,-73.265,0.0,0.0
27.48,0.271,-73.325,0.0,0.0
27.5,0.269,-73.382,0.0,0.0
27.52,0.269,-73.442,0.0,0.0
27.54,0.269,-73.499,0.0,0.0
27.56,0.269,-73.559,0.0,0.0
27.58,0.269,-73.616,0.0,0.0
27.6,0.269,-73.676,0.0,0.0
27.62,0.269,-73.733,0.0,0.0
27.64,0.269,-73.791,0.0,0.0
27.66,0.269,-73.848,0.0,0.0
27.68,0.269,-73.908,0.0,0.0
27.7,0.269,-73.965,0.0,0.0
27.72,0.269,-74.023,0.0,0.0
27.74,0.269,-74.081,0.0,0.0
27.76,0.269,-74.138,0.0,0.0
27.78,0.269,-74.196,0.0,0.0
27.8,0.269,-74.253,0.0,0.0
27.82,0.269,-74.311,0.0,0.0
27.84,0.269,-74.369,0.0,0.0
27.86,0.269,-74.424,0.0,0.0
27.88,0.269,-74.482,0.0,0.0
27.9,0.269,-74.54,0.0,0.0
27.92,0.269,-74.597,0.0,0.0
27.94,0.269,-74.655,0.0,0.0
27.96,0.269,-74.711,0.0,0.0
27.98,0.269,-74.768,0.0,0.0
28.0,0.269,-74.824,0.0,0.0
28.02,0.269,-74.882,0.0,0.0
28.04,0.269,-74.937,0.0,0.0
28.06,0.271,-74.995,0.0,0.0
28.08,0.271,-75.051,0.0,0.0
28.1,0.271,-75.107,0.0,0.0
28.12,0.271,-75.164,0.0,0.0
28.14,0.271,-75.22,0.0,0.0
28.16,0.271,-75.276,0.0,0.0
28.18,0.269,-75.332,0.0,0.0
28.2,0.269,-75.388,0.0,0.0
28.22,0.269,-75.444,0.0,0.0
28.24,0.267,-75.501,0.0,0.0
28.26,0.267,-75.557,0.0,0.0
28.28,0.267,-75.613,0.0,0.0
28.3,0.265,-75.669,0.0,0.0
28.32,0.265,-75.725,0.0,0.0
28.34,0.264,-75.78,0.0,0.0
28.36,0.262,-75.836,0.0,0.0
28.38,0.262,-75.892,0.0,0.0
28.4,0.26,-75.948,0.0,0.0
28.42,0.258,-76.004,0.0,0.0
28.44,0.258,-76.06,0.0,0.0
28.46,0.257,-76.116,0.0,0.0
28.48,0.257,-76.171,0.0,0.0
28.5,0.255,-76.227,0.0,0.0
28.52,0.253,-76.283,0.0,0.0
28.54,0.251,-76.339,0.0,0.0
28.56,0.25,-76.395,0.0,0.0
28.58,0.248,-76.451,0.0,0.0
28.6,0.248,-76.507,0.0,0.0
28.62,0.246,-76.562,0.0,0.0
28.64,0.244,-76.618,0.0,0.0
28.66,0.243,-76.674,0.0,0.0
28.68,0.243,-76.73,0.0,0.0
28.7,0.241,-76.786,0.0,0.0
28.72,0.239,-76.842,0.0,0.0
28.74,0.237,-76.897,0.0,0.0
28.76,0.236,-76.953,0.0,0.0
28.78,0.234,-77.009,0.0,0.0
28.8,0.234,-77.065,0.0,0.0
28.82,0.232,-77.121,0.0,0.0
28.84,0.23,-77.177,0.0,0.0
28.86,0.23,-77.233,0.0,0.0
28.88,0.229,-77.288,0.0,0.0
28.9,0.229,-77.344,0.0,0.0
28.92,0.227,-77.4,0.0,0.0
28.94,0.225,-77.456,0.0,0.0
28.96,0.225,-77.512,0.0,0.0
28.98,0.223,-77.568,0.0,0.0
29.0,0.222,-77.624,0.0,0.0
29.02,0.222,-77.679,0.0,0.0
29.04,0.222,-77.735,0.0,0.0
29.06,0.22,-77.791,0.0,0.0
29.08,0.22,-77.845,0.0,0.0
29.1,0.22,-77.901,0.0,0.0
29.12,0.218,-77.957,0.0,0.0
29.14,0.218,-78.013,0.0,0.0
29.16,0.218,-78.067,0.0,0.0
29.18,0.218,-78.123,0.0,0.0
29.2,0.216,-78.177,0.0,0.0
29.22,0.216,-78.233,0.0,0.0
29.24,0.216,-78.287,0.0,0.0
29.26,0.216,-78.343,0.0,0.0
29.28,0.216,-78.397,0.0,0.0
29.3,0.216,-78.451,0.0,0.0
29.32,0.215,-78.505,0.0,0.0
29.34,0.215,-78.561,0.0,0.0
29.36,0.215,-78.615,0.0,0.0
29.38,0.215,-78.669,0.0,0.0
29.4,0.215,-78.723,0.0,0.0
29.42,0.215,-78.777,0.0,0.0
29.44,0.215,-78.831,0.0,0.0
29.46,0.215,-78.885,0.0,0.0
29.48,0.215,-78.94,0.0,0.0
29.5,0.215,-78.994,0.0,0.0
29.52,0.215,-79.048,0.0,0.0
29.54,0.215,-79.102,0.0,0.0
29.56,0.215,-79.156,0.0,0.0
29.58,0.215,-79.21,0.0,0.0
29.6,0.215,-79.264,0.0,0.0
29.62,0.215,-79.318,0.0,0.0
29.64,0.215,-79.372,0.0,0.0
29.66,0.215,-79.426,0.0,0.0
29.68,0.215,-79.481,0.0,0.0
29.7,0.213,-79.535,0.0,0.0
29.72,0.213,-79.587,0.0,0.0
29.74,0.213,-79.641,0.0,0.0
29.76,0.213,-79.695,0.0,0.0
29.78,0.213,-79.748,0.0,0.0
29.8,0.213,-79.802,0.0,0.0
29.82,0.213,-79.856,0.0,0.0
29.84,0.213,-79.908,0.0,0.0
29.86,0.213,-79.962,0.0,0.0
29.88,0.215,-80.015,0.0,0.0
29.9,0.215,-80.069,0.0,0.0
29.92,0.215,-80.121,0.0,0.0
29.94,0.215,-80.173,0.0,0.0
29.96,0.215,-80.228,0.0,0.0
29.98,0.215,-80.28,0.0,0.0
30.0,0.215,-80.332,0.0,0.0
30.02,0.215,-80.385,0.0,0.0
30.04,0.215,-80.439,0.0,0.0
30.06,0.215,-80.491,0.0,0.0
30.08,0.215,-80.543,0.0,0.0
30.1,0.215,-80.596,0.0,0.0
30.12,0.215,-80.648,0.0,0.0
30.14,0.215,-80.701,0.0,0.0
30.16,0.215,-80.753,0.0,0.0
30.18,0.215,-80.805,0.0,0.0
30.2,0.215,-80.858,0.0,0.0
30.22,0.215,-80.91,0.0,0.0
30.24,0.216,-80.962,0.0,0.0
30.26,0.216,-81.015,0.0,0.0
30.28,0.216,-81.065,0.0,0.0
30.3,0.216,-81.118,0.0,0.0
30.32,0.216,-81.17,0.0,0.0
30.34,0.216,-81.221,0.0,0.0
30.36,0.216,-81.273,0.0,0.0
30.38,0.215,-81.324,0.0,0.0
30.4,0.215,-81.376,0.0,0.0
30.42,0.215,-81.427,0.0,0.0
30.44,0.215,-81.479,0.0,0.0
30.46,0.213,-81.53,0.0,0.0
30.48,0.213,-81.58,0.0,0.0
30.5,0.213,-81.633,0.0,0.0
30.52,0.211,-81.683,0.0,0.0
30.54,0.211,-81.734,0.0,0.0
30.56,0.209,-81.786,0.0,0.0
30.58,0.209,-81.837,0.0,0.0
30.6,0.209,-81.887,0.0,0.0
30.62,0.208,-81.94,0.0,0.0
30.64,0.206,-81.99,0.0,0.0
30.66,0.204,-82.041,0.0,0.0
30.68,0.204,-82.092,0.0,0.0
30.7,0.202,-82.144,0.0,0.0
30.72,0.202,-82.195,0.0,0.0
30.74,0.201,-82.245,0.0,0.0
30.76,0.199,-82.298,0.0,0.0
30.78,0.199,-82.348,0.0,0.0
30.8,0.197,-82.399,0.0,0.0
30.82,0.195,-82.449,0.0,0.0
30.84,0.194,-82.502,0.0,0.0
30.86,0.192,-82.552,0.0,0.0
30.88,0.192,-82.603,0.0,0.0
30.9,0.188,-82.655,0.0,0.0
30.92,0.188,-82.706,0.0,0.0
30.94,0.187,-82.757,0.0,0.0
30.96,0.185,-82.809,0.0,0.0
30.98,0.185,-82.86,0.0,0.0
31.0,0.183,-82.91,0.0,0.0
31.02,0.182,-82.963,0.0,0.0
31.04,0.18,-83.013,0.0,0.0
31.06,0.178,-83.065,0.0,0.0
31.08,0.176,-83.116,0.0,0.0
31.1,0.176,-83.167,0.0,0.0
31.12,0.175,-83.219,0.0,0.0
31.14,0.173,-83.27,0.0,0.0
31.16,0.171,-83.32,0.0,0.0
31.18,0.169,-83.373,0.0,0.0
31.2,0.169,-83.423,0.0,0.0
31.22,0.168,-83.474,0.0,0.0
31.24,0.168,-83.526,0.0,0.0
31.26,0.166,-83.577,0.0,0.0
31.28,0.164,-83.627,0.0,0.0
31.3,0.162,-83.678,0.0,0.0
31.32,0.162,-83.73,0.0,0.0
31.34,0.162,-83.781,0.0,0.0
31.36,0.161,-83.832,0.0,0.0
31.38,0.161,-83.882,0.0,0.0
31.4,0.159,-83.935,0.0,0.0
31.42,0.159,-83.985,0.0,0.0
31.44,0.159,-84.036,0.0,0.0
31.46,0.157,-84.087,0.0,0.0
31.48,0.157,-84.137,0.0,0.0
31.5,0.155,-84.188,0.0,0.0
31.52,0.155,-84.238,0.0,0.0
31.54,0.155,-84.289,0.0,0.0
31.56,0.155,-84.34,0.0,0.0
31.58,0.155,-84.39,0.0,0.0
31.6,0.154,-84.441,0.0,0.0
31.62,0.154,-84.491,0.0,0.0
31.64,0.154,-84.54,0.0,0.0
31.66,0.154,-84.591,0.0,0.0
31.68,0.154,-84.642,0.0,0.0
31.7,0.154,-84.69,0.0,0.0
31.72,0.152,-84.741,0.0,0.0
31.74,0.152,-84.79,0.0,0.0
31.76,0.152,-84.839,0.0,0.0
31.78,0.152,-84.889,0.0,0.0
31.8,0.152,-84.938,0.0,0.0
31.82,0.152,-84.989,0.0,0.0
31.84,0.152,-85.038,0.0,0.0
31.86,0.152,-85.087,0.0,0.0
31.88,0.152,-85.137,0.0,0.0
31.9,0.152,-85.186,0.0,0.0
31.92,0.152,-85.235,0.0,0.0
31.94,0.152,-85.286,0.0,0.0
31.96,0.152,-85.334,0.0,0.0
31.98,0.152,-85.383,0.0,0.0
32.0,0.152,-85.432,0.0,0.0
32.02,0.152,-85.483,0.0,0.0
32.04,0.152,-85.532,0.0,0.0
32.06,0.152,-85.581,0.0,0.0
32.08,0.152,-85.629,0.0,0.0
32.1,0.152,-85.678,0.0,0.0
32.12,0.152,-85.729,0.0,0.0
32.14,0.152,-85.778,0.0,0.0
32.16,0.152,-85.827,0.0,0.0
32.18,0.152,-85.875,0.0,0.0
32.2,0.152,-85.924,0.0,0.0
32.22,0.152,-85.973,0.0,0.0
32.24,0.152,-86.022,0.0,0.0
32.26,0.152,-86.071,0.0,0.0
32.28,0.152,-86.118,0.0,0.0
32.3,0.152,-86.167,0.0,0.0
32.32,0.15,-86.216,0.0,0.0
32.34,0.15,-86.265,0.0,0.0
32.36,0.15,-86.314,0.0,0.0
32.38,0.15,-86.361,0.0,0.0
32.4,0.15,-86.41,0.0,0.0
32.42,0.15,-86.458,0.0,0.0
32.44,0.15,-86.506,0.0,0.0
32.46,0.15,-86.554,0.0,0.0
32.48,0.15,-86.602,0.0,0.0
32.5,0.15,-86.65,0.0,0.0
32.52,0.15,-86.698,0.0,0.0
32.54,0.152,-86.746,0.0,0.0
32.56,0.152,-86.794,0.0,0.0
32.58,0.152,-86.841,0.0,0.0
32.6,0.152,-86.89,0.0,0.0
32.62,0.152,-86.937,0.0,0.0
32.64,0.152,-86.984,0.0,0.0
32.66,0.152,-87.033,0.0,0.0
32.68,0.152,-87.08,0.0,0.0
32.7,0.152,-87.127,0.0,0.0
32.72,0.15,-87.174,0.0,0.0
32.74,0.15,-87.221,0.0,0.0
32.76,0.15,-87.268,0.0,0.0
32.78,0.15,-87.315,0.0,0.0
32.8,0.15,-87.362,0.0,0.0
32.82,0.15,-87.41,0.0,0.0
32.84,0.15,-87.457,0.0,0.0
32.86,0.148,-87.504,0.0,0.0
32.88,0.148,-87.551,0.0,0.0
32.9,0.148,-87.596,0.0,0.0
32.92,0.147,-87.643,0.0,0.0
32.94,0.147,-87.691,0.0,0.0
32.96,0.147,-87.736,0.0,0.0
32.98,0.145,-87.783,0.0,0.0
33.0,0.145,-87.83,0.0,0.0
33.02,0.145,-87.876,0.0,0.0
33.04,0.143,-87.923,0.0,0.0
33.06,0.141,-87.968,0.0,0.0
33.08,0.141,-88.015,0.0,0.0
33.1,0.14,-88.061,0.0,0.0
33.12,0.14,-88.108,0.0,0.0
33.14,0.138,-88.153,0.0,0.0
33.16,0.136,-88.2,0.0,0.0
33.18,0.136,-88.247,0.0,0.0
33.2,0.134,-88.293,0.0,0.0
33.22,0.133,-88.34,0.0,0.0
33.24,0.133,-88.385,0.0,0.0
33.26,0.129,-88.432,0.0,0.0
33.28,0.129,-88.478,0.0,0.0
33.3,0.127,-88.525,0.0,0.0
33.32,0.126,-88.57,0.0,0.0
33.34,0.126,-88.617,0.0,0.0
33.36,0.122,-88.665,0.0,0.0
33.38,0.122,-88.71,0.0,0.0
33.4,0.12,-88.757,0.0,0.0
33.42,0.119,-88.804,0.0,0.0
33.44,0.117,-88.85,0.0,0.0
33.46,0.115,-88.897,0.0,0.0
33.48,0.113,-88.944,0.0,0.0
33.5,0.113,-88.989,0.0,0.0
33.52,0.11,-89.036,0.0,0.0
33.54,0.108,-89.083,0.0,0.0
33.56,0.108,-89.131,0.0,0.0
33.58,0.106,-89.176,0.0,0.0
33.6,0.105,-89.223,0.0,0.0
33.62,0.103,-89.27,0.0,0.0
33.64,0.101,-89.317,0.0,0.0
33.66,0.101,-89.363,0.0,0.0
33.68,0.099,-89.41,0.0,0.0
33.7,0.098,-89.457,0.0,0.0
33.72,0.096,-89.504,0.0,0.0
33.74,0.096,-89.549,0.0,0.0
33.76,0.094,-89.597,0.0,0.0
33.78,0.093,-89.644,0.0,0.0
33.8,0.093,-89.689,0.0,0.0
33.82,0.091,-89.736,0.0,0.0
33.84,0.089,-89.783,0.0,0.0
33.86,0.089,-89.83,0.0,0.0
33.88,0.087,-89.876,0.0,0.0
33.9,0.087,-89.923,0.0,0.0
33.92,0.086,-89.968,0.0,0.0
33.94,0.086,-90.015,0.0,0.0
33.96,0.084,-90.063,0.0,0.0
33.98,0.084,-90.108,0.0,0.0
34.0,0.084,-90.155,0.0,0.0
34.02,0.082,-90.2,0.0,0.0
34.04,0.082,-90.248,0.0,0.0
34.06,0.082,-90.293,0.0,0.0
34.08,0.08,-90.34,0.0,0.0
34.1,0.08,-90.385,0.0,0.0
34.12,0.08,-90.431,0.0,0.0
34.14,0.08,-90.478,0.0,0.0
34.16,0.08,-90.523,0.0,0.0
34.18,0.079,-90.569,0.0,0.0
34.2,0.079,-90.614,0.0,0.0
34.22,0.079,-90.659,0.0,0.0
34.24,0.079,-90.705,0.0,0.0
34.26,0.079,-90.75,0.0,0.0
34.28,0.079,-90.796,0.0,0.0
34.3,0.079,-90.841,0.0,0.0
34.32,0.079,-90.886,0.0,0.0
34.34,0.079,-90.932,0.0,0.0
34.36,0.079,-90.975,0.0,0.0
34.38,0.077,-91.021,0.0,0.0
34.4,0.077,-91.066,0.0,0.0
34.42,0.077,-91.11,0.0,0.0
34.44,0.077,-91.155,0.0,0.0
34.46,0.077,-91.2,0.0,0.0
34.48,0.077,-91.244,0.0,0.0
34.5,0.077,-91.289,0.0,0.0
34.52,0.077,-91.333,0.0,0.0
34.54,0.077,-91.379,0.0,0.0
34.56,0.077,-91.422,0.0,0.0
34.58,0.077,-91.468,0.0,0.0
34.6,0.077,-91.511,0.0,0.0
34.62,0.077,-91.557,0.0,0.0
34.64,0.075,-91.6,0.0,0.0
34.66,0.075,-91.646,0.0,0.0
34.68,0.075,-91.689,0.0,0.0
34.7,0.075,-91.735,0.0,0.0
34.72,0.075,-91.778,0.0,0.0
34.74,0.075,-91.824,0.0,0.0
34.76,0.075,-91.867,0.0,0.0
34.78,0.075,-91.911,0.0,0.0
34.8,0.075,-91.956,0.0,0.0
34.82,0.073,-92.0,0.0,0.0
34.84,0.073,-92.045,0.0,0.0
34.86,0.073,-92.089,0.0,0.0
34.88,0.073,-92.132,0.0,0.0
34.9,0.073,-92.178,0.0,0.0
34.92,0.073,-92.221,0.0,0.0
34.94,0.073,-92.265,0.0,0.0
34.96,0.073,-92.309,0.0,0.0
34.98,0.073,-92.352,0.0,0.0
35.0,0.073,-92.398,0.0,0.0
35.02,0.073,-92.441,0.0,0.0
35.04,0.073,-92.485,0.0,0.0
35.06,0.073,-92.529,0.0,0.0
35.08,0.073,-92.572,0.0,0.0
35.1,0.073,-92.616,0.0,0.0
35.12,0.073,-92.66,0.0,0.0
35.14,0.073,-92.703,0.0,0.0
35.16,0.073,-92.747,0.0,0.0
35.18,0.073,-92.789,0.0,0.0
35.2,0.073,-92.832,0.0,0.0
35.22,0.072,-92.876,0.0,0.0
35.24,0.072,-92.92,0.0,0.0
35.26,0.072,-92.962,0.0,0.0
35.28,0.072,-93.005,0.0,0.0
35.3,0.072,-93.049,0.0,0.0
35.32,0.072,-93.091,0.0,0.0
35.34,0.072,-93.134,0.0,0.0
35.36,0.072,-93.178,0.0,0.0
35.38,0.072,-93.22,0.0,0.0
35.4,0.072,-93.263,0.0,0.0
35.42,0.07,-93.305,0.0,0.0
35.44,0.07,-93.349,0.0,0.0
35.46,0.07,-93.391,0.0,0.0
35.48,0.07,-93.433,0.0,0.0
35.5,0.07,-93.476,0.0,0.0
35.52,0.07,-93.518,0.0,0.0
35.54,0.068,-93.56,0.0,0.0
35.56,0.068,-93.602,0.0,0.0
35.58,0.068,-93.644,0.0,0.0
35.6,0.068,-93.688,0.0,0.0
35.62,0.066,-93.729,0.0,0.0
35.64,0.066,-93.771,0.0,0.0
35.66,0.066,-93.813,0.0,0.0
35.68,0.066,-93.853,0.0,0.0
35.7,0.065,-93.895,0.0,0.0
35.72,0.065,-93.937,0.0,0.0
35.74,0.063,-93.979,0.0,0.0
35.76,0.063,-94.021,0.0,0.0
35.78,0.063,-94.063,0.0,0.0
35.8,0.061,-94.103,0.0,0.0
35.82,0.059,-94.145,0.0,0.0
35.84,0.059,-94.187,0.0,0.0
35.86,0.058,-94.227,0.0,0.0
35.88,0.056,-94.269,0.0,0.0
35.9,0.056,-94.311,0.0,0.0
35.92,0.054,-94.351,0.0,0.0
35.94,0.052,-94.393,0.0,0.0
35.96,0.051,-94.435,0.0,0.0
35.98,0.051,-94.475,0.0,0.0
36.0,0.049,-94.517,0.0,0.0
36.02,0.047,-94.558,0.0,0.0
36.04,0.045,-94.6,0.0,0.0
36.06,0.045,-94.641,0.0,0.0
36.08,0.044,-94.682,0.0,0.0
36.1,0.042,-94.724,0.0,0.0
36.12,0.04,-94.766,0.0,0.0
36.14,0.038,-94.806,0.0,0.0
36.16,0.037,-94.848,0.0,0.0
36.18,0.035,-94.89,0.0,0.0
36.2,0.033,-94.932,0.0,0.0
36.22,0.031,-94.974,0.0,0.0
36.24,0.03,-95.016,0.0,0.0
36.26,0.028,-95.058,0.0,0.0
36.28,0.026,-95.1,0.0,0.0
36.3,0.024,-95.141,0.0,0.0
36.32,0.024,-95.183,0.0,0.0
36.34,0.021,-95.225,0.0,0.0
36.36,0.021,-95.267,0.0,0.0
36.38,0.019,-95.309,0.0,0.0
36.4,0.019,-95.351,0.0,0.0
36.42,0.019,-95.393,0.0,0.0
36.44,0.016,-95.435,0.0,0.0
36.46,0.016,-95.477,0.0,0.0
36.48,0.014,-95.518,0.0,0.0
36.5,0.012,-95.559,0.0,0.0
36.52,0.01,-95.6,0.0,0.0
36.54,0.01,-95.642,0.0,0.0
36.56,0.009,-95.684,0.0,0.0
36.58,0.009,-95.726,0.0,0.0
36.6,0.009,-95.768,0.0,0.0
36.62,0.007,-95.81,0.0,0.0
36.64,0.005,-95.852,0.0,0.0
36.66,0.005,-95.894,0.0,0.0
36.68,0.005,-95.936,0.0,0.0
36.7,0.003,-95.976,0.0,0.0
36.72,0.003,-96.018,0.0,0.0
36.74,0.003,-96.059,0.0,0.0
36.76,0.003,-96.101,0.0,0.0
36.78,0.003,-96.142,0.0,0.0
36.8,0.003,-96.183,0.0,0.0
36.82,0.003,-96.225,0.0,0.0
36.84,0.003,-96.265,0.0,0.0
36.86,0.003,-96.306,0.0,0.0
36.88,0.003,-96.347,0.0,0.0
36.9,0.002,-96.388,0.0,0.0
36.92,0.002,-96.428,0.0,0.0
36.94,0.002,-96.47,0.0,0.0
36.96,0.002,-96.51,0.0,0.0
36.98,0.002,-96.55,0.0,0.0
37.0,0.002,-96.59,0.0,0.0
37.02,0.002,-96.63,0.0,0.0
37.04,0.002,-96.67,0.0,0.0
37.06,0.002,-96.71,0.0,0.0
37.08,0.002,-96.751,0.0,0.0
37.1,0.002,-96.789,0.0,0.0
37.12,0.002,-96.829,0.0,0.0
37.14,0.002,-96.869,0.0,0.0
37.16,0.002,-96.908,0.0,0.0
37.18,0.002,-96.948,0.0,0.0
37.2,0.002,-96.988,0.0,0.0
37.22,0.002,-97.026,0.0,0.0
37.24,0.002,-97.065,0.0,0.0
37.26,0.0,-97.105,0.0,0.0
37.28,0.0,-97.143,0.0,0.0
37.3,0.0,-97.182,0.0,0.0
37.32,0.0,-97.222,0.0,0.0
37.34,0.0,-97.26,0.0,0.0
37.36,0.0,-97.299,0.0,0.0
37.38,0.0,-97.337,0.0,0.0
37.4,0.0,-97.375,0.0,0.0
37.42,0.0,-97.414,0.0,0.0
37.44,0.0,-97.452,0.0,0.0
37.46,0.0,-97.491,0.0,0.0
37.48,0.0,-97.529,0.0,0.0
37.5,0.0,-97.567,0.0,0.0
37.52,0.0,-97.606,0.0,0.0
37.54,0.0,-97.644,0.0,0.0
37.56,0.0,-97.683,0.0,0.0
37.58,0.0,-97.721,0.0,0.0
37.6,0.0,-97.759,0.0,0.0
37.62,0.0,-97.798,0.0,0.0
37.64,0.0,-97.836,0.0,0.0
37.66,0.0,-97.873,0.0,0.0
37.68,0.0,-97.911,0.0,0.0
37.7,0.0,-97.95,0.0,0.0
37.72,0.0,-97.988,0.0,0.0
37.74,0.0,-98.026,0.0,0.0
37.76,0.0,-98.063,0.0,0.0
37.78,0.0,-98.102,0.0,0.0
37.8,0.0,-98.14,0.0,0.0
37.82,0.0,-98.178,0.0,0.0
37.84,0.0,-98.215,0.0,0.0
37.86,0.0,-98.253,0.0,0.0
37.88,0.0,-98.292,0.0,0.0
37.9,0.0,-98.328,0.0,0.0
37.92,0.0,-98.367,0.0,0.0
37.94,0.0,-98.405,0.0,0.0
37.96,0.0,-98.442,0.0,0.0
37.98,0.0,-98.48,0.0,0.0
38.0,0.0,-98.517,0.0,0.0
38.02,0.0,-98.555,0.0,0.0
38.04,0.0,-98.592,0.0,0.0
38.06,0.0,-98.63,0.0,0.0
38.08,0.0,-98.667,0.0,0.0
38.1,0.0,-98.704,0.0,0.0
38.12,0.0,-98.742,0.0,0.0
38.14,0.0,-98.779,0.0,0.0
38.16,0.0,-98.815,0.0,0.0
38.18,0.0,-98.852,0.0,0.0
38.2,0.0,-98.89,0.0,0.0
38.22,0.0,-98.927,0.0,0.0
38.24,0.0,-98.964,0.0,0.0
38.26,0.0,-99.0,0.0,0.0
38.28,0.0,-99.037,0.0,0.0
38.3,0.0,-99.074,0.0,0.0
38.32,0.0,-99.11,0.0,0.0
38.34,0.0,-99.147,0.0,0.0
38.36,0.0,-99.184,0.0,0.0
38.38,0.0,-99.219,0.0,0.0
38.4,0.0,-99.255,0.0,0.0
38.42,0.0,-99.292,0.0,0.0
38.44,0.0,-99.328,0.0,0.0
38.46,0.0,-99.365,0.0,0.0
38.48,0.0,-99.4,0.0,0.0
38.5,0.0,-99.437,0.0,0.0
38.52,0.0,-99.473,0.0,0.0
38.54,0.0,-99.508,0.0,0.0
38.56,0.0,-99.545,0.0,0.0
38.58,0.0,-99.58,0.0,0.0
38.6,0.0,-99.616,0.0,0.0
38.62,0.0,-99.651,0.0,0.0
38.64,0.0,-99.686,0.0,0.0
38.66,0.0,-99.723,0.0,0.0
38.68,0.0,-99.758,0.0,0.0
38.7,0.0,-99.793,0.0,0.0
38.72,0.0,-99.828,0.0,0.0
38.74,0.0,-99.863,0.0,0.0
38.76,0.0,-99.897,0.0,0.0
38.78,0.0,-99.932,0.0,0.0
38.8,0.0,-99.967,0.0,0.0
38.82,0.0,-100.002,0.0,0.0
38.84,0.0,-100.037,0.0,0.0
38.86,0.0,-100.07,0.0,0.0
38.88,0.0,-100.105,0.0,0.0
38.9,0.0,-100.14,0.0,0.0
38.92,0.0,-100.173,0.0,0.0
38.94,0.0,-100.208,0.0,0.0
38.96,0.0,-100.241,0.0,0.0
38.98,0.0,-100.276,0.0,0.0
39.0,0.0,-100.309,0.0,0.0
39.02,0.0,-100.343,0.0,0.0
39.04,0.0,-100.376,0.0,0.0
39.06,0.0,-100.409,0.0,0.0
39.08,0.0,-100.444,0.0,0.0
39.1,0.0,-100.477,0.0,0.0
39.12,0.0,-100.51,0.0,0.0
39.14,0.0,-100.543,0.0,0.0
39.16,0.0,-100.576,0.0,0.0
39.18,0.0,-100.61,0.0,0.0
39.2,0.0,-100.641,0.0,0.0
39.22,0.0,-100.674,0.0,0.0
39.24,0.0,-100.707,0.0,0.0
39.26,0.0,-100.74,0.0,0.0
39.28,0.0,-100.774,0.0,0.0
39.3,0.0,-100.805,0.0,0.0
39.32,0.0,-100.838,0.0,0.0
39.34,0.0,-100.871,0.0,0.0
39.36,0.0,-100.903,0.0,0.0
39.38,0.0,-100.936,0.0,0.0
39.4,0.0,-100.969,0.0,0.0
39.42,0.0,-101.001,0.0,0.0
39.44,0.0,-101.034,0.0,0.0
39.46,0.0,-101.065,0.0,0.0
39.48,0.0,-101.096,0.0,0.0
39.5,0.0,-101.13,0.0,0.0
39.52,0.0,-101.161,0.0,0.0
39.54,0.0,-101.194,0.0,0.0
39.56,0.0,-101.226,0.0,0.0
39.58,0.0,-101.257,0.0,0.0
39.6,0.0,-101.29,0.0,0.0
39.62,0.0,-101.322,0.0,0.0
39.64,0.0,-101.353,0.0,0.0
39.66,0.0,-101.384,0.0,0.0
39.68,0.0,-101.416,0.0,0.0
39.7,0.0,-101.449,0.0,0.0
39.72,0.0,-101.48,0.0,0.0
39.74,0.0,-101.512,0.0,0.0
39.76,0.0,-101.543,0.0,0.0
39.78,0.0,-101.575,0.0,0.0
39.8,0.0,-101.606,0.0,0.0
39.82,0.0,-101.636,0.0,0.0
39.84,0.0,-101.667,0.0,0.0
39.86,0.0,-101.699,0.0,0.0
39.88,0.0,-101.73,0.0,0.0
39.9,0.0,-101.761,0.0,0.0
39.92,0.0,-101.791,0.0,0.0
39.94,0.0,-101.823,0.0,0.0
39.96,0.0,-101.852,0.0,0.0
39.98,0.0,-101.884,0.0,0.0
40.0,0.0,-101.913,0.0,0.0
40.02,0.0,-101.945,0.0,0.0
40.04,0.0,-101.974,0.0,0.0
40.06,0.0,-102.006,0.0,0.0
40.08,0.0,-102.035,0.0,0.0
40.1,0.0,-102.065,0.0,0.0
40.12,0.0,-102.095,0.0,0.0
40.14,0.0,-102.126,0.0,0.0
40.16,0.0,-102.156,0.0,0.0
40.18,0.0,-102.186,0.0,0.0
40.2,0.0,-102.215,0.0,0.0
40.22,0.0,-102.245,0.0,0.0
40.24,0.0,-102.275,0.0,0.0
40.26,0.0,-102.304,0.0,0.0
40.28,0.0,-102.334,0.0,0.0
40.3,0.0,-102.364,0.0,0.0
40.32,0.0,-102.392,0.0,0.0
40.34,0.0,-102.421,0.0,0.0
40.36,0.0,-102.451,0.0,0.0
40.38,0.0,-102.481,0.0,0.0
40.4,0.0,-102.508,0.0,0.0
40.42,0.0,-102.538,0.0,0.0
40.44,0.0,-102.566,0.0,0.0
40.46,0.0,-102.596,0.0,0.0
40.48,0.0,-102.624,0.0,0.0
40.5,0.0,-102.653,0.0,0.0
40.52,0.0,-102.681,0.0,0.0
40.54,0.0,-102.709,0.0,0.0
40.56,0.0,-102.739,0.0,0.0
40.58,0.0,-102.767,0.0,0.0
40.6,0.0,-102.795,0.0,0.0
40.62,0.0,-102.823,0.0,0.0
40.64,0.0,-102.851,0.0,0.0
40.66,0.0,-102.878,0.0,0.0
40.68,0.0,-102.906,0.0,0.0
40.7,0.0,-102.934,0.0,0.0
40.72,0.0,-102.962,0.0,0.0
40.74,0.0,-102.99,0.0,0.0
40.76,0.0,-103.016,0.0,0.0
40.78,0.0,-103.044,0.0,0.0
40.8,0.0,-103.07,0.0,0.0
40.82,0.0,-103.098,0.0,0.0
40.84,0.0,-103.125,0.0,0.0
40.86,0.0,-103.152,0.0,0.0
40.88,0.0,-103.179,0.0,0.0
40.9,0.0,-103.207,0.0,0.0
40.92,0.0,-103.233,0.0,0.0
40.94,0.0,-103.259,0.0,0.0
40.96,0.0,-103.285,0.0,0.0
40.98,0.0,-103.311,0.0,0.0
41.0,0.0,-103.338,0.0,0.0
41.02,0.0,-103.364,0.0,0.0
41.04,0.0,-103.39,0.0,0.0
41.06,0.0,-103.416,0.0,0.0
41.08,0.0,-103.442,0.0,0.0
41.1,0.0,-103.468,0.0,0.0
41.12,0.0,-103.495,0.0,0.0
41.14,0.0,-103.519,0.0,0.0
41.16,0.0,-103.545,0.0,0.0
41.18,0.0,-103.571,0.0,0.0
41.2,0.0,-103.598,0.0,0.0
41.22,0.0,-103.622,0.0,0.0
41.24,0.0,-103.648,0.0,0.0
41.26,0.0,-103.673,0.0,0.0
41.28,0.0,-103.699,0.0,0.0
41.3,0.0,-103.723,0.0,0.0
41.32,0.0,-103.749,0.0,0.0
41.34,0.0,-103.774,0.0,0.0
41.36,0.0,-103.8,0.0,0.0
41.38,0.0,-103.824,0.0,0.0
41.4,0.0,-103.851,0.0,0.0
41.42,0.0,-103.875,0.0,0.0
41.44,0.0,-103.901,0.0,0.0
41.46,0.0,-103.926,0.0,0.0
41.48,0.0,-103.952,0.0,0.0
41.5,0.0,-103.976,0.0,0.0
41.52,0.0,-104.001,0.0,0.0
41.54,0.0,-104.027,0.0,0.0
41.56,0.0,-104.051,0.0,0.0
41.58,0.0,-104.076,0.0,0.0
41.6,0.0,-104.102,0.0,0.0
41.62,0.0,-104.126,0.0,0.0
41.64,0.0,-104.151,0.0,0.0
41.66,0.0,-104.177,0.0,0.0
41.68,0.0,-104.201,0.0,0.0
41.7,0.0,-104.226,0.0,0.0
41.72,0.0,-104.252,0.0,0.0
41.74,0.0,-104.276,0.0,0.0
41.76,0.0,-104.301,0.0,0.0
41.78,0.0,-104.325,0.0,0.0
41.8,0.0,-104.352,0.0,0.0
41.82,0.0,-104.376,0.0,0.0
41.84,0.0,-104.4,0.0,0.0
41.86,0.0,-104.425,0.0,0.0
41.88,0.0,-104.449,0.0,0.0
41.9,0.0,-104.474,0.0,0.0
41.92,0.0,-104.498,0.0,0.0
41.94,0.0,-104.524,0.0,0.0
41.96,0.0,-104.549,0.0,0.0
41.98,0.0,-104.573,0.0,0.0
42.0,0.0,-104.598,0.0,0.0
42.02,0.0,-104.622,0.0,0.0
42.04,0.0,-104.645,0.0,0.0
42.06,0.0,-104.669,0.0,0.0
42.08,0.0,-104.694,0.0,0.0
42.1,0.0,-104.718,0.0,0.0
42.12,0.0,-104.742,0.0,0.0
42.14,0.0,-104.767,0.0,0.0
42.16,0.0,-104.791,0.0,0.0
42.18,0.0,-104.814,0.0,0.0
42.2,0.0,-104.838,0.0,0.0
42.22,0.0,-104.863,0.0,0.0
42.24,0.0,-104.886,0.0,0.0
42.26,0.0,-104.91,0.0,0.0
42.28,0.0,-104.934,0.0,0.0
42.3,0.0,-104.957,0.0,0.0
42.32,0.0,-104.982,0.0,0.0
42.34,0.0,-105.004,0.0,0.0
42.36,0.0,-105.029,0.0,0.0
42.38,0.0,-105.051,0.0,0.0
42.4,0.0,-105.076,0.0,0.0
42.42,0.0,-105.099,0.0,0.0
42.44,0.0,-105.121,0.0,0.0
42.46,0.0,-105.146,0.0,0.0
42.48,0.0,-105.168,0.0,0.0
42.5,0.0,-105.191,0.0,0.0
42.52,0.0,-105.215,0.0,0.0
42.54,0.0,-105.238,0.0,0.0
42.56,0.0,-105.261,0.0,0.0
42.58,0.0,-105.284,0.0,0.0
42.6,0.0,-105.306,0.0,0.0
42.62,0.0,-105.329,0.0,0.0
42.64,0.0,-105.352,0.0,0.0
42.66,0.0,-105.374,0.0,0.0
42.68,0.0,-105.397,0.0,0.0
42.7,0.0,-105.42,0.0,0.0
42.72,0.0,-105.442,0.0,0.0
42.74,0.0,-105.465,0.0,0.0
42.76,0.0,-105.488,0.0,0.0
42.78,0.0,-105.509,0.0,0.0
42.8,0.0,-105.531,0.0,0.0
42.82,0.0,-105.554,0.0,0.0
42.84,0.0,-105.575,0.0,0.0
42.86,0.0,-105.598,0.0,0.0
42.88,0.0,-105.62,0.0,0.0
42.9,0.0,-105.641,0.0,0.0
42.92,0.0,-105.664,0.0,0.0
42.94,0.0,-105.685,0.0,0.0
42.96,0.0,-105.708,0.0,0.0
42.98,0.0,-105.729,0.0,0.0
43.0,0.0,-105.751,0.0,0.0
43.02,0.0,-105.772,0.0,0.0
43.04,0.0,-105.793,0.0,0.0
43.06,0.0,-105.816,0.0,0.0
43.08,0.0,-105.837,0.0,0.0
43.1,0.0,-105.858,0.0,0.0
43.12,0.0,-105.879,0.0,0.0
43.14,0.0,-105.9,0.0,0.0
43.16,0.0,-105.921,0.0,0.0
43.18,0.0,-105.942,0.0,0.0
43.2,0.0,-105.962,0.0,0.0
43.22,0.0,-105.983,0.0,0.0
43.24,0.0,-106.004,0.0,0.0
43.26,0.0,-106.025,0.0,0.0
43.28,0.0,-106.045,0.0,0.0
43.3,0.0,-106.065,0.0,0.0
43.32,0.0,-106.086,0.0,0.0
43.34,0.0,-106.106,0.0,0.0
43.36,0.0,-106.127,0.0,0.0
43.38,0.0,-106.146,0.0,0.0
43.4,0.0,-106.167,0.0,0.0
43.42,0.0,-106.186,0.0,0.0
43.44,0.0,-106.205,0.0,0.0
43.46,0.0,-106.224,0.0,0.0
43.48,0.0,-106.245,0.0,0.0
43.5,0.0,-106.264,0.0,0.0
43.52,0.0,-106.284,0.0,0.0
43.54,0.0,-106.303,0.0,0.0
43.56,0.0,-106.322,0.0,0.0
43.58,0.0,-106.339,0.0,0.0
43.6,0.0,-106.359,0.0,0.0
43.62,0.0,-106.378,0.0,0.0
43.64,0.0,-106.395,0.0,0.0
43.66,0.0,-106.415,0.0,0.0
43.68,0.0,-106.434,0.0,0.0
43.7,0.0,-106.451,0.0,0.0
43.72,0.0,-106.47,0.0,0.0
43.74,0.0,-106.488,0.0,0.0
43.76,0.0,-106.505,0.0,0.0
43.78,0.0,-106.523,0.0,0.0
43.8,0.0,-106.542,0.0,0.0
43.82,0.0,-106.559,0.0,0.0
43.84,0.0,-106.577,0.0,0.0
43.86,0.0,-106.594,0.0,0.0
43.88,0.0,-106.612,0.0,0.0
43.9,0.0,-106.629,0.0,0.0
43.92,0.0,-106.647,0.0,0.0
43.94,0.0,-106.662,0.0,0.0
43.96,0.0,-106.68,0.0,0.0
43.98,0.0,-106.697,0.0,0.0
44.0,0.0,-106.713,0.0,0.0
44.02,0.0,-106.73,0.0,0.0
44.04,0.0,-106.748,0.0,0.0
44.06,0.0,-106.764,0.0,0.0
44.08,0.0,-106.779,0.0,0.0
44.1,0.0,-106.797,0.0,0.0
44.12,0.0,-106.812,0.0,0.0
44.14,0.0,-106.83,0.0,0.0
44.16,0.0,-106.846,0.0,0.0
44.18,0.0,-106.861,0.0,0.0
44.2,0.0,-106.877,0.0,0.0
44.22,0.0,-106.893,0.0,0.0
44.24,0.0,-106.91,0.0,0.0
44.26,0.0,-106.926,0.0,0.0
44.28,0.0,-106.942,0.0,0.0
44.3,0.0,-106.957,0.0,0.0
44.32,0.0,-106.973,0.0,0.0
44.34,0.0,-106.989,0.0,0.0
44.36,0.0,-107.003,0.0,0.0
44.38,0.0,-107.018,0.0,0.0
44.4,0.0,-107.034,0.0,0.0
44.42,0.0,-107.05,0.0,0.0
44.44,0.0,-107.066,0.0,0.0
44.46,0.0,-107.079,0.0,0.0
44.48,0.0,-107.095,0.0,0.0
44.5,0.0,-107.111,0.0,0.0
44.52,0.0,-107.125,0.0,0.0
44.54,0.0,-107.141,0.0,0.0
44.56,0.0,-107.155,0.0,0.0
44.58,0.0,-107.17,0.0,0.0
44.6,0.0,-107.184,0.0,0.0
44.62,0.0,-107.198,0.0,0.0
44.64,0.0,-107.214,0.0,0.0
44.66,0.0,-107.228,0.0,0.0
44.68,0.0,-107.242,0.0,0.0
44.7,0.0,-107.256,0.0,0.0
44.72,0.0,-107.271,0.0,0.0
44.74,0.0,-107.285,0.0,0.0
44.76,0.0,-107.299,0.0,0.0
44.78,0.0,-107.313,0.0,0.0
44.8,0.0,-107.327,0.0,0.0
44.82,0.0,-107.341,0.0,0.0
44.84,0.0,-107.355,0.0,0.0
44.86,0.0,-107.369,0.0,0.0
44.88,0.0,-107.383,0.0,0.0
44.9,0.0,-107.397,0.0,0.0
44.92,0.0,-107.411,0.0,0.0
44.94,0.0,-107.423,0.0,0.0
44.96,0.0,-107.437,0.0,0.0
44.98,0.0,-107.451,0.0,0.0
45.0,0.0,-107.463,0.0,0.0
45.02,0.0,-107.477,0.0,0.0
45.04,0.0,-107.491,0.0,0.0
45.06,0.0,-107.504,0.0,0.0
45.08,0.0,-107.518,0.0,0.0
45.1,0.0,-107.53,0.0,0.0
45.12,0.0,-107.544,0.0,0.0
45.14,0.0,-107.556,0.0,0.0
45.16,0.0,-107.568,0.0,0.0
45.18,0.0,-107.582,0.0,0.0
45.2,0.0,-107.594,0.0,0.0
45.22,0.0,-107.607,0.0,0.0
45.24,0.0,-107.621,0.0,0.0
45.26,0.0,-107.633,0.0,0.0
45.28,0.0,-107.645,0.0,0.0
45.3,0.0,-107.657,0.0,0.0
45.32,0.0,-107.669,0.0,0.0
45.34,0.0,-107.682,0.0,0.0
45.36,0.0,-107.694,0.0,0.0
45.38,0.0,-107.706,0.0,0.0
45.4,0.0,-107.718,0.0,0.0
45.42,0.0,-107.73,0.0,0.0
45.44,0.0,-107.743,0.0,0.0
45.46,0.0,-107.753,0.0,0.0
45.48,0.0,-107.765,0.0,0.0
45.5,0.0,-107.778,0.0,0.0
45.52,0.0,-107.788,0.0,0.0
45.54,0.0,-107.8,0.0,0.0
45.56,0.0,-107.811,0.0,0.0
45.58,0.0,-107.823,0.0,0.0
45.6,0.0,-107.833,0.0,0.0
45.62,0.0,-107.846,0.0,0.0
45.64,0.0,-107.856,0.0,0.0
45.66,0.0,-107.867,0.0,0.0
45.68,0.0,-107.879,0.0,0.0
45.7,0.0,-107.889,0.0,0.0
45.72,0.0,-107.9,0.0,0.0
45.74,0.0,-107.91,0.0,0.0
45.76,0.0,-107.921,0.0,0.0
45.78,0.0,-107.931,0.0,0.0
45.8,0.0,-107.942,0.0,0.0
45.82,0.0,-107.952,0.0,0.0
45.84,0.0,-107.963,0.0,0.0
45.86,0.0,-107.973,0.0,0.0
45.88,0.0,-107.984,0.0,0.0
45.9,0.0,-107.992,0.0,0.0
45.92,0.0,-108.003,0.0,0.0
45.94,0.0,-108.013,0.0,0.0
45.96,0.0,-108.022,0.0,0.0
45.98,0.0,-108.032,0.0,0.0
46.0,0.0,-108.041,0.0,0.0
46.02,0.0,-108.05,0.0,0.0
46.04,0.0,-108.06,0.0,0.0
46.06,0.0,-108.069,0.0,0.0
46.08,0.0,-108.078,0.0,0.0
46.1,0.0,-108.087,0.0,0.0
46.12,0.0,-108.097,0.0,0.0
46.14,0.0,-108.106,0.0,0.0
46.16,0.0,-108.114,0.0,0.0
46.18,0.0,-108.123,0.0,0.0
46.2,0.0,-108.13,0.0,0.0
46.22,0.0,-108.139,0.0,0.0
46.24,0.0,-108.148,0.0,0.0
46.26,0.0,-108.156,0.0,0.0
46.28,0.0,-108.163,0.0,0.0
46.3,0.0,-108.172,0.0,0.0
46.32,0.0,-108.181,0.0,0.0
46.34,0.0,-108.188,0.0,0.0
46.36,0.0,-108.197,0.0,0.0
46.38,0.0,-108.203,0.0,0.0
46.4,0.0,-108.21,0.0,0.0
46.42,0.0,-108.219,0.0,0.0
46.44,0.0,-108.226,0.0,0.0
46.46,0.0,-108.233,0.0,0.0
46.48,0.0,-108.24,0.0,0.0
46.5,0.0,-108.247,0.0,0.0
46.52,0.0,-108.254,0.0,0.0
46.54,0.0,-108.261,0.0,0.0
46.56,0.0,-108.268,0.0,0.0
46.58,0.0,-108.275,0.0,0.0
46.6,0.0,-108.28,0.0,0.0
46.62,0.0,-108.287,0.0,0.0
46.64,0.0,-108.294,0.0,0.0
46.66,0.0,-108.299,0.0,0.0
46.68,0.0,-108.306,0.0,0.0
46.7,0.0,-108.312,0.0,0.0
46.72,0.0,-108.319,0.0,0.0
46.74,0.0,-108.324,0.0,0.0
46.76,0.0,-108.329,0.0,0.0
46.78,0.0,-108.336,0.0,0.0
46.8,0.0,-108.341,0.0,0.0
46.82,0.0,-108.347,0.0,0.0
46.84,0.0,-108.352,0.0,0.0
46.86,0.0,-108.357,0.0,0.0
46.88,0.0,-108.362,0.0,0.0
46.9,0.0,-108.368,0.0,0.0
46.92,0.0,-108.373,0.0,0.0
46.94,0.0,-108.376,0.0,0.0
46.96,0.0,-108.382,0.0,0.0
46.98,0.0,-108.387,0.0,0.0
47.0,0.0,-108.39,0.0,0.0
47.02,0.0,-108.395,0.0,0.0
47.04,0.0,-108.399,0.0,0.0
47.06,0.0,-108.404,0.0,0.0
47.08,0.0,-108.408,0.0,0.0
47.1,0.0,-108.411,0.0,0.0
47.12,0.0,-108.416,0.0,0.0
47.14,0.0,-108.42,0.0,0.0
47.16,0.0,-108.423,0.0,0.0
47.18,0.0,-108.427,0.0,0.0
47.2,0.0,-108.43,0.0,0.0
47.22,0.0,-108.434,0.0,0.0
47.24,0.0,-108.437,0.0,0.0
47.26,0.0,-108.439,0.0,0.0
47.28,0.0,-108.443,0.0,0.0
47.3,0.0,-108.446,0.0,0.0
47.32,0.0,-108.448,0.0,0.0
47.34,0.0,-108.451,0.0,0.0
47.36,0.0,-108.453,0.0,0.0
47.38,0.0,-108.457,0.0,0.0
47.4,0.0,-108.458,0.0,0.0
47.42,0.0,-108.46,0.0,0.0
47.44,0.0,-108.462,0.0,0.0
47.46,0.0,-108.465,0.0,0.0
47.48,0.0,-108.467,0.0,0.0
47.5,0.0,-108.469,0.0,0.0
47.52,0.0,-108.471,0.0,0.0
47.54,0.0,-108.472,0.0,0.0
47.56,0.0,-108.472,0.0,0.0
47.58,0.0,-108.474,0.0,0.0
47.6,0.0,-108.476,0.0,0.0
47.62,0.0,-108.476,0.0,0.0
47.64,0.0,-108.478,0.0,0.0
47.66,0.0,-108.478,0.0,0.0
47.68,0.0,-108.479,0.0,0.0
47.7,0.0,-108.479,0.0,0.0
47.72,0.0,-108.479,0.0,0.0
47.74,0.0,-108.479,0.0,0.0
47.76,0.0,-108.479,0.0,0.0
47.78,0.0,-108.479,0.0,0.0
47.8,0.0,-108.479,0.0,0.0
47.82,0.0,-108.479,0.0,0.0
47.84,0.0,-108.479,0.0,0.0
47.86,0.0,-108.479,0.0,0.0
47.88,0.0,-108.478,0.0,0.0
47.9,0.0,-108.478,0.0,0.0
47.92,0.0,-108.478,0.0,0.0
47.94,0.0,-108.476,0.0,0.0
47.96,0.0,-108.476,0.0,0.0
47.98,0.0,-108.474,0.0,0.0
48.0,0.0,-108.474,0.0,0.0
48.02,0.0,-108.472,0.0,0.0
48.04,0.0,-108.472,0.0,0.0
48.06,0.0,-108.472,0.0,0.0
48.08,0.0,-108.471,0.0,0.0
48.1,0.0,-108.471,0.0,0.0
48.12,0.0,-108.471,0.0,0.0
48.14,0.0,-108.469,0.0,0.0
48.16,0.0,-108.469,0.0,0.0
48.18,0.0,-108.469,0.0,0.0
48.2,0.0,-108.469,0.0,0.0
48.22,0.0,-108.469,0.0,0.0
48.24,0.0,-108.469,0.0,0.0
48.26,0.0,-108.469,0.0,0.0
48.28,0.0,-108.469,0.0,0.0
48.3,0.0,-108.469,0.0,0.0
48.32,0.0,-108.469,0.0,0.0
48.34,0.0,-108.469,0.0,0.0
48.36,0.0,-108.469,0.0,0.0
48.38,0.0,-108.469,0.0,0.0
48.4,0.0,-108.471,0.0,0.0
48.42,0.0,-108.471,0.0,0.0
48.44,0.0,-108.471,0.0,0.0
48.46,0.0,-108.471,0.0,0.0
48.48,0.0,-108.471,0.0,0.0
48.5,0.0,-108.472,0.0,0.0
48.52,0.0,-108.472,0.0,0.0
48.54,0.0,-108.472,0.0,0.0
48.56,0.0,-108.472,0.0,0.0
48.58,0.0,-108.472,0.0,0.0
48.6,0.0,-108.472,0.0,0.0
48.62,0.0,-108.472,0.0,0.0
48.64,0.0,-108.472,0.0,0.0
48.66,0.0,-108.472,0.0,0.0
48.68,0.0,-108.472,0.0,0.0
48.7,0.0,-108.472,0.0,0.0
48.72,0.0,-108.472,0.0,0.0
48.74,0.0,-108.472,0.0,0.0
48.76,0.0,-108.472,0.0,0.0
48.78,0.0,-108.471,0.0,0.0
48.8,0.0,-108.471,0.0,0.0
48.82,0.0,-108.471,0.0,0.0
48.84,0.0,-108.471,0.0,0.0
48.86,0.0,-108.471,0.0,0.0
48.88,0.0,-108.471,0.0,0.0
48.9,0.0,-108.471,0.0,0.0
48.92,0.0,-108.471,0.0,0.0
48.94,0.0,-108.471,0.0,0.0
48.96,0.0,-108.471,0.0,0.0
48.98,0.0,-108.471,0.0,0.0
49.0,0.0,-108.471,0.0,0.0
49.02,0.0,-108.471,0.0,0.0
49.04,0.0,-108.471,0.0,0.0
49.06,0.0,-108.471,0.0,0.0
49.08,0.0,-108.471,0.0,0.0
49.1,0.0,-108.471,0.0,0.0
49.12,0.0,-108.471,0.0,0.0
49.14,0.0,-108.471,0.0,0.0
49.16,0.0,-108.471,0.0,0.0
49.18,0.0,-108.471,0.0,0.0
49.2,0.0,-108.471,0.0,0.0
49.22,0.0,-108.471,0.0,0.0
49.24,0.0,-108.471,0.0,0.0
49.26,0.0,-108.472,0.0,0.0
49.28,0.0,-108.472,0.0,0.0
49.3,0.0,-108.472,0.0,0.0
49.32,0.0,-108.472,0.0,0.0
49.34,0.0,-108.472,0.0,0.0
49.36,0.0,-108.472,0.0,0.0
49.38,0.0,-108.472,0.0,0.0
49.4,0.0,-108.471,0.0,0.0
49.42,0.0,-108.471,0.0,0.0
49.44,0.0,-108.471,0.0,0.0
49.46,0.0,-108.471,0.0,0.0
49.48,0.0,-108.471,0.0,0.0
49.5,0.0,-108.471,0.0,0.0
49.52,0.0,-108.471,0.0,0.0
49.54,0.0,-108.471,0.0,0.0
49.56,0.0,-108.471,0.0,0.0
49.58,0.0,-108.471,0.0,0.0
49.6,0.0,-108.471,0.0,0.0
49.62,0.0,-108.471,0.0,0.0
49.64,0.0,-108.471,0.0,0.0
49.66,0.0,-108.471,0.0,0.0
49.68,0.0,-108.471,0.0,0.0
49.7,0.0,-108.471,0.0,0.0
49.72,0.0,-108.471,0.0,0.0
49.74,0.0,-108.471,0.0,0.0
49.76,0.0,-108.471,0.0,0.0
49.78,0.0,-108.471,0.0,0.0
49.8,0.0,-108.471,0.0,0.0
49.82,0.0,-108.471,0.0,0.0
49.84,0.0,-108.471,0.0,0.0
49.86,0.0,-108.471,0.0,0.0
49.88,0.0,-108.471,0.0,0.0
49.9,0.0,-108.471,0.0,0.0
49.92,0.0,-108.471,0.0,0.0
49.94,0.0,-108.471,0.0,0.0
49.96,0.0,-108.471,0.0,0.0
49.98,0.0,-108.471,0.0,0.0
50.0,0.0,-108.471,0.0,0.0
50.02,0.0,-108.471,0.0,0.0
50.04,0.0,-108.471,0.0,0.0
50.06,0.0,-108.471,0.0,0.0
50.08,0.0,-108.471,0.0,0.0
50.1,0.0,-108.471,0.0,0.0
50.12,0.0,-108.471,0.0,0.0
50.14,0.0,-108.471,0.0,0.0
50.16,0.0,-108.471,0.0,0.0
50.18,0.0,-108.471,0.0,0.0
50.2,0.0,-108.471,0.0,0.0
50.22,0.0,-108.471,0.0,0.0
50.24,0.0,-108.471,0.0,0.0
50.26,0.0,-108.471,0.0,0.0
50.28,0.0,-108.471,0.0,0.0
50.3,0.0,-108.471,0.0,0.0
50.32,0.0,-108.471,0.0,0.0
50.34,0.0,-108.471,0.0,0.0
50.36,0.0,-108.471,0.0,0.0
50.38,0.0,-108.471,0.0,0.0
50.4,0.0,-108.471,0.0,0.0
50.42,0.0,-108.471,0.0,0.0
50.44,0.0,-108.471,0.0,0.0
50.46,0.0,-108.471,0.0,0.0
50.48,0.0,-108.471,0.0,0.0
50.5,0.0,-108.471,0.0,0.0
50.52,0.0,-108.471,0.0,0.0
50.54,0.0,-108.471,0.0,0.0
50.56,0.0,-108.471,0.0,0.0
50.58,0.0,-108.471,0.0,0.0
50.6,0.0,-108.471,0.0,0.0
50.62,0.0,-108.471,0.0,0.0
50.64,0.0,-108.471,0.0,0.0
50.66,0.0,-108.471,0.0,0.0
50.68,0.0,-108.471,0.0,0.0
50.7,0.0,-108.471,0.0,0.0
50.72,0.0,-108.471,0.0,0.0
50.74,0.0,-108.471,0.0,0.0
50.76,0.0,-108.471,0.0,0.0
50.78,0.0,-108.471,0.0,0.0
50.8,0.0,-108.471,0.0,0.0
50.82,0.0,-108.471,0.0,0.0
50.84,0.0,-108.471,0.0,0.0
50.86,0.0,-108.471,0.0,0.0
50.88,0.0,-108.471,0.0,0.0
50.9,0.0,-108.471,0.0,0.0
50.92,0.0,-108.471,0.0,0.0
50.94,0.0,-108.471,0.0,0.0
50.96,0.0,-108.471,0.0,0.0
50.98,0.0,-108.471,0.0,0.0
51.0,0.0,-108.471,0.0,0.0
51.02,0.0,-108.471,0.0,0.0
51.04,0.0,-108.471,0.0,0.0
51.06,0.0,-108.471,0.0,0.0
51.08,0.0,-108.471,0.0,0.0
51.1,0.0,-108.471,0.0,0.0
51.12,0.0,-108.471,0.0,0.0
51.14,0.0,-108.471,0.0,0.0
51.16,0.0,-108.471,0.0,0.0
51.18,0.0,-108.471,0.0,0.0
51.2,0.0,-108.471,0.0,0.0
51.22,0.0,-108.471,0.0,0.0
51.24,0.0,-108.471,0.0,0.0
51.26,0.0,-108.471,0.0,0.0
51.28,0.0,-108.471,0.0,0.0
51.3,0.0,-108.471,0.0,0.0
51.32,0.0,-108.471,0.0,0.0
51.34,0.0,-108.471,0.0,0.0
51.36,0.0,-108.471,0.0,0.0
51.38,0.0,-108.471,0.0,0.0
51.4,0.0,-108.471,0.0,0.0
51.42,0.0,-108.471,0.0,0.0
51.44,0.0,-108.471,0.0,0.0
51.46,0.0,-108.471,0.0,0.0
51.48,0.0,-108.471,0.0,0.0
51.5,0.0,-108.471,0.0,0.0
51.52,0.0,-108.471,0.0,0.0
51.54,0.0,-108.471,0.0,0.0
51.56,0.0,-108.471,0.0,0.0
51.58,0.0,-108.471,0.0,0.0
51.6,0.0,-108.471,0.0,0.0
51.62,0.0,-108.471,0.0,0.0
51.64,0.0,-108.471,0.0,0.0
51.66,0.0,-108.471,0.0,0.0
51.68,0.0,-108.471,0.0,0.0
51.7,0.0,-108.471,0.0,0.0
51.72,0.0,-108.471,0.0,0.0
51.74,0.0,-108.471,0.0,0.0
51.76,0.0,-108.471,0.0,0.0
51.78,0.0,-108.471,0.0,0.0
51.8,0.0,-108.471,0.0,0.0
51.82,0.0,-108.471,0.0,0.0
51.84,0.0,-108.471,0.0,0.0
51.86,0.0,-108.471,0.0,0.0
51.88,0.0,-108.471,0.0,0.0
51.9,0.0,-108.471,0.0,0.0
51.92,0.0,-108.471,0.0,0.0
51.94,0.0,-108.471,0.0,0.0
51.96,0.0,-108.471,0.0,0.0
51.98,0.0,-108.471,0.0,0.0
52.0,0.0,-108.471,0.0,0.0
52.02,0.0,-108.471,0.0,0.0
52.04,0.0,-108.471,0.0,0.0
52.06,0.0,-108.471,0.0,0.0
52.08,0.0,-108.471,0.0,0.0
52.1,0.0,-108.471,0.0,0.0
52.12,0.0,-108.471,0.0,0.0
52.14,0.0,-108.471,0.0,0.0
52.16,0.0,-108.471,0.0,0.0
52.18,0.0,-108.471,0.0,0.0
52.2,0.0,-108.471,0.0,0.0
52.22,0.0,-108.471,0.0,0.0
52.24,0.0,-108.471,0.0,0.0
52.26,0.0,-108.471,0.0,0.0
52.28,0.0,-108.471,0.0,0.0
52.3,0.0,-108.471,0.0,0.0
52.32,0.0,-108.471,0.0,0.0
52.34,0.0,-108.471,0.0,0.0
52.36,0.0,-108.471,0.0,0.0
52.38,0.0,-108.471,0.0,0.0
52.4,0.0,-108.471,0.0,0.0
52.42,0.0,-108.471,0.0,0.0
52.44,0.0,-108.471,0.0,0.0
52.46,0.0,-108.471,0.0,0.0
52.48,0.0,-108.471,0.0,0.0
52.5,0.0,-108.471,0.0,0.0
52.52,0.0,-108.471,0.0,0.0
52.54,0.0,-108.471,0.0,0.0
52.56,0.0,-108.471,0.0,0.0
52.58,0.0,-108.471,0.0,0.0
52.6,0.0,-108.471,0.0,0.0
52.62,0.0,-108.471,0.0,0.0
52.64,0.0,-108.471,0.0,0.0
52.66,0.0,-108.471,0.0,0.0
52.68,0.0,-108.471,0.0,0.0
52.7,0.0,-108.471,0.0,0.0
52.72,0.0,-108.471,0.0,0.0
52.74,0.0,-108.471,0.0,0.0
52.76,0.0,-108.471,0.0,0.0
52.78,0.0,-108.471,0.0,0.0
52.8,0.0,-108.471,0.0,0.0
52.82,0.0,-108.471,0.0,0.0
52.84,0.0,-108.471,0.0,0.0
52.86,0.0,-108.471,0.0,0.0
52.88,0.0,-108.471,0.0,0.0
52.9,0.0,-108.471,0.0,0.0
52.92,0.0,-108.471,0.0,0.0
52.94,0.0,-108.471,0.0,0.0
52.96,0.0,-108.471,0.0,0.0
52.98,0.0,-108.471,0.0,0.0
53.0,0.0,-108.471,0.0,0.0
53.02,0.0,-108.471,0.0,0.0
53.04,0.0,-108.471,0.0,0.0
53.06,0.0,-108.471,0.0,0.0
53.08,0.0,-108.471,0.0,0.0
53.1,0.0,-108.471,0.0,0.0
53.12,0.0,-108.471,0.0,0.0
53.14,0.0,-108.471,0.0,0.0
53.16,0.0,-108.471,0.0,0.0
53.18,0.0,-108.471,0.0,0.0
53.2,0.0,-108.471,0.0,0.0
53.22,0.0,-108.471,0.0,0.0
53.24,0.0,-108.471,0.0,0.0
53.26,0.0,-108.471,0.0,0.0
53.28,0.0,-108.471,0.0,0.0
53.3,0.0,-108.471,0.0,0.0
53.32,0.0,-108.471,0.0,0.0
53.34,0.0,-108.471,0.0,0.0
53.36,0.0,-108.471,0.0,0.0
53.38,0.0,-108.471,0.0,0.0
53.4,0.0,-108.471,0.0,0.0
53.42,0.0,-108.471,0.0,0.0
53.44,0.0,-108.471,0.0,0.0
53.46,0.0,-108.471,0.0,0.0
53.48,0.0,-108.471,0.0,0.0
53.5,0.0,-108.471,0.0,0.0
53.52,0.0,-108.471,0.0,0.0
53.54,0.0,-108.471,0.0,0.0
53.56,0.0,-108.471,0.0,0.0
53.58,0.0,-108.471,0.0,0.0
53.6,0.0,-108.471,0.0,0.0
53.62,0.0,-108.471,0.0,0.0
53.64,0.0,-108.471,0.0,0.0
53.66,0.0,-108.471,0.0,0.0
53.68,0.0,-108.471,0.0,0.0
53.7,0.0,-108.471,0.0,0.0
53.72,0.0,-108.471,0.0,0.0
53.74,0.0,-108.471,0.0,0.0
53.76,0.0,-108.471,0.0,0.0
53.78,0.0,-108.471,0.0,0.0
53.8,0.0,-108.471,0.0,0.0
53.82,0.0,-108.471,0.0,0.0
53.84,0.0,-108.471,0.0,0.0
53.86,0.0,-108.471,0.0,0.0
53.88,0.0,-108.471,0.0,0.0
53.9,0.0,-108.471,0.0,0.0
53.92,0.0,-108.471,0.0,0.0
53.94,0.0,-108.471,0.0,0.0
53.96,0.0,-108.471,0.0,0.0
53.98,0.0,-108.471,0.0,0.0
