Tiempo ,YAW,PITCH,E_YAW,E_PITCH
-0.4,0.0,0.0,0.0,0.0
-0.38,0.0,0.0,0.0,0.0
-0.36,0.0,0.0,0.0,0.0
-0.34,0.0,0.0,0.0,0.0
-0.32,0.0,0.0,0.0,0.0
-0.3,0.0,0.0,0.0,0.0
-0.28,0.0,0.0,0.0,0.0
-0.26,0.0,0.0,0.0,0.0
-0.24,0.0,0.0,0.0,0.0
-0.22,0.0,0.0,0.0,0.0
-0.2,0.0,0.0,0.0,0.0
-0.18,0.0,0.0,0.0,0.0
-0.16,0.0,0.0,0.0,0.0
-0.14,0.0,0.0,0.0,0.0
-0.12,0.0,0.0,0.0,0.0
-0.1,0.0,0.0,0.0,0.0
-0.08,0.0,0.0,0.0,0.0
-0.06,0.0,0.0,0.0,0.0
-0.04,0.0,0.0,0.0,0.0
-0.02,0.0,0.0,0.0,0.0
0.0,0.0,0.0,0.0,0.0
0.02,0.0,0.0,0.0,0.0
0.04,0.0,0.0,0.0,18.7
0.06,0.0,0.0,0.0,18.7
0.08,0.0,0.0,0.0,18.7
0.1,0.002,0.0,0.0,18.7
0.12,0.003,0.0,0.0,18.7
0.14,0.005,0.0,0.0,18.7
0.16,0.007,0.0,0.0,18.7
0.18,0.009,0.0,0.0,18.7
0.2,0.01,0.0,0.0,18.7
0.22,0.012,0.0,0.0,18.7
0.24,0.016,0.0,0.0,18.7
0.26,0.017,0.0,0.0,18.7
0.28,0.021,0.0,0.0,18.7
0.3,0.023,0.0,0.0,18.7
0.32,0.026,0.0,0.0,18.7
0.34,0.03,0.0,0.0,18.7
0.36,0.031,0.0,0.0,18.7
0.38,0.035,0.0,0.0,18.7
0.4,0.038,0.003,0.0,18.7
0.42,0.04,0.005,0.0,18.7
0.44,0.044,0.01,0.0,18.7
0.46,0.047,0.023,0.0,18.7
0.48,0.051,0.061,0.0,18.7
0.5,0.054,0.07,0.0,18.7
0.52,0.058,0.073,0.0,18.7
0.54,0.061,0.087,0.0,18.7
0.56,0.065,0.098,0.0,18.7
0.58,0.068,0.106,0.0,18.7
0.6,0.072,0.113,0.0,18.7
0.62,0.075,0.126,0.0,18.7
0.64,0.079,0.133,0.0,18.7
0.66,0.082,0.145,0.0,18.7
0.68,0.086,0.159,0.0,18.7
0.7,0.091,0.169,0.0,18.7
0.72,0.094,0.182,0.0,18.7
0.74,0.098,0.19,0.0,18.7
0.76,0.101,0.202,0.0,18.7
0.78,0.106,0.215,0.0,18.7
0.8,0.11,0.229,0.0,18.7
0.82,0.115,0.241,0.0,18.7
0.84,0.119,0.255,0.0,18.7
0.86,0.122,0.267,0.0,18.7
0.88,0.127,0.281,0.0,18.7
0.9,0.131,0.291,0.0,18.7
0.92,0.136,0.305,0.0,18.7
0.94,0.14,0.323,0.0,18.7
0.96,0.145,0.337,0.0,18.7
0.98,0.148,0.353,0.0,18.7
1.0,0.154,0.367,0.0,18.7
1.02,0.159,0.38,0.0,18.7
1.04,0.162,0.396,0.0,18.7
1.06,0.168,0.41,0.0,18.7
1.08,0.173,0.426,0.0,18.7
1.1,0.176,0.44,0.0,18.7
1.12,0.182,0.456,0.0,18.7
1.14,0.187,0.466,0.0,18.7
1.16,0.192,0.485,0.0,18.7
1.18,0.197,0.496,0.0,18.7
1.2,0.202,0.513,0.0,18.7
1.22,0.208,0.529,0.0,18.7
1.24,0.213,0.543,0.0,18.7
1.26,0.218,0.557,0.0,18.7
1.28,0.223,0.572,0.0,18.7
1.3,0.229,0.583,0.0,18.7
1.32,0.234,0.597,0.0,18.7
1.34,0.239,0.614,0.0,18.7
1.36,0.244,0.628,0.0,18.7
1.38,0.251,0.642,0.0,18.7
1.4,0.257,0.656,0.0,18.7
1.42,0.262,0.67,0.0,18.7
1.44,0.269,0.682,0.0,18.7
1.46,0.274,0.696,0.0,18.7
1.48,0.281,0.709,0.0,18.7
1.5,0.286,0.723,0.0,18.7
1.52,0.293,0.735,0.0,18.7
1.54,0.3,0.745,0.0,18.7
1.56,0.305,0.757,0.0,18.7
1.58,0.312,0.77,0.0,18.7
1.6,0.319,0.784,0.0,18.7
1.62,0.326,0.796,0.0,18.7
1.64,0.333,0.806,0.0,18.7
1.66,0.34,0.819,0.0,18.7
1.68,0.347,0.829,0.0,18.7
1.7,0.354,0.838,0.0,18.7
1.72,0.361,0.85,0.0,18.7
1.74,0.368,0.859,0.0,18.7
1.76,0.377,0.866,0.0,18.7
1.78,0.384,0.881,0.0,18.7
1.8,0.393,0.888,0.0,18.7
1.82,0.4,0.901,0.0,18.7
1.84,0.408,0.909,0.0,18.7
1.86,0.417,0.918,0.0,18.7
1.88,0.424,0.922,0.0,18.7
1.9,0.433,0.935,0.0,18.7
1.92,0.442,0.942,0.0,18.7
1.94,0.45,0.944,0.0,18.7
1.96,0.459,0.956,0.0,18.7
1.98,0.469,0.963,0.0,18.7
2.0,0.478,0.97,0.0,18.7
2.02,0.487,0.974,0.0,18.7
2.04,0.497,0.984,0.0,18.7
2.06,0.506,0.991,0.0,18.7
2.08,0.517,0.997,0.0,18.7
2.1,0.525,1.004,0.0,18.7
2.12,0.536,1.009,0.0,18.7
2.14,0.546,1.014,0.0,18.7
2.16,0.555,1.019,0.0,18.7
2.18,0.565,1.025,0.0,18.7
2.2,0.576,1.03,0.0,18.7
2.22,0.586,1.033,0.0,18.7
2.24,0.597,1.038,0.0,18.7
2.26,0.609,1.042,0.0,18.7
2.28,0.62,1.047,0.0,18.7
2.3,0.63,1.051,0.0,18.7
2.32,0.641,1.052,0.0,18.7
2.34,0.653,1.056,0.0,18.7
2.36,0.663,1.059,0.0,18.7
2.38,0.675,1.063,0.0,18.7
2.4,0.688,1.066,0.0,18.7
2.42,0.698,1.068,0.0,18.7
2.44,0.71,1.07,0.0,18.7
2.46,0.723,1.073,0.0,18.7
2.48,0.735,1.073,0.0,18.7
2.5,0.747,1.077,0.0,18.7
2.52,0.759,1.079,0.0,18.7
2.54,0.771,1.079,0.0,18.7
2.56,0.784,1.08,0.0,18.7
2.58,0.796,1.08,0.0,18.7
2.6,0.808,1.082,0.0,18.7
2.62,0.822,1.082,0.0,18.7
2.64,0.834,1.082,0.0,18.7
2.66,0.846,1.082,0.0,18.7
2.68,0.86,1.082,0.0,18.7
2.7,0.873,1.082,0.0,18.7
2.72,0.885,1.082,0.0,18.7
2.74,0.899,1.084,0.0,18.7
2.76,0.911,1.084,0.0,18.7
2.78,0.925,1.082,0.0,18.7
2.8,0.937,1.08,0.0,18.7
2.82,0.951,1.079,0.0,18.7
2.84,0.965,1.077,0.0,18.7
2.86,0.977,1.075,0.0,18.7
2.88,0.991,1.073,0.0,18.7
2.9,1.005,1.072,0.0,18.7
2.92,1.018,1.068,0.0,18.7
2.94,1.031,1.068,0.0,18.7
2.96,1.045,1.063,0.0,18.7
2.98,1.058,1.063,0.0,18.7
3.0,1.072,1.058,0.0,18.7
3.02,1.086,1.054,0.0,18.7
3.04,1.1,1.052,0.0,18.7
3.06,1.112,1.045,0.0,18.7
3.08,1.126,1.044,0.0,18.7
3.1,1.14,1.04,0.0,18.7
3.12,1.154,1.037,0.0,18.7
3.14,1.166,1.033,0.0,18.7
3.16,1.18,1.03,0.0,18.7
3.18,1.194,1.025,0.0,18.7
3.2,1.208,1.021,0.0,18.7
3.22,1.22,1.016,0.0,18.7
3.24,1.234,1.014,0.0,18.7
3.26,1.248,1.009,0.0,18.7
3.28,1.262,1.005,0.0,18.7
3.3,1.274,1.0,0.0,18.7
3.32,1.288,0.997,0.0,18.7
3.34,1.302,0.991,0.0,18.7
3.36,1.314,0.986,0.0,18.7
3.38,1.328,0.981,0.0,18.7
3.4,1.342,0.976,0.0,18.7
3.42,1.354,0.97,0.0,18.7
3.44,1.368,0.965,0.0,18.7
3.46,1.382,0.96,0.0,18.7
3.48,1.395,0.955,0.0,18.7
3.5,1.408,0.948,0.0,18.7
3.52,1.422,0.944,0.0,18.7
3.54,1.435,0.935,0.0,18.7
3.56,1.449,0.934,0.0,18.7
3.58,1.461,0.927,0.0,18.7
3.6,1.475,0.918,0.0,18.7
3.62,1.489,0.913,0.0,18.7
3.64,1.501,0.909,0.0,18.7
3.66,1.515,0.904,0.0,18.7
3.68,1.527,0.897,0.0,18.7
3.7,1.541,0.89,0.0,18.7
3.72,1.553,0.883,0.0,18.7
3.74,1.567,0.88,0.0,18.7
3.76,1.58,0.871,0.0,18.7
3.78,1.593,0.864,0.0,18.7
3.8,1.606,0.862,0.0,18.7
3.82,1.62,0.855,0.0,18.7
3.84,1.632,0.845,0.0,18.7
3.86,1.646,0.838,0.0,18.7
3.88,1.658,0.833,0.0,18.7
3.9,1.67,0.826,0.0,18.7
3.92,1.684,0.822,0.0,18.7
3.94,1.696,0.815,0.0,18.7
3.96,1.71,0.81,0.0,18.7
3.98,1.723,0.801,0.0,18.7
4.0,1.735,0.798,0.0,18.7
4.02,1.749,0.792,0.0,18.7
4.04,1.761,0.785,0.0,18.7
4.06,1.773,0.78,0.0,18.7
4.08,1.787,0.773,0.0,18.7
4.1,1.799,0.766,0.0,18.7
4.12,1.812,0.759,0.0,18.7
4.14,1.826,0.752,0.0,18.7
4.16,1.838,0.747,0.0,18.7
4.18,1.85,0.742,0.0,18.7
4.2,1.864,0.735,0.0,18.7
4.22,1.876,0.73,0.0,18.7
4.24,1.888,0.723,0.0,18.7
4.26,1.901,0.717,0.0,18.7
4.28,1.915,0.712,0.0,18.7
4.3,1.927,0.705,0.0,18.7
4.32,1.939,0.7,0.0,18.7
4.34,1.953,0.695,0.0,18.7
4.36,1.965,0.691,0.0,18.7
4.38,1.977,0.684,0.0,18.7
4.4,1.99,0.679,0.0,18.7
4.42,2.004,0.674,0.0,18.7
4.44,2.016,0.668,0.0,18.7
4.46,2.028,0.667,0.0,18.7
4.48,2.04,0.66,0.0,18.7
4.5,2.054,0.654,0.0,18.7
4.52,2.066,0.649,0.0,18.7
4.54,2.079,0.644,0.0,18.7
4.56,2.091,0.641,0.0,18.7
4.58,2.105,0.639,0.0,18.7
4.6,2.117,0.634,0.0,18.7
4.62,2.129,0.628,0.0,18.7
4.64,2.142,0.625,0.0,18.7
4.66,2.155,0.62,0.0,18.7
4.68,2.168,0.618,0.0,18.7
4.7,2.18,0.614,0.0,18.7
4.72,2.192,0.609,0.0,18.7
4.74,2.206,0.607,0.0,18.7
4.76,2.218,0.604,0.0,18.7
4.78,2.231,0.6,0.0,18.7
4.8,2.244,0.597,0.0,18.7
4.82,2.257,0.593,0.0,18.7
4.84,2.269,0.592,0.0,18.7
4.86,2.281,0.588,0.0,18.7
4.88,2.295,0.585,0.0,18.7
4.9,2.307,0.583,0.0,18.7
4.92,2.32,0.581,0.0,18.7
4.94,2.334,0.578,0.0,18.7
4.96,2.346,0.576,0.0,18.7
4.98,2.358,0.574,0.0,18.7
5.0,2.372,0.572,0.0,18.7
5.02,2.384,0.571,0.0,18.7
5.04,2.396,0.569,0.0,18.7
5.06,2.409,0.567,0.0,18.7
5.08,2.423,0.565,0.0,18.7
5.1,2.435,0.564,0.0,18.7
5.12,2.447,0.564,0.0,18.7
5.14,2.461,0.562,0.0,18.7
5.16,2.473,0.562,0.0,18.7
5.18,2.485,0.56,0.0,18.7
5.2,2.498,0.559,0.0,18.7
5.22,2.512,0.559,0.0,18.7
5.24,2.524,0.559,0.0,18.7
5.26,2.536,0.557,0.0,18.7
5.28,2.55,0.557,0.0,18.7
5.3,2.562,0.557,0.0,18.7
5.32,2.574,0.557,0.0,18.7
5.34,2.588,0.557,0.0,18.7
5.36,2.601,0.557,0.0,18.7
5.38,2.613,0.557,0.0,18.7
5.4,2.625,0.557,0.0,18.7
5.42,2.639,0.557,0.0,18.7
5.44,2.651,0.557,0.0,18.7
5.46,2.663,0.557,0.0,18.7
5.48,2.676,0.555,0.0,18.7
5.5,2.69,0.555,0.0,18.7
5.52,2.702,0.555,0.0,18.7
5.54,2.714,0.557,0.0,18.7
5.56,2.726,0.557,0.0,18.7
5.58,2.738,0.559,0.0,18.7
5.6,2.752,0.559,0.0,18.7
5.62,2.765,0.56,0.0,18.7
5.64,2.777,0.56,0.0,18.7
5.66,2.789,0.562,0.0,18.7
5.68,2.801,0.564,0.0,18.7
5.7,2.813,0.565,0.0,18.7
5.72,2.826,0.565,0.0,18.7
5.74,2.84,0.567,0.0,18.7
5.76,2.852,0.569,0.0,18.7
5.78,2.864,0.569,0.0,18.7
5.8,2.876,0.571,0.0,18.7
5.82,2.889,0.572,0.0,18.7
5.84,2.901,0.572,0.0,18.7
5.86,2.913,0.574,0.0,18.7
5.88,2.925,0.576,0.0,18.7
5.9,2.937,0.578,0.0,18.7
5.92,2.95,0.579,0.0,18.7
5.94,2.962,0.581,0.0,18.7
5.96,2.974,0.581,0.0,18.7
5.98,2.986,0.583,0.0,18.7
6.0,2.998,0.585,0.0,18.7
6.02,3.011,0.585,0.0,18.7
6.04,3.023,0.588,0.0,18.7
6.06,3.035,0.588,0.0,18.7
6.08,3.047,0.59,0.0,18.7
6.1,3.06,0.592,0.0,18.7
6.12,3.072,0.592,0.0,18.7
6.14,3.084,0.593,0.0,18.7
6.16,3.094,0.595,0.0,18.7
6.18,3.107,0.597,0.0,18.7
6.2,3.119,0.599,0.0,18.7
6.22,3.131,0.599,0.0,18.7
6.24,3.143,0.6,0.0,18.7
6.26,3.156,0.6,0.0,18.7
6.28,3.168,0.602,0.0,18.7
6.3,3.18,0.604,0.0,18.7
6.32,3.19,0.606,0.0,18.7
6.34,3.203,0.606,0.0,18.7
6.36,3.215,0.607,0.0,18.7
6.38,3.227,0.607,0.0,18.7
6.4,3.239,0.609,0.0,18.7
6.42,3.252,0.613,0.0,18.7
6.44,3.264,0.611,0.0,18.7
6.46,3.276,0.614,0.0,18.7
6.48,3.286,0.613,0.0,18.7
6.5,3.299,0.616,0.0,18.7
6.52,3.311,0.614,0.0,18.7
6.54,3.323,0.614,0.0,18.7
6.56,3.335,0.614,0.0,18.7
6.58,3.348,0.616,0.0,18.7
6.6,3.36,0.618,0.0,18.7
6.62,3.37,0.618,0.0,18.7
6.64,3.382,0.618,0.0,18.7
6.66,3.395,0.62,0.0,18.7
6.68,3.407,0.62,0.0,18.7
6.7,3.419,0.62,0.0,18.7
6.72,3.431,0.62,0.0,18.7
6.74,3.444,0.621,0.0,18.7
6.76,3.456,0.621,0.0,18.7
6.78,3.468,0.621,0.0,18.7
6.8,3.478,0.621,0.0,18.7
6.82,3.491,0.621,0.0,18.7
6.84,3.503,0.621,0.0,18.7
6.86,3.515,0.621,0.0,18.7
6.88,3.527,0.621,0.0,18.7
6.9,3.54,0.621,0.0,18.7
6.92,3.552,0.621,0.0,18.7
6.94,3.564,0.621,0.0,18.7
6.96,3.576,0.621,0.0,18.7
6.98,3.588,0.621,0.0,18.7
7.0,3.601,0.621,0.0,18.7
7.02,3.613,0.621,0.0,18.7
7.04,3.625,0.623,0.0,18.7
7.06,3.637,0.623,0.0,18.7
7.08,3.649,0.623,0.0,18.7
7.1,3.663,0.623,0.0,18.7
7.12,3.676,0.623,0.0,18.7
7.14,3.688,0.621,0.0,18.7
7.16,3.7,0.621,0.0,18.7
7.18,3.712,0.621,0.0,18.7
7.2,3.726,0.621,0.0,18.7
7.22,3.738,0.621,0.0,18.7
7.24,3.751,0.621,0.0,18.7
7.26,3.765,0.62,0.0,18.7
7.28,3.777,0.62,0.0,18.7
7.3,3.791,0.62,0.0,18.7
7.32,3.803,0.62,0.0,18.7
7.34,3.817,0.62,0.0,18.7
7.36,3.829,0.618,0.0,18.7
7.38,3.843,0.618,0.0,18.7
7.4,3.855,0.618,0.0,18.7
7.42,3.869,0.618,0.0,18.7
7.44,3.882,0.618,0.0,18.7
7.46,3.896,0.618,0.0,18.7
7.48,3.91,0.618,0.0,18.7
7.5,3.922,0.618,0.0,18.7
7.52,3.936,0.618,0.0,18.7
7.54,3.95,0.618,0.0,18.7
7.56,3.964,0.618,0.0,18.7
7.58,3.976,0.618,0.0,18.7
7.6,3.99,0.618,0.0,18.7
7.62,4.004,0.616,0.0,18.7
7.64,4.018,0.616,0.0,18.7
7.66,4.032,0.616,0.0,18.7
7.68,4.046,0.616,0.0,18.7
7.7,4.06,0.616,0.0,18.7
7.72,4.074,0.616,0.0,18.7
7.74,4.088,0.616,0.0,18.7
7.76,4.102,0.614,0.0,18.7
7.78,4.115,0.614,0.0,18.7
7.8,4.129,0.614,0.0,18.7
7.82,4.145,0.614,0.0,18.7
7.84,4.159,0.614,0.0,18.7
7.86,4.173,0.614,0.0,18.7
7.88,4.187,0.614,0.0,18.7
7.9,4.203,0.614,0.0,18.7
7.92,4.217,0.614,0.0,18.7
7.94,4.232,0.614,0.0,18.7
7.96,4.246,0.614,0.0,18.7
7.98,4.26,0.614,0.0,18.7
8.0,4.276,0.614,0.0,18.7
8.02,4.29,0.614,0.0,18.7
8.04,4.306,0.614,0.0,18.7
8.06,4.32,0.614,0.0,18.7
8.08,4.335,0.614,0.0,18.7
8.1,4.351,0.614,0.0,18.7
8.12,4.365,0.614,0.0,18.7
8.14,4.381,0.614,0.0,18.7
8.16,4.396,0.614,0.0,18.7
8.18,4.41,0.614,0.0,18.7
8.2,4.426,0.614,0.0,18.7
8.22,4.442,0.614,0.0,18.7
8.24,4.458,0.614,0.0,18.7
8.26,4.473,0.614,0.0,18.7
8.28,4.489,0.614,0.0,18.7
8.3,4.505,0.614,0.0,18.7
8.32,4.519,0.616,0.0,18.7
8.34,4.534,0.616,0.0,18.7
8.36,4.55,0.616,0.0,18.7
8.38,4.568,0.616,0.0,18.7
8.4,4.583,0.616,0.0,18.7
8.42,4.599,0.616,0.0,18.7
8.44,4.615,0.616,0.0,18.7
8.46,4.63,0.616,0.0,18.7
8.48,4.646,0.616,0.0,18.7
8.5,4.662,0.616,0.0,18.7
8.52,4.679,0.616,0.0,18.7
8.54,4.695,0.616,0.0,18.7
8.56,4.711,0.616,0.0,18.7
8.58,4.728,0.616,0.0,18.7
8.6,4.744,0.616,0.0,18.7
8.62,4.76,0.614,0.0,18.7
8.64,4.777,0.614,0.0,18.7
8.66,4.793,0.614,0.0,18.7
8.68,4.81,0.614,0.0,18.7
8.7,4.828,0.614,0.0,18.7
8.72,4.843,0.614,0.0,18.7
8.74,4.861,0.614,0.0,18.7
8.76,4.878,0.614,0.0,18.7
8.78,4.894,0.614,0.0,18.7
8.8,4.911,0.614,0.0,18.7
8.82,4.929,0.614,0.0,18.7
8.84,4.945,0.614,0.0,18.7
8.86,4.962,0.614,0.0,18.7
8.88,4.979,0.614,0.0,18.7
8.9,4.997,0.614,0.0,18.7
8.92,5.014,0.614,0.0,18.7
8.94,5.032,0.614,0.0,18.7
8.96,5.049,0.614,0.0,18.7
8.98,5.067,0.614,0.0,18.7
9.0,5.084,0.614,0.0,18.7
9.02,5.103,0.614,0.0,18.7
9.04,5.121,0.614,0.0,18.7
9.06,5.138,0.614,0.0,18.7
9.08,5.156,0.614,0.0,18.7
9.1,5.175,0.614,0.0,18.7
9.12,5.192,0.614,0.0,18.7
9.14,5.21,0.614,0.0,18.7
9.16,5.229,0.614,0.0,18.7
9.18,5.246,0.614,0.0,18.7
9.2,5.264,0.614,0.0,18.7
9.22,5.283,0.614,0.0,18.7
9.24,5.301,0.614,0.0,18.7
9.26,5.32,0.614,0.0,18.7
9.28,5.339,0.614,0.0,18.7
9.3,5.356,0.614,0.0,18.7
9.32,5.376,0.614,0.0,18.7
9.34,5.393,0.614,0.0,18.7
9.36,5.412,0.614,0.0,18.7
9.38,5.431,0.614,0.0,18.7
9.4,5.451,0.614,0.0,18.7
9.42,5.468,0.614,0.0,18.7
9.44,5.487,0.616,0.0,18.7
9.46,5.507,0.616,0.0,18.7
9.48,5.526,0.616,0.0,18.7
9.5,5.545,0.616,0.0,18.7
9.52,5.564,0.616,0.0,18.7
9.54,5.583,0.616,0.0,18.7
9.56,5.603,0.616,0.0,18.7
9.58,5.622,0.616,0.0,18.7
9.6,5.641,0.614,0.0,18.7
9.62,5.66,0.614,0.0,18.7
9.64,5.679,0.614,0.0,18.7
9.66,5.699,0.614,0.0,18.7
9.68,5.718,0.614,0.0,18.7
9.7,5.737,0.614,0.0,18.7
9.72,5.756,0.614,0.0,18.7
9.74,5.775,0.614,0.0,18.7
9.76,5.796,0.616,0.0,18.7
9.78,5.815,0.616,0.0,18.7
9.8,5.835,0.616,0.0,18.7
9.82,5.854,0.616,0.0,18.7
9.84,5.875,0.616,0.0,18.7
9.86,5.894,0.616,0.0,18.7
9.88,5.913,0.616,0.0,18.7
9.9,5.932,0.616,0.0,18.7
9.92,5.953,0.616,0.0,18.7
9.94,5.973,0.616,0.0,18.7
9.96,5.993,0.618,0.0,18.7
9.98,6.013,0.618,0.0,18.7
10.0,6.032,0.618,0.0,18.7
10.02,6.053,0.62,0.0,18.7
10.04,6.072,0.62,0.0,18.7
10.06,6.093,0.62,0.0,18.7
10.08,6.112,0.62,0.0,18.7
10.1,6.131,0.62,0.0,18.7
10.12,6.152,0.62,0.0,18.7
10.14,6.171,0.62,0.0,18.7
10.16,6.192,0.62,0.0,18.7
10.18,6.212,0.62,0.0,18.7
10.2,6.233,0.62,0.0,18.7
10.22,6.254,0.62,0.0,18.7
10.24,6.273,0.618,0.0,18.7
10.26,6.294,0.618,0.0,18.7
10.28,6.313,0.618,0.0,18.7
10.3,6.334,0.618,0.0,18.7
10.32,6.355,0.618,0.0,18.7
10.34,6.374,0.618,0.0,18.7
10.36,6.395,0.618,0.0,18.7
10.38,6.414,0.618,0.0,18.7
10.4,6.435,0.618,0.0,18.7
10.42,6.456,0.618,0.0,18.7
10.44,6.477,0.618,0.0,18.7
10.46,6.496,0.618,0.0,18.7
10.48,6.517,0.618,0.0,18.7
10.5,6.538,0.618,0.0,18.7
10.52,6.559,0.618,0.0,18.7
10.54,6.578,0.618,0.0,18.7
10.56,6.599,0.618,0.0,18.7
10.58,6.62,0.618,0.0,18.7
10.6,6.641,0.618,0.0,18.7
10.62,6.662,0.618,0.0,18.7
10.64,6.683,0.618,0.0,18.7
10.66,6.704,0.618,0.0,18.7
10.68,6.725,0.618,0.0,18.7
10.7,6.746,0.618,0.0,18.7
10.72,6.767,0.618,0.0,18.7
10.74,6.788,0.616,0.0,18.7
10.76,6.809,0.616,0.0,18.7
10.78,6.829,0.616,0.0,18.7
10.8,6.85,0.616,0.0,18.7
10.82,6.873,0.616,0.0,18.7
10.84,6.894,0.616,0.0,18.7
10.86,6.915,0.616,0.0,18.7
10.88,6.938,0.616,0.0,18.7
10.9,6.959,0.616,0.0,18.7
10.92,6.98,0.616,0.0,18.7
10.94,7.002,0.616,0.0,18.7
10.96,7.023,0.616,0.0,18.7
10.98,7.046,0.616,0.0,18.7
11.0,7.067,0.616,0.0,18.7
11.02,7.09,0.616,0.0,18.7
11.04,7.11,0.616,0.0,18.7
11.06,7.133,0.616,0.0,18.7
11.08,7.156,0.616,0.0,18.7
11.1,7.177,0.616,0.0,18.7
11.12,7.199,0.616,0.0,18.7
11.14,7.222,0.616,0.0,18.7
11.16,7.243,0.618,0.0,18.7
11.18,7.266,0.618,0.0,18.7
11.2,7.288,0.618,0.0,18.7
11.22,7.311,0.618,0.0,18.7
11.24,7.334,0.618,0.0,18.7
11.26,7.355,0.618,0.0,18.7
11.28,7.378,0.618,0.0,18.7
11.3,7.4,0.618,0.0,18.7
11.32,7.423,0.618,0.0,18.7
11.34,7.446,0.618,0.0,18.7
11.36,7.468,0.618,0.0,18.7
11.38,7.491,0.618,0.0,18.7
11.4,7.514,0.618,0.0,18.7
11.42,7.536,0.618,0.0,18.7
11.44,7.559,0.618,0.0,18.7
11.46,7.582,0.618,0.0,18.7
11.48,7.604,0.618,0.0,18.7
11.5,7.627,0.618,0.0,18.7
11.52,7.65,0.618,0.0,18.7
11.54,7.672,0.618,0.0,18.7
11.56,7.695,0.618,0.0,18.7
11.58,7.72,0.618,0.0,18.7
11.6,7.742,0.618,0.0,18.7
11.62,7.765,0.618,0.0,18.7
11.64,7.788,0.618,0.0,18.7
11.66,7.81,0.618,0.0,18.7
11.68,7.833,0.618,0.0,18.7
11.7,7.856,0.618,0.0,18.7
11.72,7.878,0.618,0.0,18.7
11.74,7.903,0.618,0.0,18.7
11.76,7.926,0.618,0.0,18.7
11.78,7.948,0.618,0.0,18.7
11.8,7.971,0.618,0.0,18.7
11.82,7.994,0.618,0.0,18.7
11.84,8.016,0.618,0.0,18.7
11.86,8.041,0.618,0.0,18.7
11.88,8.063,0.616,0.0,18.7
11.9,8.086,0.616,0.0,18.7
11.92,8.109,0.616,0.0,18.7
11.94,8.131,0.616,0.0,18.7
11.96,8.156,0.616,0.0,18.7
11.98,8.179,0.616,0.0,18.7
12.0,8.201,0.616,0.0,18.7
12.02,8.224,0.616,0.0,18.7
12.04,8.247,0.616,6.0,18.7
12.06,8.271,0.616,6.0,18.7
12.08,8.294,0.616,6.0,18.7
12.1,8.316,0.616,6.0,18.7
12.12,8.339,0.616,6.0,18.7
12.14,8.362,0.618,6.0,18.7
12.16,8.385,0.618,6.0,18.7
12.18,8.407,0.618,6.0,18.7
12.2,8.43,0.618,6.0,18.7
12.22,8.453,0.618,6.0,18.7
12.24,8.475,0.618,6.0,18.7
12.26,8.498,0.616,6.0,18.7
12.28,8.521,0.616,6.0,18.7
12.3,8.543,0.616,6.0,18.7
12.32,8.564,0.616,6.0,18.7
12.34,8.587,0.616,6.0,18.7
12.36,8.608,0.614,6.0,18.7
12.38,8.631,0.614,6.0,18.7
12.4,8.652,0.614,6.0,18.7
12.42,8.673,0.614,6.0,18.7
12.44,8.693,0.614,6.0,18.7
12.46,8.716,0.614,6.0,18.7
12.48,8.737,0.613,6.0,18.7
12.5,8.756,0.613,6.0,18.7
12.52,8.777,0.613,6.0,18.7
12.54,8.798,0.613,6.0,18.7
12.56,8.819,0.613,6.0,18.7
12.58,8.838,0.613,6.0,18.7
12.6,8.858,0.613,6.0,18.7
12.62,8.878,0.613,6.0,18.7
12.64,8.898,0.613,6.0,18.7
12.66,8.917,0.613,6.0,18.7
12.68,8.936,0.613,6.0,18.7
12.7,8.955,0.613,6.0,18.7
12.72,8.974,0.613,6.0,18.7
12.74,8.992,0.613,6.0,18.7
12.76,9.011,0.609,6.0,18.7
12.78,9.029,0.611,6.0,18.7
12.8,9.048,0.611,6.0,18.7
12.82,9.065,0.611,6.0,18.7
12.84,9.083,0.609,6.0,18.7
12.86,9.1,0.611,6.0,18.7
12.88,9.118,0.611,6.0,18.7
12.9,9.133,0.611,6.0,18.7
12.92,9.151,0.611,6.0,18.7
12.94,9.168,0.609,6.0,18.7
12.96,9.184,0.611,6.0,18.7
12.98,9.2,0.611,6.0,18.7
13.0,9.217,0.611,6.0,18.7
13.02,9.233,0.609,6.0,18.7
13.04,9.249,0.609,6.0,18.7
13.06,9.264,0.609,6.0,18.7
13.08,9.278,0.609,6.0,18.7
13.1,9.294,0.609,6.0,18.7
13.12,9.31,0.609,6.0,18.7
13.14,9.324,0.609,6.0,18.7
13.16,9.338,0.609,6.0,18.7
13.18,9.353,0.609,6.0,18.7
13.2,9.367,0.609,6.0,18.7
13.22,9.381,0.609,6.0,18.7
13.24,9.395,0.609,6.0,18.7
13.26,9.407,0.609,6.0,18.7
13.28,9.421,0.609,6.0,18.7
13.3,9.435,0.609,6.0,18.7
13.32,9.447,0.609,6.0,18.7
13.34,9.46,0.609,6.0,18.7
13.36,9.472,0.609,6.0,18.7
13.38,9.486,0.611,6.0,18.7
13.4,9.498,0.611,6.0,18.7
13.42,9.509,0.611,6.0,18.7
13.44,9.521,0.611,6.0,18.7
13.46,9.533,0.609,6.0,18.7
13.48,9.543,0.609,6.0,18.7
13.5,9.556,0.611,6.0,18.7
13.52,9.566,0.611,6.0,18.7
13.54,9.577,0.611,6.0,18.7
13.56,9.587,0.611,6.0,18.7
13.58,9.598,0.611,6.0,18.7
13.6,9.608,0.611,6.0,18.7
13.62,9.619,0.611,6.0,18.7
13.64,9.629,0.611,6.0,18.7
13.66,9.638,0.611,6.0,18.7
13.68,9.648,0.611,6.0,18.7
13.7,9.657,0.611,6.0,18.7
13.72,9.667,0.611,6.0,18.7
13.74,9.676,0.611,6.0,18.7
13.76,9.685,0.611,6.0,18.7
13.78,9.694,0.611,6.0,18.7
13.8,9.702,0.611,6.0,18.7
13.82,9.709,0.611,6.0,18.7
13.84,9.718,0.611,6.0,18.7
13.86,9.727,0.611,6.0,18.7
13.88,9.734,0.611,6.0,18.7
13.9,9.741,0.611,6.0,18.7
13.92,9.749,0.611,6.0,18.7
13.94,9.756,0.611,6.0,18.7
13.96,9.763,0.611,6.0,18.7
13.98,9.77,0.611,6.0,18.7
14.0,9.777,0.611,6.0,18.7
14.02,9.784,0.611,6.0,18.7
14.04,9.79,0.611,6.0,18.7
14.06,9.797,0.611,6.0,18.7
14.08,9.802,0.611,6.0,18.7
14.1,9.809,0.611,6.0,18.7
14.12,9.814,0.611,6.0,18.7
14.14,9.819,0.611,6.0,18.7
14.16,9.824,0.611,6.0,18.7
14.18,9.83,0.611,6.0,18.7
14.2,9.835,0.611,6.0,18.7
14.22,9.84,0.611,6.0,18.7
14.24,9.845,0.611,6.0,18.7
14.26,9.849,0.611,6.0,18.7
14.28,9.854,0.611,6.0,18.7
14.3,9.859,0.611,6.0,18.7
14.32,9.863,0.611,6.0,18.7
14.34,9.866,0.611,6.0,18.7
14.36,9.872,0.611,6.0,18.7
14.38,9.875,0.611,6.0,18.7
14.4,9.879,0.611,6.0,18.7
14.42,9.882,0.611,6.0,18.7
14.44,9.886,0.611,6.0,18.7
14.46,9.889,0.611,6.0,18.7
14.48,9.893,0.611,6.0,18.7
14.5,9.894,0.607,6.0,18.7
14.52,9.898,0.609,6.0,18.7
14.54,9.9,0.609,6.0,18.7
14.56,9.903,0.609,6.0,18.7
14.58,9.905,0.609,6.0,18.7
14.6,9.908,0.609,6.0,18.7
14.62,9.91,0.609,6.0,18.7
14.64,9.912,0.609,6.0,18.7
14.66,9.913,0.609,6.0,18.7
14.68,9.915,0.609,6.0,18.7
14.7,9.917,0.609,6.0,18.7
14.72,9.919,0.609,6.0,18.7
14.74,9.919,0.609,6.0,18.7
14.76,9.92,0.609,6.0,18.7
14.78,9.922,0.609,6.0,18.7
14.8,9.922,0.609,6.0,18.7
14.82,9.924,0.609,6.0,18.7
14.84,9.924,0.609,6.0,18.7
14.86,9.924,0.609,6.0,18.7
14.88,9.924,0.609,6.0,18.7
14.9,9.924,0.609,6.0,18.7
14.92,9.924,0.609,6.0,18.7
14.94,9.924,0.609,6.0,18.7
14.96,9.924,0.609,6.0,18.7
14.98,9.924,0.609,6.0,18.7
15.0,9.924,0.609,6.0,18.7
15.02,9.924,0.607,6.0,18.7
15.04,9.922,0.607,6.0,18.7
15.06,9.922,0.607,6.0,18.7
15.08,9.922,0.607,6.0,18.7
15.1,9.92,0.607,6.0,18.7
15.12,9.92,0.607,6.0,18.7
15.14,9.919,0.607,6.0,18.7
15.16,9.919,0.607,6.0,18.7
15.18,9.917,0.607,6.0,18.7
15.2,9.917,0.607,6.0,18.7
15.22,9.917,0.607,6.0,18.7
15.24,9.915,0.607,6.0,18.7
15.26,9.915,0.607,6.0,18.7
15.28,9.913,0.607,6.0,18.7
15.3,9.913,0.607,6.0,18.7
15.32,9.912,0.607,6.0,18.7
15.34,9.912,0.607,6.0,18.7
15.36,9.91,0.607,6.0,18.7
15.38,9.91,0.607,6.0,18.7
15.4,9.908,0.607,6.0,18.7
15.42,9.906,0.609,6.0,18.7
15.44,9.906,0.609,6.0,18.7
15.46,9.905,0.609,6.0,18.7
15.48,9.905,0.609,6.0,18.7
15.5,9.903,0.609,6.0,18.7
15.52,9.901,0.609,6.0,18.7
15.54,9.901,0.609,6.0,18.7
15.56,9.9,0.609,6.0,18.7
15.58,9.9,0.609,6.0,18.7
15.6,9.898,0.609,6.0,18.7
15.62,9.896,0.609,6.0,18.7
15.64,9.896,0.609,6.0,18.7
15.66,9.894,0.609,6.0,18.7
15.68,9.893,0.609,6.0,18.7
15.7,9.891,0.609,6.0,18.7
15.72,9.891,0.609,6.0,18.7
15.74,9.889,0.609,6.0,18.7
15.76,9.887,0.609,6.0,18.7
15.78,9.887,0.609,6.0,18.7
15.8,9.886,0.609,6.0,18.7
15.82,9.884,0.609,6.0,18.7
15.84,9.882,0.609,6.0,18.7
15.86,9.882,0.609,6.0,18.7
15.88,9.88,0.609,6.0,18.7
15.9,9.879,0.609,6.0,18.7
15.92,9.877,0.609,6.0,18.7
15.94,9.875,0.609,6.0,18.7
15.96,9.875,0.609,6.0,18.7
15.98,9.873,0.609,6.0,18.7
16.0,9.872,0.609,6.0,18.7
16.02,9.87,0.609,6.0,18.7
16.04,9.868,0.609,6.0,18.7
16.06,9.866,0.609,6.0,18.7
16.08,9.865,0.611,6.0,18.7
16.1,9.865,0.611,6.0,18.7
16.12,9.863,0.611,6.0,18.7
16.14,9.861,0.611,6.0,18.7
16.16,9.859,0.611,6.0,18.7
16.18,9.858,0.611,6.0,18.7
16.2,9.856,0.611,6.0,18.7
16.22,9.854,0.611,6.0,18.7
16.24,9.852,0.611,6.0,18.7
16.26,9.851,0.611,6.0,18.7
16.28,9.849,0.611,6.0,18.7
16.3,9.847,0.611,6.0,18.7
16.32,9.845,0.611,6.0,18.7
16.34,9.844,0.611,6.0,18.7
16.36,9.842,0.611,6.0,18.7
16.38,9.84,0.611,6.0,18.7
16.4,9.838,0.611,6.0,18.7
16.42,9.837,0.611,6.0,18.7
16.44,9.835,0.611,6.0,18.7
16.46,9.833,0.611,6.0,18.7
16.48,9.831,0.611,6.0,18.7
16.5,9.83,0.611,6.0,18.7
16.52,9.828,0.609,6.0,18.7
16.54,9.826,0.609,6.0,18.7
16.56,9.824,0.609,6.0,18.7
16.58,9.821,0.609,6.0,18.7
16.6,9.819,0.609,6.0,18.7
16.62,9.817,0.609,6.0,18.7
16.64,9.816,0.609,6.0,18.7
16.66,9.814,0.609,6.0,18.7
16.68,9.812,0.609,6.0,18.7
16.7,9.811,0.609,6.0,18.7
16.72,9.809,0.609,6.0,18.7
16.74,9.805,0.609,6.0,18.7
16.76,9.804,0.609,6.0,18.7
16.78,9.802,0.609,6.0,18.7
16.8,9.8,0.609,6.0,18.7
16.82,9.798,0.609,6.0,18.7
16.84,9.795,0.609,6.0,18.7
16.86,9.793,0.609,6.0,18.7
16.88,9.791,0.609,6.0,18.7
16.9,9.79,0.609,6.0,18.7
16.92,9.788,0.609,6.0,18.7
16.94,9.784,0.609,6.0,18.7
16.96,9.783,0.609,6.0,18.7
16.98,9.781,0.609,6.0,18.7
17.0,9.779,0.609,6.0,18.7
17.02,9.776,0.609,6.0,18.7
17.04,9.774,0.611,6.0,18.7
17.06,9.772,0.611,6.0,18.7
17.08,9.77,0.611,6.0,18.7
17.1,9.767,0.611,6.0,18.7
17.12,9.765,0.611,6.0,18.7
17.14,9.763,0.611,6.0,18.7
17.16,9.76,0.611,6.0,18.7
17.18,9.758,0.611,6.0,18.7
17.2,9.756,0.611,6.0,18.7
17.22,9.753,0.611,6.0,18.7
17.24,9.751,0.611,6.0,18.7
17.26,9.749,0.611,6.0,18.7
17.28,9.746,0.611,6.0,18.7
17.3,9.744,0.611,6.0,18.7
17.32,9.741,0.611,6.0,18.7
17.34,9.739,0.611,6.0,18.7
17.36,9.735,0.611,6.0,18.7
17.38,9.734,0.611,6.0,18.7
17.4,9.73,0.611,6.0,18.7
17.42,9.728,0.611,6.0,18.7
17.44,9.727,0.611,6.0,18.7
17.46,9.723,0.611,6.0,18.7
17.48,9.72,0.611,6.0,18.7
17.5,9.718,0.611,6.0,18.7
17.52,9.715,0.609,6.0,18.7
17.54,9.713,0.609,6.0,18.7
17.56,9.709,0.609,6.0,18.7
17.58,9.708,0.609,6.0,18.7
17.6,9.704,0.609,6.0,18.7
17.62,9.702,0.609,6.0,18.7
17.64,9.699,0.609,6.0,18.7
17.66,9.697,0.609,6.0,18.7
17.68,9.694,0.609,6.0,18.7
17.7,9.69,0.609,6.0,18.7
17.72,9.688,0.609,6.0,18.7
17.74,9.685,0.609,6.0,18.7
17.76,9.683,0.609,6.0,18.7
17.78,9.68,0.609,6.0,18.7
17.8,9.676,0.609,6.0,18.7
17.82,9.674,0.609,6.0,18.7
17.84,9.671,0.609,6.0,18.7
17.86,9.667,0.609,6.0,18.7
17.88,9.664,0.609,6.0,18.7
17.9,9.662,0.609,6.0,18.7
17.92,9.659,0.609,6.0,18.7
17.94,9.655,0.611,6.0,18.7
17.96,9.652,0.611,6.0,18.7
17.98,9.648,0.611,6.0,18.7
18.0,9.646,0.611,6.0,18.7
18.02,9.643,0.611,6.0,18.7
18.04,9.639,0.611,6.0,18.7
18.06,9.636,0.611,6.0,18.7
18.08,9.632,0.611,6.0,18.7
18.1,9.631,0.611,6.0,18.7
18.12,9.627,0.611,6.0,18.7
18.14,9.624,0.611,6.0,18.7
18.16,9.62,0.611,6.0,18.7
18.18,9.617,0.611,6.0,18.7
18.2,9.613,0.611,6.0,18.7
18.22,9.61,0.611,6.0,18.7
18.24,9.606,0.609,6.0,18.7
18.26,9.603,0.609,6.0,18.7
18.28,9.601,0.609,6.0,18.7
18.3,9.598,0.609,6.0,18.7
18.32,9.594,0.609,6.0,18.7
18.34,9.591,0.609,6.0,18.7
18.36,9.587,0.609,6.0,18.7
18.38,9.584,0.609,6.0,18.7
18.4,9.58,0.609,6.0,18.7
18.42,9.577,0.609,6.0,18.7
18.44,9.573,0.609,6.0,18.7
18.46,9.57,0.609,6.0,18.7
18.48,9.566,0.609,6.0,18.7
18.5,9.563,0.609,6.0,18.7
18.52,9.559,0.609,6.0,18.7
18.54,9.556,0.609,6.0,18.7
18.56,9.552,0.609,6.0,18.7
18.58,9.549,0.609,6.0,18.7
18.6,9.545,0.609,6.0,18.7
18.62,9.542,0.609,6.0,18.7
18.64,9.538,0.609,6.0,18.7
18.66,9.535,0.611,6.0,18.7
18.68,9.531,0.613,6.0,18.7
18.7,9.526,0.613,6.0,18.7
18.72,9.523,0.613,6.0,18.7
18.74,9.519,0.613,6.0,18.7
18.76,9.516,0.613,6.0,18.7
18.78,9.512,0.613,6.0,18.7
18.8,9.509,0.613,6.0,18.7
18.82,9.505,0.613,6.0,18.7
18.84,9.5,0.613,6.0,18.7
18.86,9.496,0.613,6.0,18.7
18.88,9.493,0.613,6.0,18.7
18.9,9.489,0.613,6.0,18.7
18.92,9.486,0.613,6.0,18.7
18.94,9.481,0.613,6.0,18.7
18.96,9.477,0.613,6.0,18.7
18.98,9.474,0.613,6.0,18.7
19.0,9.47,0.613,6.0,18.7
19.02,9.465,0.613,6.0,18.7
19.04,9.461,0.611,6.0,18.7
19.06,9.458,0.611,6.0,18.7
19.08,9.454,0.611,6.0,18.7
19.1,9.449,0.609,6.0,18.7
19.12,9.446,0.611,6.0,18.7
19.14,9.44,0.611,6.0,18.7
19.16,9.437,0.611,6.0,18.7
19.18,9.434,0.609,6.0,18.7
19.2,9.428,0.611,6.0,18.7
19.22,9.425,0.611,6.0,18.7
19.24,9.42,0.609,6.0,18.7
19.26,9.416,0.609,6.0,18.7
19.28,9.411,0.609,6.0,18.7
19.3,9.407,0.609,6.0,18.7
19.32,9.402,0.609,6.0,18.7
19.34,9.399,0.609,6.0,18.7
19.36,9.393,0.609,6.0,18.7
19.38,9.39,0.609,6.0,18.7
19.4,9.385,0.609,6.0,18.7
19.42,9.379,0.609,6.0,18.7
19.44,9.376,0.609,6.0,18.7
19.46,9.371,0.609,6.0,18.7
19.48,9.365,0.609,6.0,18.7
19.5,9.362,0.609,6.0,18.7
19.52,9.357,0.609,6.0,18.7
19.54,9.351,0.609,6.0,18.7
19.56,9.348,0.609,6.0,18.7
19.58,9.343,0.609,6.0,18.7
19.6,9.338,0.609,6.0,18.7
19.62,9.332,0.609,6.0,18.7
19.64,9.329,0.609,6.0,18.7
19.66,9.324,0.609,6.0,18.7
19.68,9.318,0.609,6.0,18.7
19.7,9.313,0.609,6.0,18.7
19.72,9.308,0.609,6.0,18.7
19.74,9.303,0.609,6.0,18.7
19.76,9.297,0.609,6.0,18.7
19.78,9.292,0.609,6.0,18.7
19.8,9.287,0.609,6.0,18.7
19.82,9.282,0.609,6.0,18.7
19.84,9.276,0.609,6.0,18.7
19.86,9.271,0.609,6.0,18.7
19.88,9.266,0.609,6.0,18.7
19.9,9.261,0.609,6.0,18.7
19.92,9.255,0.609,6.0,18.7
19.94,9.25,0.609,6.0,18.7
19.96,9.243,0.609,6.0,18.7
19.98,9.238,0.609,6.0,18.7
20.0,9.233,0.609,6.0,18.7
20.02,9.228,0.609,0.0,18.7
20.04,9.221,0.609,0.0,18.687
20.06,9.215,0.609,0.0,18.673
20.08,9.21,0.609,0.0,18.66
20.1,9.205,0.609,0.0,18.647
20.12,9.198,0.609,0.0,18.633
20.14,9.193,0.609,0.0,18.62
20.16,9.187,0.609,0.0,18.607
20.18,9.18,0.611,0.0,18.593
20.2,9.175,0.611,0.0,18.58
20.22,9.17,0.611,0.0,18.567
20.24,9.165,0.611,0.0,18.553
20.26,9.159,0.611,0.0,18.54
20.28,9.154,0.611,0.0,18.527
20.3,9.149,0.611,0.0,18.513
20.32,9.144,0.611,0.0,18.5
20.34,9.139,0.611,0.0,18.487
20.36,9.133,0.613,0.0,18.473
20.38,9.128,0.613,0.0,18.46
20.4,9.123,0.613,0.0,18.447
20.42,9.119,0.613,0.0,18.433
20.44,9.114,0.613,0.0,18.42
20.46,9.109,0.613,0.0,18.407
20.48,9.105,0.613,0.0,18.393
20.5,9.102,0.613,0.0,18.38
20.52,9.097,0.613,0.0,18.367
20.54,9.093,0.613,0.0,18.353
20.56,9.09,0.613,0.0,18.34
20.58,9.084,0.613,0.0,18.327
20.6,9.081,0.613,0.0,18.313
20.62,9.077,0.613,0.0,18.3
20.64,9.076,0.613,0.0,18.287
20.66,9.072,0.613,0.0,18.273
20.68,9.069,0.613,0.0,18.26
20.7,9.065,0.613,0.0,18.247
20.72,9.063,0.613,0.0,18.233
20.74,9.06,0.613,0.0,18.22
20.76,9.058,0.613,0.0,18.207
20.78,9.055,0.614,0.0,18.193
20.8,9.053,0.614,0.0,18.18
20.82,9.051,0.614,0.0,18.167
20.84,9.05,0.614,0.0,18.153
20.86,9.046,0.614,0.0,18.14
20.88,9.044,0.614,0.0,18.127
20.9,9.043,0.614,0.0,18.113
20.92,9.043,0.614,0.0,18.1
20.94,9.041,0.613,0.0,18.087
20.96,9.039,0.613,0.0,18.073
20.98,9.037,0.613,0.0,18.06
21.0,9.037,0.613,0.0,18.047
21.02,9.036,0.611,0.0,18.033
21.04,9.036,0.611,0.0,18.02
21.06,9.036,0.611,0.0,18.007
21.08,9.034,0.611,0.0,17.993
21.1,9.034,0.611,0.0,17.98
21.12,9.034,0.609,0.0,17.967
21.14,9.034,0.609,0.0,17.953
21.16,9.034,0.609,0.0,17.94
21.18,9.034,0.609,0.0,17.927
21.2,9.034,0.607,0.0,17.913
21.22,9.034,0.607,0.0,17.9
21.24,9.034,0.607,0.0,17.887
21.26,9.034,0.607,0.0,17.873
21.28,9.036,0.606,0.0,17.86
21.3,9.036,0.606,0.0,17.847
21.32,9.036,0.606,0.0,17.833
21.34,9.037,0.606,0.0,17.82
21.36,9.037,0.604,0.0,17.807
21.38,9.037,0.604,0.0,17.793
21.4,9.037,0.604,0.0,17.78
21.42,9.039,0.604,0.0,17.767
21.44,9.039,0.602,0.0,17.753
21.46,9.039,0.602,0.0,17.74
21.48,9.039,0.602,0.0,17.727
21.5,9.041,0.602,0.0,17.713
21.52,9.041,0.6,0.0,17.7
21.54,9.041,0.6,0.0,17.687
21.56,9.041,0.6,0.0,17.673
21.58,9.043,0.599,0.0,17.66
21.6,9.043,0.599,0.0,17.647
21.62,9.043,0.599,0.0,17.633
21.64,9.043,0.599,0.0,17.62
21.66,9.044,0.597,0.0,17.607
21.68,9.044,0.595,0.0,17.593
21.7,9.044,0.595,0.0,17.58
21.72,9.044,0.595,0.0,17.567
21.74,9.044,0.593,0.0,17.553
21.76,9.046,0.593,0.0,17.54
21.78,9.046,0.593,0.0,17.527
21.8,9.046,0.592,0.0,17.513
21.82,9.046,0.592,0.0,17.5
21.84,9.048,0.592,0.0,17.487
21.86,9.048,0.59,0.0,17.473
21.88,9.048,0.588,0.0,17.46
21.9,9.048,0.588,0.0,17.447
21.92,9.048,0.586,0.0,17.433
21.94,9.05,0.586,0.0,17.42
21.96,9.05,0.585,0.0,17.407
21.98,9.05,0.585,0.0,17.393
22.0,9.05,0.585,0.0,17.38
22.02,9.05,0.583,0.0,17.367
22.04,9.051,0.583,0.0,17.353
22.06,9.051,0.581,0.0,17.34
22.08,9.051,0.579,0.0,17.327
22.1,9.051,0.579,0.0,17.313
22.12,9.051,0.578,0.0,17.3
22.14,9.053,0.578,0.0,17.287
22.16,9.053,0.576,0.0,17.273
22.18,9.053,0.574,0.0,17.26
22.2,9.053,0.572,0.0,17.247
22.22,9.053,0.572,0.0,17.233
22.24,9.053,0.572,0.0,17.22
22.26,9.053,0.572,0.0,17.207
22.28,9.055,0.569,0.0,17.193
22.3,9.055,0.569,0.0,17.18
22.32,9.055,0.567,0.0,17.167
22.34,9.055,0.565,0.0,17.153
22.36,9.055,0.564,0.0,17.14
22.38,9.055,0.562,0.0,17.127
22.4,9.055,0.562,0.0,17.113
22.42,9.055,0.56,0.0,17.1
22.44,9.055,0.56,0.0,17.087
22.46,9.057,0.559,0.0,17.073
22.48,9.057,0.557,0.0,17.06
22.5,9.057,0.557,0.0,17.047
22.52,9.057,0.553,0.0,17.033
22.54,9.057,0.553,0.0,17.02
22.56,9.057,0.552,0.0,17.007
22.58,9.057,0.55,0.0,16.993
22.6,9.057,0.548,0.0,16.98
22.62,9.057,0.548,0.0,16.967
22.64,9.057,0.545,0.0,16.953
22.66,9.057,0.545,0.0,16.94
22.68,9.057,0.541,0.0,16.927
22.7,9.057,0.539,0.0,16.913
22.72,9.057,0.539,0.0,16.9
22.74,9.057,0.536,0.0,16.887
22.76,9.057,0.534,0.0,16.873
22.78,9.057,0.534,0.0,16.86
22.8,9.057,0.532,0.0,16.847
22.82,9.057,0.531,0.0,16.833
22.84,9.057,0.529,0.0,16.82
22.86,9.057,0.527,0.0,16.807
22.88,9.057,0.525,0.0,16.793
22.9,9.057,0.524,0.0,16.78
22.92,9.057,0.52,0.0,16.767
22.94,9.057,0.518,0.0,16.753
22.96,9.057,0.517,0.0,16.74
22.98,9.057,0.515,0.0,16.727
23.0,9.057,0.513,0.0,16.713
23.02,9.057,0.51,0.0,16.7
23.04,9.057,0.508,0.0,16.687
23.06,9.057,0.506,0.0,16.673
23.08,9.057,0.504,0.0,16.66
23.1,9.057,0.503,0.0,16.647
23.12,9.057,0.499,0.0,16.633
23.14,9.057,0.499,0.0,16.62
23.16,9.057,0.496,0.0,16.607
23.18,9.057,0.494,0.0,16.593
23.2,9.057,0.49,0.0,16.58
23.22,9.057,0.487,0.0,16.567
23.24,9.057,0.487,0.0,16.553
23.26,9.057,0.483,0.0,16.54
23.28,9.057,0.48,0.0,16.527
23.3,9.057,0.48,0.0,16.513
23.32,9.057,0.475,0.0,16.5
23.34,9.057,0.475,0.0,16.487
23.36,9.057,0.471,0.0,16.473
23.38,9.057,0.468,0.0,16.46
23.4,9.057,0.466,0.0,16.447
23.42,9.057,0.464,0.0,16.433
23.44,9.057,0.461,0.0,16.42
23.46,9.057,0.459,0.0,16.407
23.48,9.057,0.456,0.0,16.393
23.5,9.057,0.454,0.0,16.38
23.52,9.057,0.45,0.0,16.367
23.54,9.058,0.447,0.0,16.353
23.56,9.058,0.445,0.0,16.34
23.58,9.058,0.442,0.0,16.327
23.6,9.058,0.438,0.0,16.313
23.62,9.058,0.438,0.0,16.3
23.64,9.058,0.433,0.0,16.287
23.66,9.058,0.431,0.0,16.273
23.68,9.058,0.429,0.0,16.26
23.7,9.058,0.424,0.0,16.247
23.72,9.058,0.424,0.0,16.233
23.74,9.058,0.419,0.0,16.22
23.76,9.058,0.415,0.0,16.207
23.78,9.058,0.415,0.0,16.193
23.8,9.058,0.412,0.0,16.18
23.82,9.058,0.408,0.0,16.167
23.84,9.058,0.407,0.0,16.153
23.86,9.058,0.403,0.0,16.14
23.88,9.058,0.4,0.0,16.127
23.9,9.058,0.398,0.0,16.113
23.92,9.058,0.394,0.0,16.1
23.94,9.058,0.391,0.0,16.087
23.96,9.058,0.387,0.0,16.073
23.98,9.058,0.384,0.0,16.06
24.0,9.058,0.384,0.0,16.047
24.02,9.058,0.379,0.0,16.033
24.04,9.058,0.375,0.0,16.02
24.06,9.058,0.375,0.0,16.007
24.08,9.058,0.372,0.0,15.993
24.1,9.058,0.367,0.0,15.98
24.12,9.058,0.365,0.0,15.967
24.14,9.058,0.361,0.0,15.953
24.16,9.058,0.358,0.0,15.94
24.18,9.058,0.356,0.0,15.927
24.2,9.058,0.354,0.0,15.913
24.22,9.058,0.351,0.0,15.9
24.24,9.058,0.347,0.0,15.887
24.26,9.058,0.346,0.0,15.873
24.28,9.058,0.342,0.0,15.86
24.3,9.058,0.339,0.0,15.847
24.32,9.058,0.335,0.0,15.833
24.34,9.058,0.332,0.0,15.82
24.36,9.058,0.332,0.0,15.807
24.38,9.058,0.328,0.0,15.793
24.4,9.058,0.325,0.0,15.78
24.42,9.058,0.321,0.0,15.767
24.44,9.058,0.319,0.0,15.753
24.46,9.058,0.318,0.0,15.74
24.48,9.058,0.314,0.0,15.727
24.5,9.058,0.312,0.0,15.713
24.52,9.058,0.309,0.0,15.7
24.54,9.058,0.307,0.0,15.687
24.56,9.058,0.304,0.0,15.673
24.58,9.058,0.302,0.0,15.66
24.6,9.058,0.3,0.0,15.647
24.62,9.058,0.298,0.0,15.633
24.64,9.058,0.295,0.0,15.62
24.66,9.058,0.291,0.0,15.607
24.68,9.058,0.29,0.0,15.593
24.7,9.058,0.29,0.0,15.58
24.72,9.058,0.286,0.0,15.567
24.74,9.058,0.283,0.0,15.553
24.76,9.058,0.281,0.0,15.54
24.78,9.058,0.278,0.0,15.527
24.8,9.058,0.276,0.0,15.513
24.82,9.058,0.274,0.0,15.5
24.84,9.058,0.272,0.0,15.487
24.86,9.058,0.271,0.0,15.473
24.88,9.058,0.269,0.0,15.46
24.9,9.058,0.265,0.0,15.447
24.92,9.058,0.264,0.0,15.433
24.94,9.058,0.264,0.0,15.42
24.96,9.058,0.262,0.0,15.407
24.98,9.058,0.258,0.0,15.393
25.0,9.058,0.258,0.0,15.38
25.02,9.058,0.255,0.0,15.367
25.04,9.058,0.255,0.0,15.353
25.06,9.058,0.253,0.0,15.34
25.08,9.058,0.251,0.0,15.327
25.1,9.058,0.25,0.0,15.313
25.12,9.058,0.248,0.0,15.3
25.14,9.058,0.248,0.0,15.287
25.16,9.058,0.246,0.0,15.273
25.18,9.058,0.244,0.0,15.26
25.2,9.058,0.243,0.0,15.247
25.22,9.058,0.241,0.0,15.233
25.24,9.058,0.241,0.0,15.22
25.26,9.058,0.239,0.0,15.207
25.28,9.058,0.237,0.0,15.193
25.3,9.058,0.237,0.0,15.18
25.32,9.058,0.236,0.0,15.167
25.34,9.058,0.236,0.0,15.153
25.36,9.058,0.236,0.0,15.14
25.38,9.058,0.234,0.0,15.127
25.4,9.058,0.234,0.0,15.113
25.42,9.058,0.232,0.0,15.1
25.44,9.058,0.232,0.0,15.087
25.46,9.058,0.232,0.0,15.073
25.48,9.058,0.23,0.0,15.06
25.5,9.058,0.23,0.0,15.047
25.52,9.058,0.23,0.0,15.033
25.54,9.058,0.23,0.0,15.02
25.56,9.058,0.229,0.0,15.007
25.58,9.058,0.229,0.0,14.993
25.6,9.058,0.229,0.0,14.98
25.62,9.058,0.229,0.0,14.967
25.64,9.058,0.229,0.0,14.953
25.66,9.058,0.227,0.0,14.94
25.68,9.058,0.227,0.0,14.927
25.7,9.058,0.227,0.0,14.913
25.72,9.058,0.227,0.0,14.9
25.74,9.058,0.227,0.0,14.887
25.76,9.058,0.227,0.0,14.873
25.78,9.058,0.227,0.0,14.86
25.8,9.058,0.227,0.0,14.847
25.82,9.058,0.227,0.0,14.833
25.84,9.058,0.227,0.0,14.82
25.86,9.058,0.227,0.0,14.807
25.88,9.058,0.227,0.0,14.793
25.9,9.058,0.227,0.0,14.78
25.92,9.058,0.227,0.0,14.767
25.94,9.058,0.227,0.0,14.753
25.96,9.058,0.227,0.0,14.74
25.98,9.058,0.227,0.0,14.727
26.0,9.058,0.227,0.0,14.713
26.02,9.058,0.227,0.0,14.7
26.04,9.058,0.227,0.0,14.687
26.06,9.058,0.227,0.0,14.673
26.08,9.058,0.227,0.0,14.66
26.1,9.058,0.227,0.0,14.647
26.12,9.058,0.227,0.0,14.633
26.14,9.058,0.227,0.0,14.62
26.16,9.058,0.227,0.0,14.607
26.18,9.058,0.227,0.0,14.593
26.2,9.058,0.227,0.0,14.58
26.22,9.058,0.227,0.0,14.567
26.24,9.058,0.227,0.0,14.553
26.26,9.058,0.227,0.0,14.54
26.28,9.058,0.227,0.0,14.527
26.3,9.058,0.227,0.0,14.513
26.32,9.058,0.227,0.0,14.5
26.34,9.058,0.227,0.0,14.487
26.36,9.058,0.227,0.0,14.473
26.38,9.058,0.227,0.0,14.46
26.4,9.057,0.227,0.0,14.447
26.42,9.057,0.227,0.0,14.433
26.44,9.057,0.227,0.0,14.42
26.46,9.057,0.227,0.0,14.407
26.48,9.057,0.227,0.0,14.393
26.5,9.057,0.227,0.0,14.38
26.52,9.058,0.227,0.0,14.367
26.54,9.058,0.227,0.0,14.353
26.56,9.058,0.227,0.0,14.34
26.58,9.058,0.227,0.0,14.327
26.6,9.058,0.227,0.0,14.313
26.62,9.058,0.227,0.0,14.3
26.64,9.058,0.227,0.0,14.287
26.66,9.058,0.225,0.0,14.273
26.68,9.058,0.225,0.0,14.26
26.7,9.058,0.225,0.0,14.247
26.72,9.058,0.225,0.0,14.233
26.74,9.058,0.225,0.0,14.22
26.76,9.058,0.225,0.0,14.207
26.78,9.058,0.225,0.0,14.193
26.8,9.058,0.223,0.0,14.18
26.82,9.057,0.223,0.0,14.167
26.84,9.057,0.223,0.0,14.153
26.86,9.057,0.223,0.0,14.14
26.88,9.057,0.223,0.0,14.127
26.9,9.057,0.222,0.0,14.113
26.92,9.057,0.222,0.0,14.1
26.94,9.057,0.222,0.0,14.087
26.96,9.057,0.222,0.0,14.073
26.98,9.057,0.22,0.0,14.06
27.0,9.057,0.22,0.0,14.047
27.02,9.057,0.22,0.0,14.033
27.04,9.057,0.22,0.0,14.02
27.06,9.057,0.218,0.0,14.007
27.08,9.057,0.218,0.0,13.993
27.1,9.057,0.218,0.0,13.98
27.12,9.058,0.216,0.0,13.967
27.14,9.058,0.216,0.0,13.953
27.16,9.058,0.215,0.0,13.94
27.18,9.058,0.215,0.0,13.927
27.2,9.058,0.215,0.0,13.913
27.22,9.058,0.213,0.0,13.9
27.24,9.058,0.213,0.0,13.887
27.26,9.058,0.211,0.0,13.873
27.28,9.057,0.211,0.0,13.86
27.3,9.057,0.211,0.0,13.847
27.32,9.057,0.209,0.0,13.833
27.34,9.057,0.208,0.0,13.82
27.36,9.057,0.208,0.0,13.807
27.38,9.057,0.206,0.0,13.793
27.4,9.057,0.206,0.0,13.78
27.42,9.057,0.206,0.0,13.767
27.44,9.057,0.204,0.0,13.753
27.46,9.057,0.202,0.0,13.74
27.48,9.057,0.201,0.0,13.727
27.5,9.057,0.201,0.0,13.713
27.52,9.057,0.199,0.0,13.7
27.54,9.057,0.199,0.0,13.687
27.56,9.058,0.199,0.0,13.673
27.58,9.058,0.197,0.0,13.66
27.6,9.058,0.195,0.0,13.647
27.62,9.058,0.195,0.0,13.633
27.64,9.058,0.195,0.0,13.62
27.66,9.058,0.194,0.0,13.607
27.68,9.058,0.192,0.0,13.593
27.7,9.058,0.192,0.0,13.58
27.72,9.057,0.19,0.0,13.567
27.74,9.057,0.188,0.0,13.553
27.76,9.057,0.188,0.0,13.54
27.78,9.057,0.187,0.0,13.527
27.8,9.057,0.187,0.0,13.513
27.82,9.057,0.185,0.0,13.5
27.84,9.057,0.185,0.0,13.487
27.86,9.057,0.182,0.0,13.473
27.88,9.057,0.182,0.0,13.46
27.9,9.057,0.18,0.0,13.447
27.92,9.057,0.18,0.0,13.433
27.94,9.057,0.178,0.0,13.42
27.96,9.057,0.176,0.0,13.407
27.98,9.057,0.175,0.0,13.393
28.0,9.057,0.173,0.0,13.38
28.02,9.057,0.173,0.0,13.367
28.04,9.057,0.171,0.0,13.353
28.06,9.057,0.169,0.0,13.34
28.08,9.057,0.168,0.0,13.327
28.1,9.057,0.166,0.0,13.313
28.12,9.057,0.164,0.0,13.3
28.14,9.057,0.162,0.0,13.287
28.16,9.057,0.161,0.0,13.273
28.18,9.057,0.159,0.0,13.26
28.2,9.057,0.157,0.0,13.247
28.22,9.057,0.155,0.0,13.233
28.24,9.057,0.154,0.0,13.22
28.26,9.057,0.152,0.0,13.207
28.28,9.057,0.15,0.0,13.193
28.3,9.057,0.148,0.0,13.18
28.32,9.057,0.147,0.0,13.167
28.34,9.057,0.145,0.0,13.153
28.36,9.057,0.141,0.0,13.14
28.38,9.057,0.141,0.0,13.127
28.4,9.057,0.138,0.0,13.113
28.42,9.057,0.136,0.0,13.1
28.44,9.057,0.134,0.0,13.087
28.46,9.057,0.133,0.0,13.073
28.48,9.057,0.131,0.0,13.06
28.5,9.057,0.127,0.0,13.047
28.52,9.057,0.127,0.0,13.033
28.54,9.057,0.124,0.0,13.02
28.56,9.057,0.122,0.0,13.007
28.58,9.057,0.12,0.0,12.993
28.6,9.057,0.119,0.0,12.98
28.62,9.057,0.117,0.0,12.967
28.64,9.057,0.115,0.0,12.953
28.66,9.057,0.113,0.0,12.94
28.68,9.057,0.11,0.0,12.927
28.7,9.057,0.11,0.0,12.913
28.72,9.057,0.106,0.0,12.9
28.74,9.057,0.105,0.0,12.887
28.76,9.057,0.103,0.0,12.873
28.78,9.057,0.101,0.0,12.86
28.8,9.057,0.099,0.0,12.847
28.82,9.057,0.098,0.0,12.833
28.84,9.057,0.096,0.0,12.82
28.86,9.057,0.094,0.0,12.807
28.88,9.057,0.093,0.0,12.793
28.9,9.057,0.091,0.0,12.78
28.92,9.057,0.089,0.0,12.767
28.94,9.057,0.087,0.0,12.753
28.96,9.057,0.086,0.0,12.74
28.98,9.057,0.084,0.0,12.727
29.0,9.057,0.084,0.0,12.713
29.02,9.057,0.08,0.0,12.7
29.04,9.057,0.079,0.0,12.687
29.06,9.057,0.077,0.0,12.673
29.08,9.057,0.077,0.0,12.66
29.1,9.057,0.075,0.0,12.647
29.12,9.057,0.073,0.0,12.633
29.14,9.057,0.072,0.0,12.62
29.16,9.057,0.07,0.0,12.607
29.18,9.057,0.07,0.0,12.593
29.2,9.057,0.068,0.0,12.58
29.22,9.057,0.066,0.0,12.567
29.24,9.057,0.065,0.0,12.553
29.26,9.057,0.065,0.0,12.54
29.28,9.057,0.063,0.0,12.527
29.3,9.057,0.061,0.0,12.513
29.32,9.057,0.061,0.0,12.5
29.34,9.057,0.061,0.0,12.487
29.36,9.057,0.058,0.0,12.473
29.38,9.057,0.058,0.0,12.46
29.4,9.057,0.058,0.0,12.447
29.42,9.057,0.056,0.0,12.433
29.44,9.057,0.054,0.0,12.42
29.46,9.057,0.054,0.0,12.407
29.48,9.057,0.052,0.0,12.393
29.5,9.057,0.052,0.0,12.38
29.52,9.057,0.051,0.0,12.367
29.54,9.057,0.051,0.0,12.353
29.56,9.057,0.049,0.0,12.34
29.58,9.057,0.049,0.0,12.327
29.6,9.057,0.047,0.0,12.313
29.62,9.057,0.047,0.0,12.3
29.64,9.057,0.047,0.0,12.287
29.66,9.057,0.045,0.0,12.273
29.68,9.057,0.045,0.0,12.26
29.7,9.057,0.045,0.0,12.247
29.72,9.057,0.044,0.0,12.233
29.74,9.057,0.044,0.0,12.22
29.76,9.057,0.042,0.0,12.207
29.78,9.057,0.042,0.0,12.193
29.8,9.057,0.042,0.0,12.18
29.82,9.057,0.042,0.0,12.167
29.84,9.057,0.04,0.0,12.153
29.86,9.057,0.04,0.0,12.14
29.88,9.057,0.04,0.0,12.127
29.9,9.057,0.04,0.0,12.113
29.92,9.057,0.038,0.0,12.1
29.94,9.057,0.038,0.0,12.087
29.96,9.057,0.038,0.0,12.073
29.98,9.057,0.038,0.0,12.06
30.0,9.057,0.037,0.0,12.047
30.02,9.057,0.037,0.0,12.033
30.04,9.057,0.037,0.0,12.02
30.06,9.057,0.037,0.0,12.007
30.08,9.057,0.037,0.0,11.993
30.1,9.057,0.037,0.0,11.98
30.12,9.057,0.035,0.0,11.967
30.14,9.057,0.035,0.0,11.953
30.16,9.057,0.035,0.0,11.94
30.18,9.057,0.035,0.0,11.927
30.2,9.057,0.035,0.0,11.913
30.22,9.057,0.035,0.0,11.9
30.24,9.057,0.035,0.0,11.887
30.26,9.057,0.033,0.0,11.873
30.28,9.057,0.033,0.0,11.86
30.3,9.057,0.033,0.0,11.847
30.32,9.057,0.033,0.0,11.833
30.34,9.057,0.033,0.0,11.82
30.36,9.057,0.033,0.0,11.807
30.38,9.057,0.033,0.0,11.793
30.4,9.057,0.033,0.0,11.78
30.42,9.057,0.033,0.0,11.767
30.44,9.057,0.033,0.0,11.753
30.46,9.057,0.031,0.0,11.74
30.48,9.057,0.031,0.0,11.727
30.5,9.057,0.031,0.0,11.713
30.52,9.057,0.031,0.0,11.7
30.54,9.057,0.031,0.0,11.687
30.56,9.057,0.031,0.0,11.673
30.58,9.057,0.031,0.0,11.66
30.6,9.057,0.031,0.0,11.647
30.62,9.057,0.031,0.0,11.633
30.64,9.057,0.03,0.0,11.62
30.66,9.057,0.03,0.0,11.607
30.68,9.057,0.03,0.0,11.593
30.7,9.057,0.03,0.0,11.58
30.72,9.057,0.03,0.0,11.567
30.74,9.057,0.03,0.0,11.553
30.76,9.057,0.028,0.0,11.54
30.78,9.057,0.028,0.0,11.527
30.8,9.057,0.028,0.0,11.513
30.82,9.057,0.028,0.0,11.5
30.84,9.057,0.028,0.0,11.487
30.86,9.057,0.026,0.0,11.473
30.88,9.057,0.026,0.0,11.46
30.9,9.057,0.026,0.0,11.447
30.92,9.057,0.026,0.0,11.433
30.94,9.057,0.024,0.0,11.42
30.96,9.057,0.024,0.0,11.407
30.98,9.057,0.024,0.0,11.393
31.0,9.057,0.024,0.0,11.38
31.02,9.057,0.023,0.0,11.367
31.04,9.057,0.023,0.0,11.353
31.06,9.057,0.023,0.0,11.34
31.08,9.057,0.021,0.0,11.327
31.1,9.057,0.021,0.0,11.313
31.12,9.057,0.021,0.0,11.3
31.14,9.057,0.019,0.0,11.287
31.16,9.057,0.019,0.0,11.273
31.18,9.057,0.019,0.0,11.26
31.2,9.057,0.019,0.0,11.247
31.22,9.057,0.019,0.0,11.233
31.24,9.057,0.017,0.0,11.22
31.26,9.057,0.017,0.0,11.207
31.28,9.057,0.017,0.0,11.193
31.3,9.057,0.016,0.0,11.18
31.32,9.057,0.016,0.0,11.167
31.34,9.057,0.014,0.0,11.153
31.36,9.057,0.014,0.0,11.14
31.38,9.057,0.012,0.0,11.127
31.4,9.057,0.012,0.0,11.113
31.42,9.057,0.01,0.0,11.1
31.44,9.057,0.01,0.0,11.087
31.46,9.057,0.009,0.0,11.073
31.48,9.057,0.009,0.0,11.06
31.5,9.057,0.007,0.0,11.047
31.52,9.057,0.007,0.0,11.033
31.54,9.057,0.005,0.0,11.02
31.56,9.057,0.005,0.0,11.007
31.58,9.057,0.005,0.0,10.993
31.6,9.057,0.003,0.0,10.98
31.62,9.057,0.003,0.0,10.967
31.64,9.057,0.003,0.0,10.953
31.66,9.057,0.003,0.0,10.94
31.68,9.057,0.003,0.0,10.927
31.7,9.057,0.003,0.0,10.913
31.72,9.057,0.003,0.0,10.9
31.74,9.057,0.003,0.0,10.887
31.76,9.057,0.002,0.0,10.873
31.78,9.057,0.002,0.0,10.86
31.8,9.057,0.002,0.0,10.847
31.82,9.057,0.002,0.0,10.833
31.84,9.057,0.002,0.0,10.82
31.86,9.057,0.002,0.0,10.807
31.88,9.057,0.002,0.0,10.793
31.9,9.057,0.002,0.0,10.78
31.92,9.057,0.002,0.0,10.767
31.94,9.057,0.002,0.0,10.753
31.96,9.057,0.002,0.0,10.74
31.98,9.057,0.0,0.0,10.727
32.0,9.057,0.0,0.0,10.713
32.02,9.057,0.0,0.0,10.7
32.04,9.057,0.0,0.0,10.687
32.06,9.057,0.0,0.0,10.673
32.08,9.057,0.0,0.0,10.66
32.1,9.057,0.0,0.0,10.647
32.12,9.057,0.0,0.0,10.633
32.14,9.057,0.0,0.0,10.62
32.16,9.057,0.0,0.0,10.607
32.18,9.057,0.0,0.0,10.593
32.2,9.057,0.0,0.0,10.58
32.22,9.057,0.0,0.0,10.567
32.24,9.057,0.0,0.0,10.553
32.26,9.057,0.0,0.0,10.54
32.28,9.057,0.0,0.0,10.527
32.3,9.057,0.0,0.0,10.513
32.32,9.057,0.0,0.0,10.5
32.34,9.057,0.0,0.0,10.487
32.36,9.057,0.0,0.0,10.473
32.38,9.057,0.0,0.0,10.46
32.4,9.057,0.0,0.0,10.447
32.42,9.057,0.0,0.0,10.433
32.44,9.057,0.0,0.0,10.42
32.46,9.057,0.0,0.0,10.407
32.48,9.057,0.0,0.0,10.393
32.5,9.057,0.0,0.0,10.38
32.52,9.057,0.0,0.0,10.367
32.54,9.057,0.0,0.0,10.353
32.56,9.057,0.0,0.0,10.34
32.58,9.057,0.0,0.0,10.327
32.6,9.057,0.0,0.0,10.313
32.62,9.057,0.0,0.0,10.3
32.64,9.057,0.0,0.0,10.287
32.66,9.057,0.0,0.0,10.273
32.68,9.057,0.0,0.0,10.26
32.7,9.057,0.0,0.0,10.247
32.72,9.057,0.0,0.0,10.233
32.74,9.057,0.0,0.0,10.22
32.76,9.057,0.0,0.0,10.207
32.78,9.057,0.0,0.0,10.193
32.8,9.057,0.0,0.0,10.18
32.82,9.057,0.0,0.0,10.167
32.84,9.057,0.0,0.0,10.153
32.86,9.057,0.0,0.0,10.14
32.88,9.057,0.0,0.0,10.127
32.9,9.057,0.0,0.0,10.113
32.92,9.057,0.0,0.0,10.1
32.94,9.057,0.0,0.0,10.087
32.96,9.057,0.0,0.0,10.073
32.98,9.057,0.0,0.0,10.06
33.0,9.057,0.0,0.0,10.047
33.02,9.057,0.0,0.0,10.033
33.04,9.057,0.0,0.0,10.02
33.06,9.057,0.0,0.0,10.007
33.08,9.057,0.0,0.0,9.993
33.1,9.057,0.0,0.0,9.98
33.12,9.057,0.0,0.0,9.967
33.14,9.057,0.0,0.0,9.953
33.16,9.057,0.0,0.0,9.94
33.18,9.057,0.0,0.0,9.927
33.2,9.057,0.0,0.0,9.913
33.22,9.057,0.0,0.0,9.9
33.24,9.057,0.0,0.0,9.887
33.26,9.057,0.0,0.0,9.873
33.28,9.057,0.0,0.0,9.86
33.3,9.057,0.0,0.0,9.847
33.32,9.057,0.0,0.0,9.833
33.34,9.057,0.0,0.0,9.82
33.36,9.057,0.0,0.0,9.807
33.38,9.057,0.0,0.0,9.793
33.4,9.057,0.0,0.0,9.78
33.42,9.057,0.0,0.0,9.767
33.44,9.057,0.0,0.0,9.753
33.46,9.057,0.0,0.0,9.74
33.48,9.057,0.0,0.0,9.727
33.5,9.057,0.0,0.0,9.713
33.52,9.057,0.0,0.0,9.7
33.54,9.057,0.0,0.0,9.687
33.56,9.057,0.0,0.0,9.673
33.58,9.057,0.0,0.0,9.66
33.6,9.057,0.0,0.0,9.647
33.62,9.057,0.0,0.0,9.633
33.64,9.057,0.0,0.0,9.62
33.66,9.057,0.0,0.0,9.607
33.68,9.057,0.0,0.0,9.593
33.7,9.057,0.0,0.0,9.58
33.72,9.057,0.0,0.0,9.567
33.74,9.057,0.0,0.0,9.553
33.76,9.057,0.0,0.0,9.54
33.78,9.057,0.0,0.0,9.527
33.8,9.057,0.0,0.0,9.513
33.82,9.057,0.0,0.0,9.5
33.84,9.057,0.0,0.0,9.487
33.86,9.057,0.0,0.0,9.473
33.88,9.057,0.0,0.0,9.46
33.9,9.057,0.0,0.0,9.447
33.92,9.057,0.0,0.0,9.433
33.94,9.057,0.0,0.0,9.42
33.96,9.057,0.0,0.0,9.407
33.98,9.057,0.0,0.0,9.393
34.0,9.057,0.0,0.0,9.38
34.02,9.057,0.0,0.0,-9.333
34.04,9.057,0.0,0.0,-9.347
34.06,9.055,0.0,0.0,-9.36
34.08,9.053,0.0,0.0,-9.373
34.1,9.051,0.0,0.0,-9.387
34.12,9.05,0.0,0.0,-9.4
34.14,9.048,0.0,0.0,-9.413
34.16,9.046,0.0,0.0,-9.427
34.18,9.043,0.0,0.0,-9.44
34.2,9.041,0.0,0.0,-9.453
34.22,9.039,0.0,0.0,-9.467
34.24,9.037,0.0,0.0,-9.48
34.26,9.034,0.0,0.0,-9.493
34.28,9.032,0.0,0.0,-9.507
34.3,9.03,0.0,0.0,-9.52
34.32,9.027,0.0,0.0,-9.533
34.34,9.025,0.0,0.0,-9.547
34.36,9.023,0.0,0.0,-9.56
34.38,9.022,0.0,0.0,-9.573
34.4,9.018,0.0,0.0,-9.587
34.42,9.016,0.0,0.0,-9.6
34.44,9.015,0.0,0.0,-9.613
34.46,9.011,0.0,0.0,-9.627
34.48,9.009,0.0,0.0,-9.64
34.5,9.008,0.0,0.0,-9.653
34.52,9.006,0.0,0.0,-9.667
34.54,9.004,0.0,0.0,-9.68
34.56,9.001,0.0,0.0,-9.693
34.58,8.999,0.0,0.0,-9.707
34.6,8.997,0.0,0.0,-9.72
34.62,8.995,0.0,0.0,-9.733
34.64,8.994,0.0,0.0,-9.747
34.66,8.99,0.0,0.0,-9.76
34.68,8.988,0.0,0.0,-9.773
34.7,8.987,0.0,0.0,-9.787
34.72,8.985,0.0,0.0,-9.8
34.74,8.983,0.0,0.0,-9.813
34.76,8.981,0.0,0.0,-9.827
34.78,8.98,0.0,0.0,-9.84
34.8,8.978,0.0,0.0,-9.853
34.82,8.976,0.0,0.0,-9.867
34.84,8.974,0.0,0.0,-9.88
34.86,8.973,0.0,0.0,-9.893
34.88,8.971,0.0,0.0,-9.907
34.9,8.969,0.0,0.0,-9.92
34.92,8.968,0.0,0.0,-9.933
34.94,8.966,0.0,0.0,-9.947
34.96,8.964,0.0,0.0,-9.96
34.98,8.962,0.0,0.0,-9.973
35.0,8.961,0.0,0.0,-9.987
35.02,8.959,0.0,0.0,-10.0
35.04,8.957,0.0,0.0,-10.0
35.06,8.955,0.0,0.0,-10.0
35.08,8.955,0.0,0.0,-10.0
35.1,8.954,0.0,0.0,-10.0
35.12,8.952,0.0,0.0,-10.0
35.14,8.95,0.0,0.0,-10.0
35.16,8.948,0.0,0.0,-10.0
35.18,8.948,0.0,0.0,-10.0
35.2,8.947,0.0,0.0,-10.0
35.22,8.945,0.0,0.0,-10.0
35.24,8.945,0.0,0.0,-10.0
35.26,8.943,0.0,0.0,-10.0
35.28,8.941,0.0,0.0,-10.0
35.3,8.941,0.0,0.0,-10.0
35.32,8.94,0.0,0.0,-10.0
35.34,8.94,0.0,0.0,-10.0
35.36,8.938,0.0,0.0,-10.0
35.38,8.936,0.0,0.0,-10.0
35.4,8.936,0.0,0.0,-10.0
35.42,8.934,0.0,0.0,-10.0
35.44,8.934,0.0,0.0,-10.0
35.46,8.934,0.0,0.0,-10.0
35.48,8.933,0.0,0.0,-10.0
35.5,8.933,0.0,0.0,-10.0
35.52,8.931,0.0,0.0,-10.0
35.54,8.931,0.0,0.0,-10.0
35.56,8.931,0.0,0.0,-10.0
35.58,8.929,0.0,0.0,-10.0
35.6,8.929,0.0,0.0,-10.0
35.62,8.929,0.0,0.0,-10.0
35.64,8.929,0.0,0.0,-10.0
35.66,8.927,0.0,0.0,-10.0
35.68,8.927,0.0,0.0,-10.0
35.7,8.927,0.0,0.0,-10.0
35.72,8.927,0.0,0.0,-10.0
35.74,8.927,0.0,0.0,-10.0
35.76,8.927,0.0,0.0,-10.0
35.78,8.927,0.0,0.0,-10.0
35.8,8.927,0.0,0.0,-10.0
35.82,8.927,0.0,0.0,-10.0
35.84,8.927,0.0,0.0,-10.0
35.86,8.927,0.0,0.0,-10.0
35.88,8.927,0.0,0.0,-10.0
35.9,8.927,0.0,0.0,-10.0
35.92,8.927,0.0,0.0,-10.0
35.94,8.927,0.0,0.0,-10.0
35.96,8.927,0.0,0.0,-10.0
35.98,8.927,0.0,0.0,-10.0
36.0,8.927,0.0,0.0,-10.0
36.02,8.927,0.0,0.0,-10.0
36.04,8.927,0.0,0.0,-10.0
36.06,8.927,0.0,0.0,-10.0
36.08,8.927,0.0,0.0,-10.0
36.1,8.927,0.0,0.0,-10.0
36.12,8.927,0.0,0.0,-10.0
36.14,8.927,0.0,0.0,-10.0
36.16,8.927,0.0,0.0,-10.0
36.18,8.927,0.0,0.0,-10.0
36.2,8.927,0.0,0.0,-10.0
36.22,8.927,0.0,0.0,-10.0
36.24,8.927,0.0,0.0,-10.0
36.26,8.927,0.0,0.0,-10.0
36.28,8.927,0.0,0.0,-10.0
36.3,8.927,0.0,0.0,-10.0
36.32,8.927,0.0,0.0,-10.0
36.34,8.927,0.0,0.0,-10.0
36.36,8.927,0.0,0.0,-10.0
36.38,8.927,0.0,0.0,-10.0
36.4,8.927,0.0,0.0,-10.0
36.42,8.927,0.0,0.0,-10.0
36.44,8.927,0.0,0.0,-10.0
36.46,8.927,0.0,0.0,-10.0
36.48,8.927,0.0,0.0,-10.0
36.5,8.927,0.0,0.0,-10.0
36.52,8.927,0.0,0.0,-10.0
36.54,8.927,0.0,0.0,-10.0
36.56,8.927,0.0,0.0,-10.0
36.58,8.927,0.0,0.0,-10.0
36.6,8.927,0.0,0.0,-10.0
36.62,8.927,0.0,0.0,-10.0
36.64,8.927,0.0,0.0,-10.0
36.66,8.927,0.0,0.0,-10.0
36.68,8.927,0.0,0.0,-10.0
36.7,8.927,0.0,0.0,-10.0
36.72,8.927,0.0,0.0,-10.0
36.74,8.927,0.0,0.0,-10.0
36.76,8.927,0.0,0.0,-10.0
36.78,8.927,0.0,0.0,-10.0
36.8,8.927,0.0,0.0,-10.0
36.82,8.927,0.0,0.0,-10.0
36.84,8.927,0.0,0.0,-10.0
36.86,8.927,0.0,0.0,-10.0
36.88,8.927,0.0,0.0,-10.0
36.9,8.927,0.0,0.0,-10.0
36.92,8.927,0.0,0.0,-10.0
36.94,8.927,0.0,0.0,-10.0
36.96,8.927,0.0,0.0,-10.0
36.98,8.927,0.0,0.0,-10.0
37.0,8.927,0.0,0.0,-10.0
37.02,8.927,0.0,0.0,-10.0
37.04,8.927,0.0,0.0,-10.0
37.06,8.927,0.0,0.0,-10.0
37.08,8.927,0.0,0.0,-10.0
37.1,8.927,0.0,0.0,-10.0
37.12,8.927,0.0,0.0,-10.0
37.14,8.927,0.0,0.0,-10.0
37.16,8.927,0.0,0.0,-10.0
37.18,8.927,0.0,0.0,-10.0
37.2,8.927,0.0,0.0,-10.0
37.22,8.927,0.0,0.0,-10.0
37.24,8.927,0.0,0.0,-10.0
37.26,8.927,0.0,0.0,-10.0
37.28,8.927,0.0,0.0,-10.0
37.3,8.927,0.0,0.0,-10.0
37.32,8.927,0.0,0.0,-10.0
37.34,8.927,0.0,0.0,-10.0
37.36,8.927,0.0,0.0,-10.0
37.38,8.927,0.0,0.0,-10.0
37.4,8.927,0.0,0.0,-10.0
37.42,8.927,0.0,0.0,-10.0
37.44,8.927,0.0,0.0,-10.0
37.46,8.927,0.0,0.0,-10.0
37.48,8.927,0.0,0.0,-10.0
37.5,8.927,0.0,0.0,-10.0
37.52,8.927,0.0,0.0,-10.0
37.54,8.927,0.0,0.0,-10.0
37.56,8.927,0.0,0.0,-10.0
37.58,8.927,0.0,0.0,-10.0
37.6,8.927,0.0,0.0,-10.0
37.62,8.927,0.0,0.0,-10.0
37.64,8.927,0.0,0.0,-10.0
37.66,8.927,0.0,0.0,-10.0
37.68,8.927,0.0,0.0,-10.0
37.7,8.927,0.0,0.0,-10.0
37.72,8.927,0.0,0.0,-10.0
37.74,8.927,0.0,0.0,-10.0
37.76,8.927,0.0,0.0,-10.0
37.78,8.927,0.0,0.0,-10.0
37.8,8.927,0.0,0.0,-10.0
37.82,8.927,0.0,0.0,-10.0
37.84,8.927,0.0,0.0,-10.0
37.86,8.927,0.0,0.0,-10.0
37.88,8.927,0.0,0.0,-10.0
37.9,8.927,0.0,0.0,-10.0
37.92,8.927,0.0,0.0,-10.0
37.94,8.927,0.0,0.0,-10.0
37.96,8.927,0.0,0.0,-10.0
37.98,8.927,0.0,0.0,-10.0
38.0,8.927,0.0,0.0,-10.0
38.02,8.927,0.0,0.0,-10.0
38.04,8.927,0.0,0.0,-10.0
38.06,8.927,0.0,0.0,-10.0
38.08,8.927,0.0,0.0,-10.0
38.1,8.927,0.0,0.0,-10.0
38.12,8.927,0.0,0.0,-10.0
38.14,8.927,0.0,0.0,-10.0
38.16,8.927,0.0,0.0,-10.0
38.18,8.927,0.0,0.0,-10.0
38.2,8.927,0.0,0.0,-10.0
38.22,8.927,0.0,0.0,-10.0
38.24,8.927,0.0,0.0,-10.0
38.26,8.927,0.0,0.0,-10.0
38.28,8.927,0.0,0.0,-10.0
38.3,8.927,0.0,0.0,-10.0
38.32,8.927,0.0,0.0,-10.0
38.34,8.927,0.0,0.0,-10.0
38.36,8.927,0.0,0.0,-10.0
38.38,8.927,0.0,0.0,-10.0
38.4,8.927,0.0,0.0,-10.0
38.42,8.927,0.0,0.0,-10.0
38.44,8.927,0.0,0.0,-10.0
38.46,8.927,0.0,0.0,-10.0
38.48,8.927,0.0,0.0,-10.0
38.5,8.927,0.0,0.0,-10.0
38.52,8.927,0.0,0.0,-10.0
38.54,8.927,0.0,0.0,-10.0
38.56,8.927,0.0,0.0,-10.0
38.58,8.927,0.0,0.0,-10.0
38.6,8.927,0.0,0.0,-10.0
38.62,8.927,0.0,0.0,-10.0
38.64,8.927,0.0,0.0,-10.0
38.66,8.927,0.0,0.0,-10.0
38.68,8.927,0.0,0.0,-10.0
38.7,8.927,0.0,0.0,-10.0
38.72,8.927,0.0,0.0,-10.0
38.74,8.927,0.0,0.0,-10.0
38.76,8.927,0.0,0.0,-10.0
38.78,8.927,0.0,0.0,-10.0
38.8,8.927,0.0,0.0,-10.0
38.82,8.927,0.0,0.0,-10.0
38.84,8.927,0.0,0.0,-10.0
38.86,8.927,0.0,0.0,-10.0
38.88,8.927,0.0,0.0,-10.0
38.9,8.927,0.0,0.0,-10.0
38.92,8.927,0.0,0.0,-10.0
38.94,8.927,0.0,0.0,-10.0
38.96,8.927,0.0,0.0,-10.0
38.98,8.927,0.0,0.0,-10.0
39.0,8.927,0.0,0.0,-10.0
39.02,8.927,0.0,0.0,-10.0
39.04,8.927,0.0,0.0,-10.0
39.06,8.927,0.0,0.0,-10.0
39.08,8.927,0.0,0.0,-10.0
39.1,8.927,0.0,0.0,-10.0
39.12,8.927,0.0,0.0,-10.0
39.14,8.927,0.0,0.0,-10.0
39.16,8.927,0.0,0.0,-10.0
39.18,8.927,0.0,0.0,-10.0
39.2,8.927,0.0,0.0,-10.0
39.22,8.927,0.0,0.0,-10.0
39.24,8.927,0.0,0.0,-10.0
39.26,8.927,0.0,0.0,-10.0
39.28,8.927,0.0,0.0,-10.0
39.3,8.927,0.0,0.0,-10.0
39.32,8.927,0.0,0.0,-10.0
39.34,8.927,0.0,0.0,-10.0
39.36,8.927,0.0,0.0,-10.0
39.38,8.927,0.0,0.0,-10.0
39.4,8.927,0.0,0.0,-10.0
39.42,8.927,0.0,0.0,-10.0
39.44,8.927,0.0,0.0,-10.0
39.46,8.927,0.0,0.0,-10.0
39.48,8.927,0.0,0.0,-10.0
39.5,8.927,0.0,0.0,-10.0
39.52,8.927,0.0,0.0,-10.0
39.54,8.927,0.0,0.0,-10.0
39.56,8.927,0.0,0.0,-10.0
39.58,8.927,0.0,0.0,-10.0
39.6,8.927,0.0,0.0,-10.0
39.62,8.927,0.0,0.0,-10.0
39.64,8.927,0.0,0.0,-10.0
39.66,8.927,0.0,0.0,-10.0
39.68,8.927,0.0,0.0,-10.0
39.7,8.927,0.0,0.0,-10.0
39.72,8.927,0.0,0.0,-10.0
39.74,8.927,0.0,0.0,-10.0
39.76,8.927,0.0,0.0,-10.0
39.78,8.927,0.0,0.0,-10.0
39.8,8.927,0.0,0.0,-10.0
39.82,8.927,0.0,0.0,-10.0
39.84,8.927,0.0,0.0,-10.0
39.86,8.927,0.0,0.0,-10.0
39.88,8.927,0.0,0.0,-10.0
39.9,8.927,0.0,0.0,-10.0
39.92,8.927,0.0,0.0,-10.0
39.94,8.927,0.0,0.0,-10.0
39.96,8.927,0.0,0.0,-10.0
39.98,8.927,0.0,0.0,-10.0
40.0,8.927,0.0,0.0,-10.0
40.02,8.927,0.0,0.0,-10.0
40.04,8.927,0.0,0.0,-9.987
40.06,8.927,0.0,0.0,-9.973
40.08,8.927,0.0,0.0,-9.96
40.1,8.927,0.0,0.0,-9.947
40.12,8.927,0.0,0.0,-9.933
40.14,8.927,0.0,0.0,-9.92
40.16,8.927,0.0,0.0,-9.907
40.18,8.927,0.0,0.0,-9.893
40.2,8.927,0.0,0.0,-9.88
40.22,8.927,0.0,0.0,-9.867
40.24,8.927,0.0,0.0,-9.853
40.26,8.927,0.0,0.0,-9.84
40.28,8.927,0.0,0.0,-9.827
40.3,8.927,0.0,0.0,-9.813
40.32,8.927,0.0,0.0,-9.8
40.34,8.927,0.0,0.0,-9.787
40.36,8.927,0.0,0.0,-9.773
40.38,8.927,0.0,0.0,-9.76
40.4,8.927,0.0,0.0,-9.747
40.42,8.927,0.0,0.0,-9.733
40.44,8.927,0.0,0.0,-9.72
40.46,8.927,0.0,0.0,-9.707
40.48,8.927,0.0,0.0,-9.693
40.5,8.927,0.0,0.0,-9.68
40.52,8.927,0.0,0.0,-9.667
40.54,8.927,0.0,0.0,-9.653
40.56,8.927,0.0,0.0,-9.64
40.58,8.927,0.0,0.0,-9.627
40.6,8.927,0.0,0.0,-9.613
40.62,8.927,0.0,0.0,-9.6
40.64,8.927,0.0,0.0,-9.587
40.66,8.927,0.0,0.0,-9.573
40.68,8.927,0.0,0.0,-9.56
40.7,8.927,0.0,0.0,-9.547
40.72,8.927,0.0,0.0,-9.533
40.74,8.927,0.0,0.0,-9.52
40.76,8.927,0.0,0.0,-9.507
40.78,8.927,0.0,0.0,-9.493
40.8,8.927,0.0,0.0,-9.48
40.82,8.927,0.0,0.0,-9.467
40.84,8.927,0.0,0.0,-9.453
40.86,8.927,0.0,0.0,-9.44
40.88,8.927,0.0,0.0,-9.427
40.9,8.927,0.0,0.0,-9.413
40.92,8.927,0.0,0.0,-9.4
40.94,8.927,0.0,0.0,-9.387
40.96,8.927,0.0,0.0,-9.373
40.98,8.927,0.0,0.0,-9.36
41.0,8.927,0.0,0.0,-9.347
41.02,8.927,0.0,0.0,-9.333
41.04,8.927,0.0,0.0,-9.32
41.06,8.927,0.0,0.0,-9.307
41.08,8.927,0.0,0.0,-9.293
41.1,8.927,0.0,0.0,-9.28
41.12,8.927,0.0,0.0,-9.267
41.14,8.927,0.0,0.0,-9.253
41.16,8.927,0.0,0.0,-9.24
41.18,8.927,0.0,0.0,-9.227
41.2,8.927,0.0,0.0,-9.213
41.22,8.927,0.0,0.0,-9.2
41.24,8.927,0.0,0.0,-9.187
41.26,8.927,0.0,0.0,-9.173
41.28,8.927,0.0,0.0,-9.16
41.3,8.927,0.0,0.0,-9.147
41.32,8.927,0.0,0.0,-9.133
41.34,8.927,0.0,0.0,-9.12
41.36,8.927,0.0,0.0,-9.107
41.38,8.927,0.0,0.0,-9.093
41.4,8.927,0.0,0.0,-9.08
41.42,8.927,0.0,0.0,-9.067
41.44,8.927,0.0,0.0,-9.053
41.46,8.927,0.0,0.0,-9.04
41.48,8.927,0.0,0.0,-9.027
41.5,8.927,0.0,0.0,-9.013
41.52,8.927,0.0,0.0,-9.0
41.54,8.927,0.0,0.0,-8.987
41.56,8.927,0.0,0.0,-8.973
41.58,8.927,0.0,0.0,-8.96
41.6,8.927,0.0,0.0,-8.947
41.62,8.927,0.0,0.0,-8.933
41.64,8.927,0.0,0.0,-8.92
41.66,8.927,0.0,0.0,-8.907
41.68,8.927,0.0,0.0,-8.893
41.7,8.927,0.0,0.0,-8.88
41.72,8.927,0.0,0.0,-8.867
41.74,8.927,0.0,0.0,-8.853
41.76,8.927,0.0,0.0,-8.84
41.78,8.927,0.0,0.0,-8.827
41.8,8.927,0.0,0.0,-8.813
41.82,8.927,0.0,0.0,-8.8
41.84,8.927,0.0,0.0,-8.787
41.86,8.927,0.0,0.0,-8.773
41.88,8.927,0.0,0.0,-8.76
41.9,8.927,0.0,0.0,-8.747
41.92,8.927,0.0,0.0,-8.733
41.94,8.927,0.0,0.0,-8.72
41.96,8.927,0.0,0.0,-8.707
41.98,8.927,0.0,0.0,-8.693
42.0,8.927,0.0,0.0,-8.68
42.02,8.927,0.0,0.0,-8.667
42.04,8.927,0.0,0.0,-8.653
42.06,8.927,0.0,0.0,-8.64
42.08,8.927,0.0,0.0,-8.627
42.1,8.927,0.0,0.0,-8.613
42.12,8.927,0.0,0.0,-8.6
42.14,8.927,0.0,0.0,-8.587
42.16,8.927,0.0,0.0,-8.573
42.18,8.927,0.0,0.0,-8.56
42.2,8.927,0.0,0.0,-8.547
42.22,8.927,0.0,0.0,-8.533
42.24,8.927,0.0,0.0,-8.52
42.26,8.927,0.0,0.0,-8.507
42.28,8.927,0.0,0.0,-8.493
42.3,8.927,0.0,0.0,-8.48
42.32,8.927,0.0,0.0,-8.467
42.34,8.927,0.0,0.0,-8.453
42.36,8.927,0.0,0.0,-8.44
42.38,8.927,0.0,0.0,-8.427
42.4,8.927,0.0,0.0,-8.413
42.42,8.927,0.0,0.0,-8.4
42.44,8.927,0.0,0.0,-8.387
42.46,8.927,0.0,0.0,-8.373
42.48,8.927,0.0,0.0,-8.36
42.5,8.927,0.0,0.0,-8.347
42.52,8.927,0.0,0.0,-8.333
42.54,8.927,0.0,0.0,-8.32
42.56,8.927,0.0,0.0,-8.307
42.58,8.927,0.0,0.0,-8.293
42.6,8.927,0.0,0.0,-8.28
42.62,8.927,0.0,0.0,-8.267
42.64,8.927,0.0,0.0,-8.253
42.66,8.927,0.0,0.0,-8.24
42.68,8.927,0.0,0.0,-8.227
42.7,8.927,0.0,0.0,-8.213
42.72,8.927,0.0,0.0,-8.2
42.74,8.927,0.0,0.0,-8.187
42.76,8.927,0.0,0.0,-8.173
42.78,8.927,0.0,0.0,-8.16
42.8,8.927,0.0,0.0,-8.147
42.82,8.927,0.0,0.0,-8.133
42.84,8.927,0.0,0.0,-8.12
42.86,8.927,0.0,0.0,-8.107
42.88,8.927,0.0,0.0,-8.093
42.9,8.927,0.0,0.0,-8.08
42.92,8.927,0.0,0.0,-8.067
42.94,8.927,0.0,0.0,-8.053
42.96,8.927,0.0,0.0,-8.04
42.98,8.927,0.0,0.0,-8.027
43.0,8.927,0.0,0.0,-8.013
43.02,8.927,0.0,0.0,-8.0
43.04,8.927,0.0,0.0,-7.987
43.06,8.927,0.0,0.0,-7.973
43.08,8.927,0.0,0.0,-7.96
43.1,8.927,0.0,0.0,-7.947
43.12,8.927,0.0,0.0,-7.933
43.14,8.927,0.0,0.0,-7.92
43.16,8.927,0.0,0.0,-7.907
43.18,8.927,0.0,0.0,-7.893
43.2,8.927,0.0,0.0,-7.88
43.22,8.927,0.0,0.0,-7.867
43.24,8.927,0.0,0.0,-7.853
43.26,8.927,0.0,0.0,-7.84
43.28,8.927,0.0,0.0,-7.827
43.3,8.927,0.0,0.0,-7.813
43.32,8.927,0.0,0.0,-7.8
43.34,8.927,0.0,0.0,-7.787
43.36,8.927,0.0,0.0,-7.773
43.38,8.927,0.0,0.0,-7.76
43.4,8.927,0.0,0.0,-7.747
43.42,8.927,0.0,0.0,-7.733
43.44,8.927,0.0,0.0,-7.72
43.46,8.927,0.0,0.0,-7.707
43.48,8.927,0.0,0.0,-7.693
43.5,8.927,0.0,0.0,-7.68
43.52,8.927,0.0,0.0,-7.667
43.54,8.927,0.0,0.0,-7.653
43.56,8.927,0.0,0.0,-7.64
43.58,8.927,0.0,0.0,-7.627
43.6,8.927,0.0,0.0,-7.613
43.62,8.927,0.0,0.0,-7.6
43.64,8.927,0.0,0.0,-7.587
43.66,8.927,0.0,0.0,-7.573
43.68,8.927,0.0,0.0,-7.56
43.7,8.927,0.0,0.0,-7.547
43.72,8.927,0.0,0.0,-7.533
43.74,8.927,0.0,0.0,-7.52
43.76,8.927,0.0,0.0,-7.507
43.78,8.927,0.0,0.0,-7.493
43.8,8.927,0.0,0.0,-7.48
43.82,8.927,0.0,0.0,-7.467
43.84,8.927,0.0,0.0,-7.453
43.86,8.927,0.0,0.0,-7.44
43.88,8.927,0.0,0.0,-7.427
43.9,8.927,0.0,0.0,-7.413
43.92,8.927,0.0,0.0,-7.4
43.94,8.927,0.0,0.0,-7.387
43.96,8.927,0.0,0.0,-7.373
43.98,8.927,0.0,0.0,-7.36
44.0,8.927,0.0,0.0,-7.347
44.02,8.927,0.0,0.0,-7.333
44.04,8.927,0.0,0.0,-7.32
44.06,8.927,0.0,0.0,-7.307
44.08,8.927,0.0,0.0,-7.293
44.1,8.927,0.0,0.0,-7.28
44.12,8.927,0.0,0.0,-7.267
44.14,8.927,0.0,0.0,-7.253
44.16,8.927,0.0,0.0,-7.24
44.18,8.927,0.0,0.0,-7.227
44.2,8.927,0.0,0.0,-7.213
44.22,8.927,0.0,0.0,-7.2
44.24,8.927,0.0,0.0,-7.187
44.26,8.927,0.0,0.0,-7.173
44.28,8.927,0.0,0.0,-7.16
44.3,8.927,0.0,0.0,-7.147
44.32,8.927,0.0,0.0,-7.133
44.34,8.927,0.0,0.0,-7.12
44.36,8.927,0.0,0.0,-7.107
44.38,8.927,0.0,0.0,-7.093
44.4,8.927,0.0,0.0,-7.08
44.42,8.927,0.0,0.0,-7.067
44.44,8.927,0.0,0.0,-7.053
44.46,8.927,0.0,0.0,-7.04
44.48,8.927,0.0,0.0,-7.027
44.5,8.927,0.0,0.0,-7.013
44.52,8.927,0.0,0.0,-7.0
44.54,8.927,0.0,0.0,-6.987
44.56,8.927,0.0,0.0,-6.973
44.58,8.927,0.0,0.0,-6.96
44.6,8.927,0.0,0.0,-6.947
44.62,8.927,0.0,0.0,-6.933
44.64,8.927,0.0,0.0,-6.92
44.66,8.927,0.0,0.0,-6.907
44.68,8.927,0.0,0.0,-6.893
44.7,8.927,0.0,0.0,-6.88
44.72,8.927,0.0,0.0,-6.867
44.74,8.927,0.0,0.0,-6.853
44.76,8.927,0.0,0.0,-6.84
44.78,8.927,0.0,0.0,-6.827
44.8,8.927,0.0,0.0,-6.813
44.82,8.927,0.0,0.0,-6.8
44.84,8.927,0.0,0.0,-6.787
44.86,8.927,0.0,0.0,-6.773
44.88,8.927,0.0,0.0,-6.76
44.9,8.927,0.0,0.0,-6.747
44.92,8.927,0.0,0.0,-6.733
44.94,8.927,0.0,0.0,-6.72
44.96,8.927,0.0,0.0,-6.707
44.98,8.927,0.0,0.0,-6.693
45.0,8.927,0.0,0.0,-6.68
45.02,8.927,0.0,0.0,-6.667
45.04,8.927,0.0,0.0,-6.653
45.06,8.927,0.0,0.0,-6.64
45.08,8.927,0.0,0.0,-6.627
45.1,8.927,0.0,0.0,-6.613
45.12,8.927,0.0,0.0,-6.6
45.14,8.927,0.0,0.0,-6.587
45.16,8.927,0.0,0.0,-6.573
45.18,8.927,0.0,0.0,-6.56
45.2,8.927,0.0,0.0,-6.547
45.22,8.927,0.0,0.0,-6.533
45.24,8.927,0.0,0.0,-6.52
45.26,8.927,0.0,0.0,-6.507
45.28,8.927,0.0,0.0,-6.493
45.3,8.927,0.0,0.0,-6.48
45.32,8.927,0.0,0.0,-6.467
45.34,8.927,0.0,0.0,-6.453
45.36,8.927,0.0,0.0,-6.44
45.38,8.927,0.0,0.0,-6.427
45.4,8.927,0.0,0.0,-6.413
45.42,8.927,0.0,0.0,-6.4
45.44,8.927,0.0,0.0,-6.387
45.46,8.927,0.0,0.0,-6.373
45.48,8.927,0.0,0.0,-6.36
45.5,8.927,0.0,0.0,-6.347
45.52,8.927,0.0,0.0,-6.333
45.54,8.927,0.0,0.0,-6.32
45.56,8.927,0.0,0.0,-6.307
45.58,8.927,0.0,0.0,-6.293
45.6,8.927,0.0,0.0,-6.28
45.62,8.927,0.0,0.0,-6.267
45.64,8.927,0.0,0.0,-6.253
45.66,8.927,0.0,0.0,-6.24
45.68,8.927,0.0,0.0,-6.227
45.7,8.927,0.0,0.0,-6.213
45.72,8.927,0.0,0.0,-6.2
45.74,8.927,0.0,0.0,-6.187
45.76,8.927,0.0,0.0,-6.173
45.78,8.927,0.0,0.0,-6.16
45.8,8.927,0.0,0.0,-6.147
45.82,8.927,0.0,0.0,-6.133
45.84,8.927,0.0,0.0,-6.12
45.86,8.927,0.0,0.0,-6.107
45.88,8.927,0.0,0.0,-6.093
45.9,8.927,0.0,0.0,-6.08
45.92,8.927,0.0,0.0,-6.067
45.94,8.927,0.0,0.0,-6.053
45.96,8.927,0.0,0.0,-6.04
45.98,8.927,0.0,0.0,-6.027
46.0,8.927,0.0,0.0,-6.013
46.02,8.927,0.0,0.0,-6.0
46.04,8.927,0.0,0.0,-5.987
46.06,8.927,0.0,0.0,-5.973
46.08,8.927,0.0,0.0,-5.96
46.1,8.927,0.0,0.0,-5.947
46.12,8.927,0.0,0.0,-5.933
46.14,8.927,0.0,0.0,-5.92
46.16,8.927,0.0,0.0,-5.907
46.18,8.927,0.0,0.0,-5.893
46.2,8.927,0.0,0.0,-5.88
46.22,8.927,0.0,0.0,-5.867
46.24,8.927,0.0,0.0,-5.853
46.26,8.927,0.0,0.0,-5.84
46.28,8.927,0.0,0.0,-5.827
46.3,8.927,0.0,0.0,-5.813
46.32,8.927,0.0,0.0,-5.8
46.34,8.927,0.0,0.0,-5.787
46.36,8.927,0.0,0.0,-5.773
46.38,8.927,0.0,0.0,-5.76
46.4,8.927,0.0,0.0,-5.747
46.42,8.927,0.0,0.0,-5.733
46.44,8.927,0.0,0.0,-5.72
46.46,8.927,0.0,0.0,-5.707
46.48,8.927,0.0,0.0,-5.693
46.5,8.927,0.0,0.0,-5.68
46.52,8.927,0.0,0.0,-5.667
46.54,8.927,0.0,0.0,-5.653
46.56,8.927,0.0,0.0,-5.64
46.58,8.927,0.0,0.0,-5.627
46.6,8.927,0.0,0.0,-5.613
46.62,8.927,0.0,0.0,-5.6
46.64,8.927,0.0,0.0,-5.587
46.66,8.927,0.0,0.0,-5.573
46.68,8.927,0.0,0.0,-5.56
46.7,8.927,0.0,0.0,-5.547
46.72,8.927,0.0,0.0,-5.533
46.74,8.927,0.0,0.0,-5.52
46.76,8.927,0.0,0.0,-5.507
46.78,8.927,0.0,0.0,-5.493
46.8,8.927,0.0,0.0,-5.48
46.82,8.927,0.0,0.0,-5.467
46.84,8.927,0.0,0.0,-5.453
46.86,8.927,0.0,0.0,-5.44
46.88,8.927,0.0,0.0,-5.427
46.9,8.927,0.0,0.0,-5.413
46.92,8.927,0.0,0.0,-5.4
46.94,8.927,0.0,0.0,-5.387
46.96,8.927,0.0,0.0,-5.373
46.98,8.927,0.0,0.0,-5.36
47.0,8.927,0.0,0.0,-5.347
47.02,8.927,0.0,0.0,-5.333
47.04,8.927,0.0,0.0,-5.32
47.06,8.927,0.0,0.0,-5.307
47.08,8.927,0.0,0.0,-5.293
47.1,8.927,0.0,0.0,-5.28
47.12,8.927,0.0,0.0,-5.267
47.14,8.927,0.0,0.0,-5.253
47.16,8.927,0.0,0.0,-5.24
47.18,8.927,0.0,0.0,-5.227
47.2,8.927,0.0,0.0,-5.213
47.22,8.927,0.0,0.0,-5.2
47.24,8.927,0.0,0.0,-5.187
47.26,8.927,0.0,0.0,-5.173
47.28,8.927,0.0,0.0,-5.16
47.3,8.927,0.0,0.0,-5.147
47.32,8.927,0.0,0.0,-5.133
47.34,8.927,0.0,0.0,-5.12
47.36,8.927,0.0,0.0,-5.107
47.38,8.927,0.0,0.0,-5.093
47.4,8.927,0.0,0.0,-5.08
47.42,8.927,0.0,0.0,-5.067
47.44,8.927,0.0,0.0,-5.053
47.46,8.927,0.0,0.0,-5.04
47.48,8.927,0.0,0.0,-5.027
47.5,8.927,0.0,0.0,-5.013
47.52,8.927,0.0,0.0,-5.0
47.54,8.927,0.0,0.0,-4.987
47.56,8.927,0.0,0.0,-4.973
47.58,8.927,0.0,0.0,-4.96
47.6,8.927,0.0,0.0,-4.947
47.62,8.927,0.0,0.0,-4.933
47.64,8.927,0.0,0.0,-4.92
47.66,8.927,0.0,0.0,-4.907
47.68,8.927,0.0,0.0,-4.893
47.7,8.927,0.0,0.0,-4.88
47.72,8.927,0.0,0.0,-4.867
47.74,8.927,0.0,0.0,-4.853
47.76,8.927,0.0,0.0,-4.84
47.78,8.927,0.0,0.0,-4.827
47.8,8.927,0.0,0.0,-4.813
47.82,8.927,0.0,0.0,-4.8
47.84,8.927,0.0,0.0,-4.787
47.86,8.927,0.0,0.0,-4.773
47.88,8.927,0.0,0.0,-4.76
47.9,8.927,0.0,0.0,-4.747
47.92,8.927,0.0,0.0,-4.733
47.94,8.927,0.0,0.0,-4.72
47.96,8.927,0.0,0.0,-4.707
47.98,8.927,0.0,0.0,-4.693
48.0,8.927,0.0,0.0,-4.68
48.02,8.927,0.0,0.0,-4.667
48.04,8.927,0.0,0.0,-4.653
48.06,8.927,0.0,0.0,-4.64
48.08,8.927,0.0,0.0,-4.627
48.1,8.927,0.0,0.0,-4.613
48.12,8.927,0.0,0.0,-4.6
48.14,8.927,0.0,0.0,-4.587
48.16,8.927,0.0,0.0,-4.573
48.18,8.927,0.0,0.0,-4.56
48.2,8.927,0.0,0.0,-4.547
48.22,8.927,0.0,0.0,-4.533
48.24,8.927,0.0,0.0,-4.52
48.26,8.927,0.0,0.0,-4.507
48.28,8.927,0.0,0.0,-4.493
48.3,8.927,0.0,0.0,-4.48
48.32,8.927,0.0,0.0,-4.467
48.34,8.927,0.0,0.0,-4.453
48.36,8.927,0.0,0.0,-4.44
48.38,8.927,0.0,0.0,-4.427
48.4,8.927,0.0,0.0,-4.413
48.42,8.927,0.0,0.0,-4.4
48.44,8.927,0.0,0.0,-4.387
48.46,8.927,0.0,0.0,-4.373
48.48,8.927,0.0,0.0,-4.36
48.5,8.927,0.0,0.0,-4.347
48.52,8.927,0.0,0.0,-4.333
48.54,8.927,0.0,0.0,-4.32
48.56,8.927,0.0,0.0,-4.307
48.58,8.927,0.0,0.0,-4.293
48.6,8.927,0.0,0.0,-4.28
48.62,8.927,0.0,0.0,-4.267
48.64,8.927,0.0,0.0,-4.253
48.66,8.927,0.0,0.0,-4.24
48.68,8.927,0.0,0.0,-4.227
48.7,8.927,0.0,0.0,-4.213
48.72,8.927,0.0,0.0,-4.2
48.74,8.927,0.0,0.0,-4.187
48.76,8.927,0.0,0.0,-4.173
48.78,8.927,0.0,0.0,-4.16
48.8,8.927,0.0,0.0,-4.147
48.82,8.927,0.0,0.0,-4.133
48.84,8.927,0.0,0.0,-4.12
48.86,8.927,0.0,0.0,-4.107
48.88,8.927,0.0,0.0,-4.093
48.9,8.927,0.0,0.0,-4.08
48.92,8.927,0.0,0.0,-4.067
48.94,8.927,0.0,0.0,-4.053
48.96,8.927,0.0,0.0,-4.04
48.98,8.927,0.0,0.0,-4.027
49.0,8.927,0.0,0.0,-4.013
49.02,8.927,0.0,0.0,-4.0
49.04,8.927,0.0,0.0,-3.987
49.06,8.927,0.0,0.0,-3.973
49.08,8.927,0.0,0.0,-3.96
49.1,8.927,0.0,0.0,-3.947
49.12,8.927,0.0,0.0,-3.933
49.14,8.927,0.0,0.0,-3.92
49.16,8.927,0.0,0.0,-3.907
49.18,8.927,0.0,0.0,-3.893
49.2,8.927,0.0,0.0,-3.88
49.22,8.927,0.0,0.0,-3.867
49.24,8.927,0.0,0.0,-3.853
49.26,8.927,0.0,0.0,-3.84
49.28,8.927,0.0,0.0,-3.827
49.3,8.927,0.0,0.0,-3.813
49.32,8.927,0.0,0.0,-3.8
49.34,8.927,0.0,0.0,-3.787
49.36,8.927,0.0,0.0,-3.773
49.38,8.927,0.0,0.0,-3.76
49.4,8.927,0.0,0.0,-3.747
49.42,8.927,0.0,0.0,-3.733
49.44,8.927,0.0,0.0,-3.72
49.46,8.927,0.0,0.0,-3.707
49.48,8.927,0.0,0.0,-3.693
49.5,8.927,0.0,0.0,-3.68
49.52,8.927,0.0,0.0,-3.667
49.54,8.927,0.0,0.0,-3.653
49.56,8.927,0.0,0.0,-3.64
49.58,8.927,0.0,0.0,-3.627
49.6,8.927,0.0,0.0,-3.613
49.62,8.927,0.0,0.0,-3.6
49.64,8.927,0.0,0.0,-3.587
49.66,8.927,0.0,0.0,-3.573
49.68,8.927,0.0,0.0,-3.56
49.7,8.927,0.0,0.0,-3.547
49.72,8.927,0.0,0.0,-3.533
49.74,8.927,0.0,0.0,-3.52
49.76,8.927,0.0,0.0,-3.507
49.78,8.927,0.0,0.0,-3.493
49.8,8.927,0.0,0.0,-3.48
49.82,8.927,0.0,0.0,-3.467
49.84,8.927,0.0,0.0,-3.453
49.86,8.927,0.0,0.0,-3.44
49.88,8.927,0.0,0.0,-3.427
49.9,8.927,0.0,0.0,-3.413
49.92,8.927,0.0,0.0,-3.4
49.94,8.927,0.0,0.0,-3.387
49.96,8.927,0.0,0.0,-3.373
49.98,8.927,0.0,0.0,-3.36
50.0,8.927,0.0,0.0,-3.347
50.02,8.927,0.0,0.0,-3.333
50.04,8.927,0.0,0.0,-3.32
50.06,8.927,0.0,0.0,-3.307
50.08,8.927,0.0,0.0,-3.293
50.1,8.927,0.0,0.0,-3.28
50.12,8.927,0.0,0.0,-3.267
50.14,8.927,0.0,0.0,-3.253
50.16,8.927,0.0,0.0,-3.24
50.18,8.927,0.0,0.0,-3.227
50.2,8.927,0.0,0.0,-3.213
50.22,8.927,0.0,0.0,-3.2
50.24,8.927,0.0,0.0,-3.187
50.26,8.927,0.0,0.0,-3.173
50.28,8.927,0.0,0.0,-3.16
50.3,8.927,0.0,0.0,-3.147
50.32,8.927,0.0,0.0,-3.133
50.34,8.927,0.0,0.0,-3.12
50.36,8.927,0.0,0.0,-3.107
50.38,8.927,0.0,0.0,-3.093
50.4,8.927,0.0,0.0,-3.08
50.42,8.927,0.0,0.0,-3.067
50.44,8.927,0.0,0.0,-3.053
50.46,8.927,0.0,0.0,-3.04
50.48,8.927,0.0,0.0,-3.027
50.5,8.927,0.0,0.0,-3.013
50.52,8.927,0.0,0.0,-3.0
50.54,8.927,0.0,0.0,-2.987
50.56,8.927,0.0,0.0,-2.973
50.58,8.927,0.0,0.0,-2.96
50.6,8.927,0.0,0.0,-2.947
50.62,8.927,0.0,0.0,-2.933
50.64,8.927,0.0,0.0,-2.92
50.66,8.927,0.0,0.0,-2.907
50.68,8.927,0.0,0.0,-2.893
50.7,8.927,0.0,0.0,-2.88
50.72,8.927,0.0,0.0,-2.867
50.74,8.927,0.0,0.0,-2.853
50.76,8.927,0.0,0.0,-2.84
50.78,8.927,0.0,0.0,-2.827
50.8,8.927,0.0,0.0,-2.813
50.82,8.927,0.0,0.0,-2.8
50.84,8.927,0.0,0.0,-2.787
50.86,8.927,0.0,0.0,-2.773
50.88,8.927,0.0,0.0,-2.76
50.9,8.927,0.0,0.0,-2.747
50.92,8.927,0.0,0.0,-2.733
50.94,8.927,0.0,0.0,-2.72
50.96,8.927,0.0,0.0,-2.707
50.98,8.927,0.0,0.0,-2.693
51.0,8.927,0.0,0.0,-2.68
51.02,8.927,0.0,0.0,-2.667
51.04,8.927,0.0,0.0,-2.653
51.06,8.927,0.0,0.0,-2.64
51.08,8.927,0.0,0.0,-2.627
51.1,8.927,0.0,0.0,-2.613
51.12,8.927,0.0,0.0,-2.6
51.14,8.927,0.0,0.0,-2.587
51.16,8.927,0.0,0.0,-2.573
51.18,8.927,0.0,0.0,-2.56
51.2,8.927,0.0,0.0,-2.547
51.22,8.927,0.0,0.0,-2.533
51.24,8.927,0.0,0.0,-2.52
51.26,8.927,0.0,0.0,-2.507
51.28,8.927,0.0,0.0,-2.493
51.3,8.927,0.0,0.0,-2.48
51.32,8.927,0.0,0.0,-2.467
51.34,8.927,0.0,0.0,-2.453
51.36,8.927,0.0,0.0,-2.44
51.38,8.927,0.0,0.0,-2.427
51.4,8.927,0.0,0.0,-2.413
51.42,8.927,0.0,0.0,-2.4
51.44,8.927,0.0,0.0,-2.387
51.46,8.927,0.0,0.0,-2.373
51.48,8.927,0.0,0.0,-2.36
51.5,8.927,0.0,0.0,-2.347
51.52,8.927,0.0,0.0,-2.333
51.54,8.927,0.0,0.0,-2.32
51.56,8.927,0.0,0.0,-2.307
51.58,8.927,0.0,0.0,-2.293
51.6,8.927,0.0,0.0,-2.28
51.62,8.927,0.0,0.0,-2.267
51.64,8.927,0.0,0.0,-2.253
51.66,8.927,0.0,0.0,-2.24
51.68,8.927,0.0,0.0,-2.227
51.7,8.927,0.0,0.0,-2.213
51.72,8.927,0.0,0.0,-2.2
51.74,8.927,0.0,0.0,-2.187
51.76,8.927,0.0,0.0,-2.173
51.78,8.927,0.0,0.0,-2.16
51.8,8.927,0.0,0.0,-2.147
51.82,8.927,0.0,0.0,-2.133
51.84,8.927,0.0,0.0,-2.12
51.86,8.927,0.0,0.0,-2.107
51.88,8.927,0.0,0.0,-2.093
51.9,8.927,0.0,0.0,-2.08
51.92,8.927,0.0,0.0,-2.067
51.94,8.927,0.0,0.0,-2.053
51.96,8.927,0.0,0.0,-2.04
51.98,8.927,0.0,0.0,-2.027
52.0,8.927,0.0,0.0,-2.013
52.02,8.927,0.0,0.0,-2.0
52.04,8.927,0.0,0.0,-1.987
52.06,8.927,0.0,0.0,-1.973
52.08,8.927,0.0,0.0,-1.96
52.1,8.927,0.0,0.0,-1.947
52.12,8.927,0.0,0.0,-1.933
52.14,8.927,0.0,0.0,-1.92
52.16,8.927,0.0,0.0,-1.907
52.18,8.927,0.0,0.0,-1.893
52.2,8.927,0.0,0.0,-1.88
52.22,8.927,0.0,0.0,-1.867
52.24,8.927,0.0,0.0,-1.853
52.26,8.927,0.0,0.0,-1.84
52.28,8.927,0.0,0.0,-1.827
52.3,8.927,0.0,0.0,-1.813
52.32,8.927,0.0,0.0,-1.8
52.34,8.927,0.0,0.0,-1.787
52.36,8.927,0.0,0.0,-1.773
52.38,8.927,0.0,0.0,-1.76
52.4,8.927,0.0,0.0,-1.747
52.42,8.927,0.0,0.0,-1.733
52.44,8.927,0.0,0.0,-1.72
52.46,8.927,0.0,0.0,-1.707
52.48,8.927,0.0,0.0,-1.693
52.5,8.927,0.0,0.0,-1.68
52.52,8.927,0.0,0.0,-1.667
52.54,8.927,0.0,0.0,-1.653
52.56,8.927,0.0,0.0,-1.64
52.58,8.927,0.0,0.0,-1.627
52.6,8.927,0.0,0.0,-1.613
52.62,8.927,0.0,0.0,-1.6
52.64,8.927,0.0,0.0,-1.587
52.66,8.927,0.0,0.0,-1.573
52.68,8.927,0.0,0.0,-1.56
52.7,8.927,0.0,0.0,-1.547
52.72,8.927,0.0,0.0,-1.533
52.74,8.927,0.0,0.0,-1.52
52.76,8.927,0.0,0.0,-1.507
52.78,8.927,0.0,0.0,-1.493
52.8,8.927,0.0,0.0,-1.48
52.82,8.927,0.0,0.0,-1.467
52.84,8.927,0.0,0.0,-1.453
52.86,8.927,0.0,0.0,-1.44
52.88,8.927,0.0,0.0,-1.427
52.9,8.927,0.0,0.0,-1.413
52.92,8.927,0.0,0.0,-1.4
52.94,8.927,0.0,0.0,-1.387
52.96,8.927,0.0,0.0,-1.373
52.98,8.927,0.0,0.0,-1.36
53.0,8.927,0.0,0.0,-1.347
53.02,8.927,0.0,0.0,-1.333
53.04,8.927,0.0,0.0,-1.32
53.06,8.927,0.0,0.0,-1.307
53.08,8.927,0.0,0.0,-1.293
53.1,8.927,0.0,0.0,-1.28
53.12,8.927,0.0,0.0,-1.267
53.14,8.927,0.0,0.0,-1.253
53.16,8.927,0.0,0.0,-1.24
53.18,8.927,0.0,0.0,-1.227
53.2,8.927,0.0,0.0,-1.213
53.22,8.927,0.0,0.0,-1.2
53.24,8.927,0.0,0.0,-1.187
53.26,8.927,0.0,0.0,-1.173
53.28,8.927,0.0,0.0,-1.16
53.3,8.927,0.0,0.0,-1.147
53.32,8.927,0.0,0.0,-1.133
53.34,8.927,0.0,0.0,-1.12
53.36,8.927,0.0,0.0,-1.107
53.38,8.927,0.0,0.0,-1.093
53.4,8.927,0.0,0.0,-1.08
53.42,8.927,0.0,0.0,-1.067
53.44,8.927,0.0,0.0,-1.053
53.46,8.927,0.0,0.0,-1.04
53.48,8.927,0.0,0.0,-1.027
53.5,8.927,0.0,0.0,-1.013
53.52,8.927,0.0,0.0,-1.0
53.54,8.927,0.0,0.0,-0.987
53.56,8.927,0.0,0.0,-0.973
53.58,8.927,0.0,0.0,-0.96
53.6,8.927,0.0,0.0,-0.947
53.62,8.927,0.0,0.0,-0.933
53.64,8.927,0.0,0.0,-0.92
53.66,8.927,0.0,0.0,-0.907
53.68,8.927,0.0,0.0,-0.893
53.7,8.927,0.0,0.0,-0.88
53.72,8.927,0.0,0.0,-0.867
53.74,8.927,0.0,0.0,-0.853
53.76,8.927,0.0,0.0,-0.84
53.78,8.927,0.0,0.0,-0.827
53.8,8.927,0.0,0.0,-0.813
53.82,8.927,0.0,0.0,-0.8
53.84,8.927,0.0,0.0,-0.787
53.86,8.927,0.0,0.0,-0.773
53.88,8.927,0.0,0.0,-0.76
53.9,8.927,0.0,0.0,-0.747
53.92,8.927,0.0,0.0,-0.733
53.94,8.927,0.0,0.0,-0.72
53.96,8.927,0.0,0.0,-0.707
53.98,8.927,0.0,0.0,-0.693
54.0,8.927,0.0,0.0,-0.68
54.02,8.927,0.0,0.0,-0.667
54.04,8.927,0.0,0.0,-0.653
54.06,8.927,0.0,0.0,-0.64
54.08,8.927,0.0,0.0,-0.627
54.1,8.927,0.0,0.0,-0.613
54.12,8.927,0.0,0.0,-0.6
54.14,8.927,0.0,0.0,-0.587
54.16,8.927,0.0,0.0,-0.573
54.18,8.927,0.0,0.0,-0.56
54.2,8.927,0.0,0.0,-0.547
54.22,8.927,0.0,0.0,-0.533
54.24,8.927,0.0,0.0,-0.52
54.26,8.927,0.0,0.0,-0.507
54.28,8.927,0.0,0.0,-0.493
54.3,8.927,0.0,0.0,-0.48
54.32,8.927,0.0,0.0,-0.467
54.34,8.927,0.0,0.0,-0.453
54.36,8.927,0.0,0.0,-0.44
54.38,8.927,0.0,0.0,-0.427
54.4,8.927,0.0,0.0,-0.413
54.42,8.927,0.0,0.0,-0.4
54.44,8.927,0.0,0.0,-0.387
54.46,8.927,0.0,0.0,-0.373
54.48,8.927,0.0,0.0,-0.36
54.5,8.927,0.0,0.0,-0.347
54.52,8.927,0.0,0.0,-0.333
54.54,8.927,0.0,0.0,-0.32
54.56,8.927,0.0,0.0,-0.307
54.58,8.927,0.0,0.0,-0.293
54.6,8.927,0.0,0.0,-0.28
54.62,8.927,0.0,0.0,-0.267
54.64,8.927,0.0,0.0,-0.253
54.66,8.927,0.0,0.0,-0.24
54.68,8.927,0.0,0.0,-0.227
54.7,8.927,0.0,0.0,-0.213
54.72,8.927,0.0,0.0,-0.2
54.74,8.927,0.0,0.0,-0.187
54.76,8.927,0.0,0.0,-0.173
54.78,8.927,0.0,0.0,-0.16
54.8,8.927,0.0,0.0,-0.147
54.82,8.927,0.0,0.0,-0.133
54.84,8.927,0.0,0.0,-0.12
54.86,8.927,0.0,0.0,-0.107
54.88,8.927,0.0,0.0,-0.093
54.9,8.927,0.0,0.0,-0.08
54.92,8.927,0.0,0.0,-0.067
54.94,8.927,0.0,0.0,-0.053
54.96,8.927,0.0,0.0,-0.04
54.98,8.927,0.0,0.0,-0.027
55.0,8.927,0.0,0.0,-0.013
55.02,8.927,0.0,0.0,0.0
55.04,8.927,0.0,0.0,0.0
55.06,8.927,0.0,0.0,0.0
55.08,8.927,0.0,0.0,0.0
55.1,8.927,0.0,0.0,0.0
55.12,8.927,0.0,0.0,0.0
55.14,8.927,0.0,0.0,0.0
55.16,8.927,0.0,0.0,0.0
55.18,8.927,0.0,0.0,0.0
55.2,8.927,0.0,0.0,0.0
55.22,8.927,0.0,0.0,0.0
55.24,8.927,0.0,0.0,0.0
55.26,8.927,0.0,0.0,0.0
55.28,8.927,0.0,0.0,0.0
55.3,8.927,0.0,0.0,0.0
55.32,8.927,0.0,0.0,0.0
55.34,8.927,0.0,0.0,0.0
55.36,8.927,0.0,0.0,0.0
55.38,8.927,0.0,0.0,0.0
55.4,8.927,0.0,0.0,0.0
55.42,8.927,0.0,0.0,0.0
55.44,8.927,0.0,0.0,0.0
55.46,8.927,0.0,0.0,0.0
55.48,8.927,0.0,0.0,0.0
55.5,8.927,0.0,0.0,0.0
55.52,8.927,0.0,0.0,0.0
55.54,8.927,0.0,0.0,0.0
55.56,8.927,0.0,0.0,0.0
55.58,8.927,0.0,0.0,0.0
55.6,8.927,0.0,0.0,0.0
55.62,8.927,0.0,0.0,0.0
55.64,8.927,0.0,0.0,0.0
55.66,8.927,0.0,0.0,0.0
55.68,8.927,0.0,0.0,0.0
55.7,8.927,0.0,0.0,0.0
55.72,8.927,0.0,0.0,0.0
55.74,8.927,0.0,0.0,0.0
55.76,8.927,0.0,0.0,0.0
55.78,8.927,0.0,0.0,0.0
55.8,8.927,0.0,0.0,0.0
55.82,8.927,0.0,0.0,0.0
55.84,8.927,0.0,0.0,0.0
55.86,8.927,0.0,0.0,0.0
55.88,8.927,0.0,0.0,0.0
55.9,8.927,0.0,0.0,0.0
55.92,8.927,0.0,0.0,0.0
55.94,8.927,0.0,0.0,0.0
55.96,8.927,0.0,0.0,0.0
55.98,8.927,0.0,0.0,0.0
56.0,8.927,0.0,0.0,0.0
56.02,8.927,0.0,0.0,0.0
56.04,8.927,0.0,0.0,0.0
56.06,8.927,0.0,0.0,0.0
56.08,8.927,0.0,0.0,0.0
56.1,8.927,0.0,0.0,0.0
56.12,8.927,0.0,0.0,0.0
56.14,8.927,0.0,0.0,0.0
56.16,8.927,0.0,0.0,0.0
56.18,8.927,0.0,0.0,0.0
56.2,8.927,0.0,0.0,0.0
56.22,8.927,0.0,0.0,0.0
56.24,8.927,0.0,0.0,0.0
56.26,8.927,0.0,0.0,0.0
56.28,8.927,0.0,0.0,0.0
56.3,8.927,0.0,0.0,0.0
56.32,8.927,0.0,0.0,0.0
56.34,8.927,0.0,0.0,0.0
56.36,8.927,0.0,0.0,0.0
56.38,8.927,0.0,0.0,0.0
56.4,8.927,0.0,0.0,0.0
56.42,8.927,0.0,0.0,0.0
56.44,8.927,0.0,0.0,0.0
56.46,8.927,0.0,0.0,0.0
56.48,8.927,0.0,0.0,0.0
56.5,8.927,0.0,0.0,0.0
56.52,8.927,0.0,0.0,0.0
56.54,8.927,0.0,0.0,0.0
56.56,8.927,0.0,0.0,0.0
56.58,8.927,0.0,0.0,0.0
56.6,8.927,0.0,0.0,0.0
56.62,8.927,0.0,0.0,0.0
56.64,8.927,0.0,0.0,0.0
56.66,8.927,0.0,0.0,0.0
56.68,8.927,0.0,0.0,0.0
56.7,8.927,0.0,0.0,0.0
56.72,8.927,0.0,0.0,0.0
56.74,8.927,0.0,0.0,0.0
56.76,8.927,0.0,0.0,0.0
56.78,8.927,0.0,0.0,0.0
56.8,8.927,0.0,0.0,0.0
56.82,8.927,0.0,0.0,0.0
56.84,8.927,0.0,0.0,0.0
56.86,8.927,0.0,0.0,0.0
56.88,8.927,0.0,0.0,0.0
56.9,8.927,0.0,0.0,0.0
56.92,8.927,0.0,0.0,0.0
56.94,8.927,0.0,0.0,0.0
56.96,8.927,0.0,0.0,0.0
56.98,8.927,0.0,0.0,0.0
57.0,8.927,0.0,0.0,0.0
57.02,8.927,0.0,0.0,0.0
57.04,8.927,0.0,0.0,0.0
57.06,8.927,0.0,0.0,0.0
57.08,8.927,0.0,0.0,0.0
57.1,8.927,0.0,0.0,0.0
57.12,8.927,0.0,0.0,0.0
57.14,8.927,0.0,0.0,0.0
57.16,8.927,0.0,0.0,0.0
57.18,8.927,0.0,0.0,0.0
57.2,8.927,0.0,0.0,0.0
57.22,8.927,0.0,0.0,0.0
57.24,8.927,0.0,0.0,0.0
57.26,8.927,0.0,0.0,0.0
57.28,8.927,0.0,0.0,0.0
57.3,8.927,0.0,0.0,0.0
57.32,8.927,0.0,0.0,0.0
57.34,8.927,0.0,0.0,0.0
57.36,8.927,0.0,0.0,0.0
57.38,8.927,0.0,0.0,0.0
57.4,8.927,0.0,0.0,0.0
57.42,8.927,0.0,0.0,0.0
57.44,8.927,0.0,0.0,0.0
57.46,8.927,0.0,0.0,0.0
57.48,8.927,0.0,0.0,0.0
57.5,8.927,0.0,0.0,0.0
57.52,8.927,0.0,0.0,0.0
57.54,8.927,0.0,0.0,0.0
57.56,8.927,0.0,0.0,0.0
57.58,8.927,0.0,0.0,0.0
57.6,8.927,0.0,0.0,0.0
57.62,8.927,0.0,0.0,0.0
57.64,8.927,0.0,0.0,0.0
57.66,8.927,0.0,0.0,0.0
57.68,8.927,0.0,0.0,0.0
57.7,8.927,0.0,0.0,0.0
57.72,8.927,0.0,0.0,0.0
57.74,8.927,0.0,0.0,0.0
57.76,8.927,0.0,0.0,0.0
57.78,8.927,0.0,0.0,0.0
57.8,8.927,0.0,0.0,0.0
57.82,8.927,0.0,0.0,0.0
57.84,8.927,0.0,0.0,0.0
57.86,8.927,0.0,0.0,0.0
57.88,8.927,0.0,0.0,0.0
57.9,8.927,0.0,0.0,0.0
57.92,8.927,0.0,0.0,0.0
57.94,8.927,0.0,0.0,0.0
57.96,8.927,0.0,0.0,0.0
57.98,8.927,0.0,0.0,0.0
58.0,8.927,0.0,0.0,0.0
58.02,8.927,0.0,0.0,0.0
58.04,8.927,0.0,0.0,0.0
58.06,8.927,0.0,0.0,0.0
58.08,8.927,0.0,0.0,0.0
58.1,8.927,0.0,0.0,0.0
58.12,8.927,0.0,0.0,0.0
58.14,8.927,0.0,0.0,0.0
58.16,8.927,0.0,0.0,0.0
58.18,8.927,0.0,0.0,0.0
58.2,8.927,0.0,0.0,0.0
58.22,8.927,0.0,0.0,0.0
58.24,8.927,0.0,0.0,0.0
58.26,8.927,0.0,0.0,0.0
58.28,8.927,0.0,0.0,0.0
58.3,8.927,0.0,0.0,0.0
58.32,8.927,0.0,0.0,0.0
58.34,8.927,0.0,0.0,0.0
58.36,8.927,0.0,0.0,0.0
58.38,8.927,0.0,0.0,0.0
58.4,8.927,0.0,0.0,0.0
58.42,8.927,0.0,0.0,0.0
58.44,8.927,0.0,0.0,0.0
58.46,8.927,0.0,0.0,0.0
58.48,8.927,0.0,0.0,0.0
58.5,8.927,0.0,0.0,0.0
58.52,8.927,0.0,0.0,0.0
58.54,8.927,0.0,0.0,0.0
58.56,8.927,0.0,0.0,0.0
58.58,8.927,0.0,0.0,0.0
58.6,8.927,0.0,0.0,0.0
58.62,8.927,0.0,0.0,0.0
58.64,8.927,0.0,0.0,0.0
58.66,8.927,0.0,0.0,0.0
58.68,8.927,0.0,0.0,0.0
58.7,8.927,0.0,0.0,0.0
58.72,8.927,0.0,0.0,0.0
58.74,8.927,0.0,0.0,0.0
58.76,8.927,0.0,0.0,0.0
58.78,8.927,0.0,0.0,0.0
58.8,8.927,0.0,0.0,0.0
58.82,8.927,0.0,0.0,0.0
58.84,8.927,0.0,0.0,0.0
58.86,8.927,0.0,0.0,0.0
58.88,8.927,0.0,0.0,0.0
58.9,8.927,0.0,0.0,0.0
58.92,8.927,0.0,0.0,0.0
58.94,8.927,0.0,0.0,0.0
58.96,8.927,0.0,0.0,0.0
58.98,8.927,0.0,0.0,0.0
59.0,8.927,0.0,0.0,0.0
59.02,8.927,0.0,0.0,0.0
59.04,8.927,0.0,0.0,0.0
59.06,8.927,0.0,0.0,0.0
59.08,8.927,0.0,0.0,0.0
59.1,8.927,0.0,0.0,0.0
59.12,8.927,0.0,0.0,0.0
59.14,8.927,0.0,0.0,0.0
59.16,8.927,0.0,0.0,0.0
59.18,8.927,0.0,0.0,0.0
59.2,8.927,0.0,0.0,0.0
59.22,8.927,0.0,0.0,0.0
59.24,8.927,0.0,0.0,0.0
59.26,8.927,0.0,0.0,0.0
59.28,8.927,0.0,0.0,0.0
59.3,8.927,0.0,0.0,0.0
59.32,8.927,0.0,0.0,0.0
59.34,8.927,0.0,0.0,0.0
59.36,8.927,0.0,0.0,0.0
59.38,8.927,0.0,0.0,0.0
59.4,8.927,0.0,0.0,0.0
59.42,8.927,0.0,0.0,0.0
59.44,8.927,0.0,0.0,0.0
59.46,8.927,0.0,0.0,0.0
59.48,8.927,0.0,0.0,0.0
59.5,8.927,0.0,0.0,0.0
59.52,8.927,0.0,0.0,0.0
59.54,8.927,0.0,0.0,0.0
59.56,8.927,0.0,0.0,0.0
59.58,8.927,0.0,0.0,0.0
59.6,8.927,0.0,0.0,0.0
59.62,8.927,0.0,0.0,0.0
59.64,8.927,0.0,0.0,0.0
59.66,8.927,0.0,0.0,0.0
59.68,8.927,0.0,0.0,0.0
59.7,8.927,0.0,0.0,0.0
59.72,8.927,0.0,0.0,0.0
59.74,8.927,0.0,0.0,0.0
59.76,8.927,0.0,0.0,0.0
59.78,8.927,0.0,0.0,0.0
59.8,8.927,0.0,0.0,0.0
59.82,8.927,0.0,0.0,0.0
59.84,8.927,0.0,0.0,0.0
59.86,8.927,0.0,0.0,0.0
59.88,8.927,0.0,0.0,0.0
59.9,8.927,0.0,0.0,0.0
59.92,8.927,0.0,0.0,0.0
59.94,8.927,0.0,0.0,0.0
59.96,8.927,0.0,0.0,0.0
59.98,8.927,0.0,0.0,0.0
60.0,8.927,0.0,0.0,0.0
60.02,8.927,0.0,0.0,0.0
60.04,8.927,0.0,0.0,0.0
60.06,8.927,0.0,0.0,0.0
60.08,8.927,0.0,0.0,0.0
60.1,8.927,0.0,0.0,0.0
60.12,8.927,0.0,0.0,0.0
60.14,8.927,0.0,0.0,0.0
60.16,8.927,0.0,0.0,0.0
60.18,8.927,0.0,0.0,0.0
60.2,8.927,0.0,0.0,0.0
60.22,8.927,0.0,0.0,0.0
60.24,8.927,0.0,0.0,0.0
60.26,8.927,0.0,0.0,0.0
60.28,8.927,0.0,0.0,0.0
60.3,8.927,0.0,0.0,0.0
60.32,8.927,0.0,0.0,0.0
60.34,8.927,0.0,0.0,0.0
60.36,8.927,0.0,0.0,0.0
60.38,8.927,0.0,0.0,0.0
60.4,8.927,0.0,0.0,0.0
60.42,8.927,0.0,0.0,0.0
60.44,8.927,0.0,0.0,0.0
60.46,8.927,0.0,0.0,0.0
60.48,8.927,0.0,0.0,0.0
60.5,8.927,0.0,0.0,0.0
60.52,8.927,0.0,0.0,0.0
60.54,8.927,0.0,0.0,0.0
60.56,8.927,0.0,0.0,0.0
60.58,8.927,0.0,0.0,0.0
60.6,8.927,0.0,0.0,0.0
60.62,8.927,0.0,0.0,0.0
60.64,8.927,0.0,0.0,0.0
60.66,8.927,0.0,0.0,0.0
60.68,8.927,0.0,0.0,0.0
60.7,8.927,0.0,0.0,0.0
60.72,8.927,0.0,0.0,0.0
60.74,8.927,0.0,0.0,0.0
60.76,8.927,0.0,0.0,0.0
60.78,8.927,0.0,0.0,0.0
60.8,8.927,0.0,0.0,0.0
60.82,8.927,0.0,0.0,0.0
60.84,8.927,0.0,0.0,0.0
60.86,8.927,0.0,0.0,0.0
60.88,8.927,0.0,0.0,0.0
60.9,8.927,0.0,0.0,0.0
60.92,8.927,0.0,0.0,0.0
60.94,8.927,0.0,0.0,0.0
60.96,8.927,0.0,0.0,0.0
60.98,8.927,0.0,0.0,0.0
61.0,8.927,0.0,0.0,0.0
61.02,8.927,0.0,0.0,0.0
61.04,8.927,0.0,0.0,0.0
61.06,8.927,0.0,0.0,0.0
61.08,8.927,0.0,0.0,0.0
61.1,8.927,0.0,0.0,0.0
61.12,8.927,0.0,0.0,0.0
61.14,8.927,0.0,0.0,0.0
61.16,8.927,0.0,0.0,0.0
61.18,8.927,0.0,0.0,0.0
61.2,8.927,0.0,0.0,0.0
61.22,8.927,0.0,0.0,0.0
61.24,8.927,0.0,0.0,0.0
61.26,8.927,0.0,0.0,0.0
61.28,8.927,0.0,0.0,0.0
61.3,8.927,0.0,0.0,0.0
61.32,8.927,0.0,0.0,0.0
61.34,8.927,0.0,0.0,0.0
61.36,8.927,0.0,0.0,0.0
61.38,8.927,0.0,0.0,0.0
61.4,8.927,0.0,0.0,0.0
61.42,8.927,0.0,0.0,0.0
61.44,8.927,0.0,0.0,0.0
61.46,8.927,0.0,0.0,0.0
61.48,8.927,0.0,0.0,0.0
61.5,8.927,0.0,0.0,0.0
61.52,8.927,0.0,0.0,0.0
61.54,8.927,0.0,0.0,0.0
61.56,8.927,0.0,0.0,0.0
61.58,8.927,0.0,0.0,0.0
61.6,8.927,0.0,0.0,0.0
61.62,8.927,0.0,0.0,0.0
61.64,8.927,0.0,0.0,0.0
61.66,8.927,0.0,0.0,0.0
61.68,8.927,0.0,0.0,0.0
61.7,8.927,0.0,0.0,0.0
61.72,8.927,0.0,0.0,0.0
61.74,8.927,0.0,0.0,0.0
61.76,8.927,0.0,0.0,0.0
61.78,8.927,0.0,0.0,0.0
61.8,8.927,0.0,0.0,0.0
61.82,8.927,0.0,0.0,0.0
61.84,8.927,0.0,0.0,0.0
61.86,8.927,0.0,0.0,0.0
61.88,8.927,0.0,0.0,0.0
61.9,8.927,0.0,0.0,0.0
61.92,8.927,0.0,0.0,0.0
61.94,8.927,0.0,0.0,0.0
61.96,8.927,0.0,0.0,0.0
61.98,8.927,0.0,0.0,0.0
62.0,8.927,0.0,0.0,0.0
62.02,8.927,0.0,0.0,0.0
62.04,8.927,0.0,0.0,0.0
62.06,8.927,0.0,0.0,0.0
62.08,8.927,0.0,0.0,0.0
62.1,8.927,0.0,0.0,0.0
62.12,8.927,0.0,0.0,0.0
62.14,8.927,0.0,0.0,0.0
62.16,8.927,0.0,0.0,0.0
62.18,8.927,0.0,0.0,0.0
62.2,8.927,0.0,0.0,0.0
62.22,8.927,0.0,0.0,0.0
62.24,8.927,0.0,0.0,0.0
62.26,8.927,0.0,0.0,0.0
62.28,8.927,0.0,0.0,0.0
62.3,8.927,0.0,0.0,0.0
62.32,8.927,0.0,0.0,0.0
62.34,8.927,0.0,0.0,0.0
62.36,8.927,0.0,0.0,0.0
62.38,8.927,0.0,0.0,0.0
62.4,8.927,0.0,0.0,0.0
62.42,8.927,0.0,0.0,0.0
62.44,8.927,0.0,0.0,0.0
62.46,8.927,0.0,0.0,0.0
62.48,8.927,0.0,0.0,0.0
62.5,8.927,0.0,0.0,0.0
62.52,8.927,0.0,0.0,0.0
62.54,8.927,0.0,0.0,0.0
62.56,8.927,0.0,0.0,0.0
62.58,8.927,0.0,0.0,0.0
62.6,8.927,0.0,0.0,0.0
62.62,8.927,0.0,0.0,0.0
62.64,8.927,0.0,0.0,0.0
62.66,8.927,0.0,0.0,0.0
62.68,8.927,0.0,0.0,0.0
62.7,8.927,0.0,0.0,0.0
62.72,8.927,0.0,0.0,0.0
62.74,8.927,0.0,0.0,0.0
62.76,8.927,0.0,0.0,0.0
62.78,8.927,0.0,0.0,0.0
62.8,8.927,0.0,0.0,0.0
62.82,8.927,0.0,0.0,0.0
62.84,8.927,0.0,0.0,0.0
62.86,8.927,0.0,0.0,0.0
62.88,8.927,0.0,0.0,0.0
62.9,8.927,0.0,0.0,0.0
62.92,8.927,0.0,0.0,0.0
62.94,8.927,0.0,0.0,0.0
62.96,8.927,0.0,0.0,0.0
62.98,8.927,0.0,0.0,0.0
63.0,8.927,0.0,0.0,0.0
63.02,8.927,0.0,0.0,0.0
63.04,8.927,0.0,0.0,0.0
63.06,8.927,0.0,0.0,0.0
63.08,8.927,0.0,0.0,0.0
63.1,8.927,0.0,0.0,0.0
63.12,8.927,0.0,0.0,0.0
63.14,8.927,0.0,0.0,0.0
63.16,8.927,0.0,0.0,0.0
63.18,8.927,0.0,0.0,0.0
63.2,8.927,0.0,0.0,0.0
63.22,8.927,0.0,0.0,0.0
63.24,8.927,0.0,0.0,0.0
63.26,8.927,0.0,0.0,0.0
63.28,8.927,0.0,0.0,0.0
63.3,8.927,0.0,0.0,0.0
63.32,8.927,0.0,0.0,0.0
63.34,8.927,0.0,0.0,0.0
63.36,8.927,0.0,0.0,0.0
63.38,8.927,0.0,0.0,0.0
63.4,8.927,0.0,0.0,0.0
63.42,8.927,0.0,0.0,0.0
63.44,8.927,0.0,0.0,0.0
63.46,8.927,0.0,0.0,0.0
63.48,8.927,0.0,0.0,0.0
63.5,8.927,0.0,0.0,0.0
63.52,8.927,0.0,0.0,0.0
63.54,8.927,0.0,0.0,0.0
63.56,8.927,0.0,0.0,0.0
63.58,8.927,0.0,0.0,0.0
63.6,8.927,0.0,0.0,0.0
63.62,8.927,0.0,0.0,0.0
63.64,8.927,0.0,0.0,0.0
63.66,8.927,0.0,0.0,0.0
63.68,8.927,0.0,0.0,0.0
63.7,8.927,0.0,0.0,0.0
63.72,8.927,0.0,0.0,0.0
63.74,8.927,0.0,0.0,0.0
63.76,8.927,0.0,0.0,0.0
63.78,8.927,0.0,0.0,0.0
63.8,8.927,0.0,0.0,0.0
63.82,8.927,0.0,0.0,0.0
63.84,8.927,0.0,0.0,0.0
63.86,8.927,0.0,0.0,0.0
63.88,8.927,0.0,0.0,0.0
63.9,8.927,0.0,0.0,0.0
63.92,8.927,0.0,0.0,0.0
63.94,8.927,0.0,0.0,0.0
63.96,8.927,0.0,0.0,0.0
63.98,8.927,0.0,0.0,0.0
64.0,8.927,0.0,0.0,0.0
64.02,8.927,0.0,0.0,0.0
64.04,8.927,0.0,0.0,0.0
64.06,8.927,0.0,0.0,0.0
64.08,8.927,0.0,0.0,0.0
64.1,8.927,0.0,0.0,0.0
64.12,8.927,0.0,0.0,0.0
64.14,8.927,0.0,0.0,0.0
64.16,8.927,0.0,0.0,0.0
64.18,8.927,0.0,0.0,0.0
64.2,8.927,0.0,0.0,0.0
64.22,8.927,0.0,0.0,0.0
64.24,8.927,0.0,0.0,0.0
64.26,8.927,0.0,0.0,0.0
64.28,8.927,0.0,0.0,0.0
64.3,8.927,0.0,0.0,0.0
64.32,8.927,0.0,0.0,0.0
64.34,8.927,0.0,0.0,0.0
64.36,8.927,0.0,0.0,0.0
64.38,8.927,0.0,0.0,0.0
64.4,8.927,0.0,0.0,0.0
64.42,8.927,0.0,0.0,0.0
64.44,8.927,0.0,0.0,0.0
64.46,8.927,0.0,0.0,0.0
64.48,8.927,0.0,0.0,0.0
64.5,8.927,0.0,0.0,0.0
64.52,8.927,0.0,0.0,0.0
64.54,8.927,0.0,0.0,0.0
64.56,8.927,0.0,0.0,0.0
64.58,8.927,0.0,0.0,0.0
64.6,8.927,0.0,0.0,0.0
64.62,8.927,0.0,0.0,0.0
64.64,8.927,0.0,0.0,0.0
64.66,8.927,0.0,0.0,0.0
64.68,8.927,0.0,0.0,0.0
64.7,8.927,0.0,0.0,0.0
64.72,8.927,0.0,0.0,0.0
64.74,8.927,0.0,0.0,0.0
64.76,8.927,0.0,0.0,0.0
64.78,8.927,0.0,0.0,0.0
64.8,8.927,0.0,0.0,0.0
64.82,8.927,0.0,0.0,0.0
64.84,8.927,0.0,0.0,0.0
64.86,8.927,0.0,0.0,0.0
64.88,8.927,0.0,0.0,0.0
64.9,8.927,0.0,0.0,0.0
64.92,8.927,0.0,0.0,0.0
64.94,8.927,0.0,0.0,0.0
64.96,8.927,0.0,0.0,0.0
64.98,8.927,0.0,0.0,0.0
65.0,8.927,0.0,0.0,0.0
65.02,8.927,0.0,0.0,0.0
65.04,8.927,0.0,0.0,0.0
65.06,8.927,0.0,0.0,0.0
65.08,8.927,0.0,0.0,0.0
65.1,8.927,0.0,0.0,0.0
65.12,8.927,0.0,0.0,0.0
65.14,8.927,0.0,0.0,0.0
