Tiempo ,U_YAW,U_PITCH,W_YAW,W_PITCH,YAW,PITCH,,,,,,,
-0.4,0,0,0,0,0,0,,,,,,,
-0.38,0,0,0,0,0,0,,,,,,,
-0.36,0,0,0,0,0,0,,,,,,,
-0.34,0,0,0,0,0,0,,"Mp

",,,,,
-0.32,0,0,0,0,0,0,,,,,,,
-0.3,0,0,0,0,0,0,,,,,,,
-0.28,0,0,0,0,0,0,,Pert,Mp,Ts,Ess_Pitch,,Ess_Yaw
-0.26,0,0,0,0,0,0,,,0.007,6.1,0.007,-0.002,
-0.24,0,0,0,0,0,0,,20,20,20,4,10,20
-0.22,0,0,0,0,0,0,,,,,,,
-0.2,0,0,0,0,0,0,,91,,,,,
-0.18,0,0,0,0,0,0,,93.25,,,,,
-0.16,0,0,0,0,0,0,,,,,,,
-0.14,0,0,0,0,0,0,,,,,,,
-0.12,0,0,0,0,0,0,,,,,,,
-0.1,0,0,0,0,0,0,,,,,,,
-0.08,0,0,0,0,0,0,,,,,,,
-0.06,0,0,0,0,0,0,,,,,,,
-0.04,0,0,0,0,0,0,,,,,,,
-0.02,0,0,0,0,0,0,,,,,,,
0,5.808,22,0,0,0,-0.583,,,,,,,
0.02,5.887,22,0,0,0,-0.583,,,,,,,
0.04,5.965,22,0,0,0,-0.583,,,,,,,
0.06,7.39,22,0.026,0,0.002,-0.583,,,,,,,
0.08,9.488,22,0.067,0,0.003,-0.583,,,,,,,
0.1,10.52,22,0.085,0,0.005,-0.583,,,,,,,
0.12,10.881,22,0.089,0,0.007,-0.583,,,,,,,
0.14,12,22,0.115,0,0.01,-0.583,,,,,,,
0.16,12,22,0.128,0,0.012,-0.583,,,,,,,
0.18,10.943,22,0.079,0,0.012,-0.583,,,,,,,
0.2,9.775,22,0.051,0,0.014,-0.583,,,,,,,
0.22,10.817,22,0.069,0,0.016,-0.583,,,,,,,
0.24,11.654,22,0.083,0,0.017,-0.583,,,,,,,
0.26,10.72,22,0.061,0,0.017,-0.583,,,,,,,
0.28,8.914,22,0.021,0,0.017,-0.583,,,,,,,
0.3,8.129,22,0.003,0,0.017,-0.583,,,,,,,
0.32,8.019,22,-0.002,0,0.017,-0.583,,,,,,,
0.34,6.779,22,-0.028,0,0.016,-0.583,,,,,,,
0.36,5.977,22,-0.041,0.026,0.016,-0.581,,,,,,,
0.38,4.151,22,-0.045,0.199,0.014,-0.571,,,,,,,
0.4,1.131,22,-0.044,0.526,0.014,-0.553,,,,,,,
0.42,-5.15,13.277,-0.044,1.178,0.012,-0.51,,,,,,,
0.44,-12,1.47,-0.07,1.773,0.01,-0.473,,,,,,,
0.46,-10.95,4.968,-0.084,1.551,0.009,-0.459,,,,,,,
0.48,-5.038,13.977,-0.062,1.003,0.009,-0.445,,,,,,,
0.5,-1.085,17.414,-0.021,0.767,0.009,-0.429,,,,,,,
0.52,-1.442,17.303,-0.029,0.744,0.007,-0.414,,,,,,,
0.54,-2.207,16.408,-0.039,0.766,0.007,-0.398,,,,,,,
0.56,-1.39,15.511,-0.017,0.781,0.007,-0.382,,,,,,,
0.58,-1.157,14.259,-0.003,0.812,0.007,-0.365,,,,,,,
0.6,-1.202,13.407,0.001,0.827,0.007,-0.349,,,,,,,
0.62,-0.581,14.31,0.001,0.751,0.007,-0.337,,,,,,,
0.64,-0.579,13.908,0,0.735,0.007,-0.319,,,,,,,
0.66,-0.356,11.144,0.026,0.842,0.009,-0.3,,,,,,,
0.68,0.916,12.08,0.041,0.77,0.009,-0.292,,,,,,,
0.7,-0.578,10.642,0.018,0.796,0.009,-0.267,,,,,,,
0.72,-2.526,7.798,0.004,0.925,0.009,-0.251,,,,,,,
0.74,-0.913,8.203,0.026,0.859,0.01,-0.236,,,,,,,
0.76,0.11,8.431,0.04,0.805,0.01,-0.22,,,,,,,
0.78,-0.628,8.724,0.018,0.759,0.01,-0.206,,,,,,,
0.8,-1.001,8.936,0.004,0.716,0.01,-0.192,,,,,,,
0.82,-1.415,8.094,0,0.725,0.01,-0.176,,,,,,,
0.84,-1.388,7.836,-0.001,0.71,0.01,-0.164,,,,,,,
0.86,0.698,8.834,0.026,0.622,0.012,-0.154,,,,,,,
0.88,1.699,9.041,0.041,0.576,0.012,-0.141,,,,,,,
0.9,0.153,7.774,0.018,0.617,0.012,-0.127,,,,,,,
0.92,-0.871,6.776,0.004,0.646,0.012,-0.115,,,,,,,
0.94,-0.009,8.722,0,0.523,0.012,-0.11,,,,,,,
0.96,0.757,9.927,-0.001,0.427,0.012,-0.1,,,,,,,
0.98,-1.564,7.674,-0.027,0.524,0.01,-0.086,,,,,,,
1,-1.888,8.277,-0.041,0.485,0.01,-0.082,,,,,,,
1.02,-0.114,9.239,-0.018,0.397,0.01,-0.072,,,,,,,
1.04,0.403,8.68,-0.004,0.408,0.01,-0.065,,,,,,,
1.06,1.118,9.489,0,0.348,0.01,-0.059,,,,,,,
1.08,1.639,10.308,0.001,0.287,0.01,-0.054,,,,,,,
1.1,1.794,10.489,0,0.263,0.01,-0.049,,,,,,,
1.12,1.778,10.323,0,0.259,0.01,-0.044,,,,,,,
1.14,1.978,10.609,0,0.234,0.01,-0.04,,,,,,,
1.16,2.816,12.235,0,0.141,0.01,-0.04,,,,,,,
1.18,3.205,12.878,0,0.096,0.01,-0.037,,,,,,,
1.2,3.32,13.101,0,0.084,0.01,-0.037,,,,,,,
1.22,3.547,13.485,0,0.058,0.01,-0.035,,,,,,,
1.24,3.669,13.72,0,0.046,0.01,-0.035,,,,,,,
1.26,4.451,15.348,0,-0.037,0.01,-0.038,,,,,,,
1.28,4.843,16.108,0,-0.079,0.01,-0.038,,,,,,,
1.3,4.734,15.953,0,-0.064,0.01,-0.04,,,,,,,
1.32,5.125,16.826,0,-0.102,0.01,-0.044,,,,,,,
1.34,6.96,17.784,0.026,-0.151,0.012,-0.047,,,,,,,
1.36,7.87,18.307,0.041,-0.172,0.012,-0.051,,,,,,,
1.38,6.888,18.668,0.018,-0.177,0.012,-0.054,,,,,,,
1.4,6.514,19.465,0.004,-0.202,0.012,-0.059,,,,,,,
1.42,6.474,19.924,0,-0.216,0.012,-0.063,,,,,,,
1.44,6.302,19.743,-0.001,-0.193,0.012,-0.066,,,,,,,
1.46,8.355,21.255,0.026,-0.258,0.014,-0.075,,,,,,,
1.48,9.692,22,0.041,-0.322,0.014,-0.08,,,,,,,
1.5,8.199,22,0.018,-0.268,0.014,-0.084,,,,,,,
1.52,7.257,21.718,0.004,-0.23,0.014,-0.089,,,,,,,
1.54,7.243,22,0,-0.244,0.014,-0.094,,,,,,,
1.56,6.904,21.742,-0.001,-0.204,0.014,-0.096,,,,,,,
1.58,6.533,21.11,0,-0.154,0.014,-0.1,,,,,,,
1.6,6.905,21.989,0,-0.186,0.014,-0.105,,,,,,,
1.62,5.582,22,-0.026,-0.183,0.012,-0.107,,,,,,,
1.64,4.932,22,-0.041,-0.178,0.012,-0.112,,,,,,,
1.66,5.759,21.973,-0.018,-0.149,0.012,-0.112,,,,,,,
1.68,5.607,20.356,-0.004,-0.055,0.012,-0.112,,,,,,,
1.7,5.929,20.699,0,-0.061,0.012,-0.115,,,,,,,
1.72,5.028,21.714,-0.026,-0.104,0.01,-0.117,,,,,,,
1.74,4.082,21.306,-0.04,-0.074,0.01,-0.117,,,,,,,
1.76,4.973,20.998,-0.018,-0.051,0.01,-0.119,,,,,,,
1.78,5.591,20.886,-0.004,-0.043,0.01,-0.119,,,,,,,
1.8,3.975,20.023,-0.026,0.01,0.009,-0.117,,,,,,,
1.82,3.089,19.658,-0.04,0.038,0.009,-0.117,,,,,,,
1.84,4.075,19.437,-0.018,0.045,0.009,-0.115,,,,,,,
1.86,4.753,19.461,-0.004,0.045,0.009,-0.115,,,,,,,
1.88,4.715,18.896,0,0.071,0.009,-0.112,,,,,,,
1.9,4.374,18.177,0.001,0.111,0.009,-0.11,,,,,,,
1.92,3.34,18.957,-0.026,0.076,0.007,-0.11,,,,,,,
1.94,2.875,19.41,-0.041,0.051,0.007,-0.108,,,,,,,
1.96,3.776,18.992,-0.018,0.07,0.007,-0.107,,,,,,,
1.98,4.074,18.138,-0.004,0.109,0.007,-0.103,,,,,,,
2,4.115,17.771,0,0.128,0.007,-0.101,,,,,,,
2.02,4.328,18.124,0.001,0.106,0.007,-0.1,,,,,,,
2.04,4.438,18.348,0,0.092,0.007,-0.098,,,,,,,
2.06,4.211,17.852,0,0.113,0.007,-0.094,,,,,,,
2.08,4.082,17.58,0,0.127,0.007,-0.093,,,,,,,
2.1,4.279,17.931,0,0.105,0.007,-0.091,,,,,,,
2.12,4.403,18.138,0,0.091,0.007,-0.089,,,,,,,
2.14,4.44,18.177,0,0.087,0.007,-0.087,,,,,,,
2.16,4.442,18.146,0,0.086,0.007,-0.086,,,,,,,
2.18,5.527,17.448,0.026,0.113,0.009,-0.082,,,,,,,
2.2,6.069,17.107,0.041,0.128,0.009,-0.08,,,,,,,
2.22,5.455,18.083,0.018,0.079,0.009,-0.08,,,,,,,
2.24,5.037,18.583,0.004,0.051,0.009,-0.079,,,,,,,
2.26,4.664,18.241,0,0.069,0.009,-0.077,,,,,,,
2.28,4.522,17.959,-0.001,0.083,0.009,-0.075,,,,,,,
2.3,4.751,18.377,0,0.061,0.009,-0.075,,,,,,,
2.32,4.884,18.568,0,0.047,0.009,-0.073,,,,,,,
2.34,4.941,18.685,0,0.043,0.009,-0.073,,,,,,,
2.36,4.942,18.646,0,0.043,0.009,-0.072,,,,,,,
2.38,4.952,18.681,0,0.043,0.009,-0.072,,,,,,,
2.4,4.946,18.63,0,0.044,0.009,-0.07,,,,,,,
2.42,4.96,18.671,0,0.044,0.009,-0.07,,,,,,,
2.44,5.211,19.172,0,0.017,0.009,-0.07,,,,,,,
2.46,5.098,18.912,0,0.029,0.009,-0.068,,,,,,,
2.48,5.02,18.774,0,0.04,0.009,-0.068,,,,,,,
2.5,5.237,19.207,0,0.017,0.009,-0.068,,,,,,,
2.52,4.027,19.589,-0.026,0.004,0.007,-0.068,,,,,,,
2.54,3.404,19.751,-0.041,-0.001,0.007,-0.068,,,,,,,
2.56,4.488,19.719,-0.018,-0.001,0.007,-0.068,,,,,,,
2.58,5.167,19.704,-0.004,0,0.007,-0.068,,,,,,,
2.6,5.386,19.725,0,0,0.007,-0.068,,,,,,,
2.62,5.414,19.764,0.001,0,0.007,-0.068,,,,,,,
2.64,5.406,19.806,0,0,0.007,-0.068,,,,,,,
2.66,6.752,19.745,0.026,0,0.009,-0.068,,,,,,,
2.68,7.434,19.737,0.041,0,0.009,-0.068,,,,,,,
2.7,6.38,19.856,0.018,0,0.009,-0.068,,,,,,,
2.72,5.724,19.946,0.004,0,0.009,-0.068,,,,,,,
2.74,5.53,20.002,0,0,0.009,-0.068,,,,,,,
2.76,5.528,20.044,-0.001,0,0.009,-0.068,,,,,,,
2.78,5.563,20.083,0,0,0.009,-0.068,,,,,,,
2.8,5.591,20.124,0,0,0.009,-0.068,,,,,,,
2.82,5.609,20.164,0,0,0.009,-0.068,,,,,,,
2.84,5.623,20.205,0,0,0.009,-0.068,,,,,,,
2.86,5.382,19.698,0,0.026,0.009,-0.066,,,,,,,
2.88,5.269,19.491,0,0.041,0.009,-0.066,,,,,,,
2.9,4.139,20.027,-0.026,0.018,0.007,-0.066,,,,,,,
2.92,3.605,20.362,-0.041,0.004,0.007,-0.066,,,,,,,
2.94,4.726,20.401,-0.018,0,0.007,-0.066,,,,,,,
2.96,5.158,19.849,-0.004,0.026,0.007,-0.065,,,,,,,
2.98,5.247,19.619,0,0.04,0.007,-0.065,,,,,,,
3,5.476,20.043,0.001,0.018,0.007,-0.065,,,,,,,
3.02,5.339,19.78,0,0.03,0.007,-0.063,,,,,,,
3.04,5.25,19.648,0,0.04,0.007,-0.063,,,,,,,
3.06,5.209,19.535,0,0.044,0.007,-0.061,,,,,,,
3.08,5.216,19.564,0,0.044,0.007,-0.061,,,,,,,
3.1,5.213,19.515,0,0.044,0.007,-0.059,,,,,,,
3.12,5.227,19.555,0,0.044,0.007,-0.059,,,,,,,
3.14,5.223,19.502,0,0.044,0.007,-0.058,,,,,,,
3.16,5.234,19.537,0,0.044,0.007,-0.058,,,,,,,
3.18,5.229,19.482,0,0.044,0.007,-0.056,,,,,,,
3.2,5.24,19.516,0,0.044,0.007,-0.056,,,,,,,
3.22,5.234,19.46,0,0.044,0.007,-0.054,,,,,,,
3.24,5.245,19.492,0,0.044,0.007,-0.054,,,,,,,
3.26,6.839,19.88,0.026,0.017,0.009,-0.054,,,,,,,
3.28,7.397,19.561,0.041,0.029,0.009,-0.052,,,,,,,
3.3,5.994,18.942,0.018,0.066,0.009,-0.051,,,,,,,
3.32,5.41,19.167,0.004,0.058,0.009,-0.051,,,,,,,
3.34,5.538,19.841,0,0.022,0.009,-0.051,,,,,,,
3.36,4.098,19.745,-0.027,0.03,0.007,-0.049,,,,,,,
3.38,3.37,19.656,-0.041,0.039,0.007,-0.049,,,,,,,
3.4,4.664,19.997,-0.018,0.017,0.007,-0.049,,,,,,,
3.42,5.216,19.662,-0.004,0.03,0.007,-0.047,,,,,,,
3.44,5.343,19.498,0,0.04,0.007,-0.047,,,,,,,
3.46,5.573,19.921,0.001,0.017,0.007,-0.047,,,,,,,
3.48,5.685,20.189,0,0.004,0.007,-0.047,,,,,,,
3.5,5.464,19.741,0,0.026,0.007,-0.045,,,,,,,
3.52,5.345,19.526,0,0.04,0.007,-0.045,,,,,,,
3.54,5.553,19.938,0,0.018,0.007,-0.045,,,,,,,
3.56,5.433,19.657,0,0.03,0.007,-0.044,,,,,,,
3.58,5.354,19.511,0,0.04,0.007,-0.044,,,,,,,
3.6,5.57,19.935,0,0.017,0.007,-0.044,,,,,,,
3.62,5.448,19.651,0,0.03,0.007,-0.042,,,,,,,
3.64,5.367,19.501,0,0.04,0.007,-0.042,,,,,,,
3.66,5.581,19.922,0,0.017,0.007,-0.042,,,,,,,
3.68,5.714,20.185,0,0.004,0.007,-0.042,,,,,,,
3.7,5.76,20.282,0,-0.001,0.007,-0.042,,,,,,,
3.72,5.517,19.762,0,0.026,0.007,-0.04,,,,,,,
3.74,5.395,19.532,0,0.04,0.007,-0.04,,,,,,,
3.76,5.604,19.943,0,0.018,0.007,-0.04,,,,,,,
3.78,5.74,20.211,0,0.004,0.007,-0.04,,,,,,,
3.8,5.788,20.311,0,0,0.007,-0.04,,,,,,,
3.82,5.546,19.793,0,0.026,0.007,-0.038,,,,,,,
3.84,5.424,19.561,0,0.04,0.007,-0.038,,,,,,,
3.86,5.633,19.971,0,0.018,0.007,-0.038,,,,,,,
3.88,5.768,20.238,0,0.004,0.007,-0.038,,,,,,,
3.9,5.562,19.789,0,0.026,0.007,-0.037,,,,,,,
3.92,5.447,19.57,0,0.04,0.007,-0.037,,,,,,,
3.94,5.654,19.976,0,0.018,0.007,-0.037,,,,,,,
3.96,5.533,19.69,0,0.03,0.007,-0.035,,,,,,,
3.98,5.452,19.539,0,0.04,0.007,-0.035,,,,,,,
4,5.666,19.957,0,0.017,0.007,-0.035,,,,,,,
4.02,5.798,20.216,0,0.004,0.007,-0.035,,,,,,,
4.04,5.589,19.76,0,0.026,0.007,-0.033,,,,,,,
4.06,5.472,19.537,0,0.04,0.007,-0.033,,,,,,,
4.08,5.679,19.94,0,0.018,0.007,-0.033,,,,,,,
4.1,5.812,20.201,0,0.004,0.007,-0.033,,,,,,,
4.12,4.513,20.4,-0.026,0,0.005,-0.033,,,,,,,
4.14,3.596,19.926,-0.041,0.026,0.005,-0.031,,,,,,,
4.16,4.54,19.612,-0.018,0.04,0.005,-0.031,,,,,,,
4.18,5.417,19.969,-0.004,0.018,0.005,-0.031,,,,,,,
4.2,5.759,20.217,0,0.004,0.005,-0.031,,,,,,,
4.22,5.821,20.311,0.001,0,0.005,-0.031,,,,,,,
4.24,5.811,20.338,0,-0.001,0.005,-0.031,,,,,,,
4.26,7.146,20.246,0.026,0,0.007,-0.031,,,,,,,
4.28,7.566,19.662,0.041,0.026,0.007,-0.03,,,,,,,
4.3,6.377,19.509,0.018,0.041,0.007,-0.03,,,,,,,
4.32,5.917,19.967,0.004,0.018,0.007,-0.03,,,,,,,
4.34,5.589,19.697,0,0.03,0.007,-0.028,,,,,,,
4.36,5.493,19.544,-0.001,0.04,0.007,-0.028,,,,,,,
4.38,5.727,19.957,0,0.017,0.007,-0.028,,,,,,,
4.4,4.526,20.315,-0.026,0.004,0.005,-0.028,,,,,,,
4.42,3.9,20.451,-0.041,-0.001,0.005,-0.028,,,,,,,
4.44,4.724,19.846,-0.018,0.026,0.005,-0.026,,,,,,,
4.46,5.269,19.558,-0.004,0.04,0.005,-0.026,,,,,,,
4.48,5.683,19.945,0,0.018,0.005,-0.026,,,,,,,
4.5,5.831,20.204,0.001,0.004,0.005,-0.026,,,,,,,
4.52,5.856,20.298,0,0,0.005,-0.026,,,,,,,
4.54,5.852,20.32,0,-0.001,0.005,-0.026,,,,,,,
4.56,5.85,20.328,0,0,0.005,-0.026,,,,,,,
4.58,7.2,20.235,0.026,0,0.007,-0.026,,,,,,,
4.6,7.625,19.651,0.041,0.026,0.007,-0.024,,,,,,,
4.62,6.437,19.496,0.018,0.041,0.007,-0.024,,,,,,,
4.64,5.976,19.951,0.004,0.018,0.007,-0.024,,,,,,,
4.66,5.902,20.227,0,0.004,0.007,-0.024,,,,,,,
4.68,5.932,20.318,-0.001,0,0.007,-0.024,,,,,,,
4.7,5.964,20.337,0,-0.001,0.007,-0.024,,,,,,,
4.72,4.635,20.447,-0.026,0,0.005,-0.024,,,,,,,
4.74,3.97,20.505,-0.041,0,0.005,-0.024,,,,,,,
4.76,5.044,20.44,-0.018,0,0.005,-0.024,,,,,,,
4.78,5.72,20.406,-0.004,0,0.005,-0.024,,,,,,,
4.8,5.68,19.857,0,0.026,0.005,-0.023,,,,,,,
4.82,6.92,19.518,0.027,0.041,0.007,-0.023,,,,,,,
4.84,7.781,19.876,0.041,0.018,0.007,-0.023,,,,,,,
4.86,6.833,20.213,0.018,0.004,0.007,-0.023,,,,,,,
4.88,6.205,20.352,0.004,0,0.007,-0.023,,,,,,,
4.9,4.66,20.49,-0.027,-0.001,0.005,-0.023,,,,,,,
4.92,3.974,20.546,-0.041,0,0.005,-0.023,,,,,,,
4.94,4.812,19.927,-0.018,0.026,0.005,-0.021,,,,,,,
4.96,5.374,19.641,-0.004,0.041,0.005,-0.021,,,,,,,
4.98,5.795,20.029,0,0.018,0.005,-0.021,,,,,,,
5,5.944,20.287,0.001,0.004,0.005,-0.021,,,,,,,
5.02,5.968,20.377,0,0,0.005,-0.021,,,,,,,
5.04,5.962,20.396,0,-0.001,0.005,-0.021,,,,,,,
5.06,5.705,19.853,0,0.026,0.005,-0.019,,,,,,,
5.08,5.58,19.612,0,0.041,0.005,-0.019,,,,,,,
5.1,5.788,20.013,0,0.018,0.005,-0.019,,,,,,,
5.12,5.921,20.271,0,0.004,0.005,-0.019,,,,,,,
5.14,5.966,20.358,0,0,0.005,-0.019,,,,,,,
5.16,5.974,20.376,0,-0.001,0.005,-0.019,,,,,,,
5.18,5.721,19.83,0,0.026,0.005,-0.018,,,,,,,
5.2,5.597,19.589,0,0.041,0.005,-0.018,,,,,,,
5.22,5.803,19.989,0,0.018,0.005,-0.018,,,,,,,
5.24,5.936,20.245,0,0.004,0.005,-0.018,,,,,,,
5.26,5.98,20.332,0,0,0.005,-0.018,,,,,,,
5.28,5.989,20.348,0,-0.001,0.005,-0.018,,,,,,,
5.3,5.99,20.351,0,0,0.005,-0.018,,,,,,,
5.32,5.993,20.356,0,0,0.005,-0.018,,,,,,,
5.34,5.997,20.364,0,0,0.005,-0.018,,,,,,,
5.36,6.002,20.374,0,0,0.005,-0.018,,,,,,,
5.38,6.008,20.385,0,0,0.005,-0.018,,,,,,,
5.4,6.013,20.395,0,0,0.005,-0.018,,,,,,,
5.42,5.764,19.857,0,0.026,0.005,-0.016,,,,,,,
5.44,5.641,19.619,0,0.041,0.005,-0.016,,,,,,,
5.46,5.849,20.02,0,0.018,0.005,-0.016,,,,,,,
5.48,5.981,20.275,0,0.004,0.005,-0.016,,,,,,,
5.5,6.025,20.36,0,0,0.005,-0.016,,,,,,,
5.52,6.033,20.375,0,-0.001,0.005,-0.016,,,,,,,
5.54,6.034,20.377,0,0,0.005,-0.016,,,,,,,
5.56,6.037,20.381,0,0,0.005,-0.016,,,,,,,
5.58,6.041,20.388,0,0,0.005,-0.016,,,,,,,
5.6,6.046,20.397,0,0,0.005,-0.016,,,,,,,
5.62,6.051,20.407,0,0,0.005,-0.016,,,,,,,
5.64,6.056,20.416,0,0,0.005,-0.016,,,,,,,
5.66,6.061,20.425,0,0,0.005,-0.016,,,,,,,
5.68,6.066,20.434,0,0,0.005,-0.016,,,,,,,
5.7,6.071,20.443,0,0,0.005,-0.016,,,,,,,
5.72,6.076,20.452,0,0,0.005,-0.016,,,,,,,
5.74,5.827,19.913,0,0.026,0.005,-0.014,,,,,,,
5.76,5.704,19.674,0,0.041,0.005,-0.014,,,,,,,
5.78,5.911,20.074,0,0.018,0.005,-0.014,,,,,,,
5.8,6.043,20.328,0,0.004,0.005,-0.014,,,,,,,
5.82,6.087,20.412,0,0,0.005,-0.014,,,,,,,
5.84,6.095,20.426,0,-0.001,0.005,-0.014,,,,,,,
5.86,6.096,20.426,0,0,0.005,-0.014,,,,,,,
5.88,6.098,20.429,0,0,0.005,-0.014,,,,,,,
5.9,6.102,20.436,0,0,0.005,-0.014,,,,,,,
5.92,6.107,20.444,0,0,0.005,-0.014,,,,,,,
5.94,6.112,20.452,0,0,0.005,-0.014,,,,,,,
5.96,5.862,19.911,0,0.026,0.005,-0.012,,,,,,,
5.98,5.739,19.671,0,0.041,0.005,-0.012,,,,,,,
6,5.946,20.07,0,0.018,0.005,-0.012,,,,,,,
6.02,6.078,20.323,0,0.004,0.005,-0.012,,,,,,,
6.04,6.121,20.406,0,0,0.005,-0.012,,,,,,,
6.06,6.129,20.419,0,-0.001,0.005,-0.012,,,,,,,
6.08,6.13,20.418,0,0,0.005,-0.012,,,,,,,
6.1,5.877,19.872,0,0.026,0.005,-0.011,,,,,,,
6.12,5.753,19.629,0,0.041,0.005,-0.011,,,,,,,
6.14,5.96,20.027,0,0.018,0.005,-0.011,,,,,,,
6.16,6.091,20.279,0,0.004,0.005,-0.011,,,,,,,
6.18,6.135,20.361,0,0,0.005,-0.011,,,,,,,
6.2,6.142,20.373,0,-0.001,0.005,-0.011,,,,,,,
6.22,5.888,19.822,0,0.026,0.005,-0.009,,,,,,,
6.24,5.762,19.575,0,0.041,0.005,-0.009,,,,,,,
6.26,5.968,19.97,0,0.018,0.005,-0.009,,,,,,,
6.28,6.099,20.221,0,0.004,0.005,-0.009,,,,,,,
6.3,6.143,20.302,0,0,0.005,-0.009,,,,,,,
6.32,5.895,19.764,0,0.026,0.005,-0.007,,,,,,,
6.34,5.768,19.513,0,0.04,0.005,-0.007,,,,,,,
6.36,5.971,19.904,0,0.018,0.005,-0.007,,,,,,,
6.38,6.101,20.152,0,0.004,0.005,-0.007,,,,,,,
6.4,6.145,20.232,0,0,0.005,-0.007,,,,,,,
6.42,6.151,20.242,0,-0.001,0.005,-0.007,,,,,,,
6.44,6.151,20.238,0,0,0.005,-0.007,,,,,,,
6.46,5.898,19.688,0,0.026,0.005,-0.005,,,,,,,
6.48,5.774,19.442,0,0.041,0.005,-0.005,,,,,,,
6.5,5.979,19.836,0,0.018,0.005,-0.005,,,,,,,
6.52,6.11,20.085,0,0.004,0.005,-0.005,,,,,,,
6.54,6.153,20.164,0,0,0.005,-0.005,,,,,,,
6.56,6.16,20.173,0,-0.001,0.005,-0.005,,,,,,,
6.58,6.16,20.168,0,0,0.005,-0.005,,,,,,,
6.6,6.161,20.165,0,0,0.005,-0.005,,,,,,,
6.62,6.163,20.166,0,0,0.005,-0.005,,,,,,,
6.64,6.167,20.169,0,0,0.005,-0.005,,,,,,,
6.66,6.171,20.172,0,0,0.005,-0.005,,,,,,,
6.68,5.92,19.626,0,0.026,0.005,-0.004,,,,,,,
6.7,5.796,19.38,0,0.041,0.005,-0.004,,,,,,,
6.72,6.001,19.774,0,0.018,0.005,-0.004,,,,,,,
6.74,5.04,20.674,-0.026,-0.022,0.003,-0.005,,,,,,,
6.76,4.537,21.049,-0.041,-0.041,0.003,-0.005,,,,,,,
6.78,5.154,20.04,-0.018,0.008,0.003,-0.004,,,,,,,
6.8,5.823,20.041,-0.004,0.01,0.003,-0.005,,,,,,,
6.82,6.322,20.586,0,-0.022,0.003,-0.005,,,,,,,
6.84,6.007,19.886,0.001,0.013,0.003,-0.004,,,,,,,
6.86,5.777,19.48,0,0.037,0.003,-0.004,,,,,,,
6.88,5.934,19.809,0,0.018,0.003,-0.004,,,,,,,
6.9,6.053,20.045,0,0.004,0.003,-0.004,,,,,,,
6.92,6.096,20.126,0,0,0.003,-0.004,,,,,,,
6.94,6.104,20.137,0,-0.001,0.003,-0.004,,,,,,,
6.96,6.103,20.133,0,0,0.003,-0.004,,,,,,,
6.98,6.103,20.13,0,0,0.003,-0.004,,,,,,,
7,6.105,20.13,0,0,0.003,-0.004,,,,,,,
7.02,6.107,20.131,0,0,0.003,-0.004,,,,,,,
7.04,6.11,20.133,0,0,0.003,-0.004,,,,,,,
7.06,6.112,20.135,0,0,0.003,-0.004,,,,,,,
7.08,6.115,20.137,0,0,0.003,-0.004,,,,,,,
7.1,6.117,20.139,0,0,0.003,-0.004,,,,,,,
7.12,6.119,20.141,0,0,0.003,-0.004,,,,,,,
7.14,6.122,20.142,0,0,0.003,-0.004,,,,,,,
7.16,6.124,20.144,0,0,0.003,-0.004,,,,,,,
7.18,6.127,20.146,0,0,0.003,-0.004,,,,,,,
7.2,6.129,20.148,0,0,0.003,-0.004,,,,,,,
7.22,6.131,20.149,0,0,0.003,-0.004,,,,,,,
7.24,6.134,20.151,0,0,0.003,-0.004,,,,,,,
7.26,6.136,20.153,0,0,0.003,-0.004,,,,,,,
7.28,6.139,20.155,0,0,0.003,-0.004,,,,,,,
7.3,5.887,19.608,0,0.026,0.003,-0.002,,,,,,,
7.32,5.761,19.362,0,0.041,0.003,-0.002,,,,,,,
7.34,4.62,19.858,-0.026,0.018,0.002,-0.002,,,,,,,
7.36,4.075,20.154,-0.041,0.004,0.002,-0.002,,,,,,,
7.38,5.438,20.702,-0.018,-0.027,0.002,-0.004,,,,,,,
7.4,6.241,20.908,-0.004,-0.041,0.002,-0.004,,,,,,,
7.42,6.244,20.496,0,-0.018,0.002,-0.004,,,,,,,
7.44,7.478,20.141,0.027,-0.004,0.003,-0.004,,,,,,,
7.46,8.092,20.018,0.041,0,0.003,-0.004,,,,,,,
7.48,7.01,20.092,0.018,0.001,0.003,-0.004,,,,,,,
7.5,6.341,20.151,0.004,0,0.003,-0.004,,,,,,,
7.52,6.138,20.173,0,0,0.003,-0.004,,,,,,,
7.54,6.125,20.177,-0.001,0,0.003,-0.004,,,,,,,
7.56,6.149,20.178,0,0,0.003,-0.004,,,,,,,
7.58,5.911,19.63,0,0.026,0.003,-0.002,,,,,,,
7.6,5.79,19.383,0,0.041,0.003,-0.002,,,,,,,
7.62,4.649,19.88,-0.026,0.018,0.002,-0.002,,,,,,,
7.64,4.104,20.176,-0.041,0.004,0.002,-0.002,,,,,,,
7.66,5.212,20.175,-0.018,0,0.002,-0.002,,,,,,,
7.68,5.887,20.133,-0.004,-0.001,0.002,-0.002,,,,,,,
7.7,6.092,20.111,0,0,0.002,-0.002,,,,,,,
7.72,6.107,20.106,0.001,0,0.002,-0.002,,,,,,,
7.74,6.086,20.107,0,0,0.002,-0.002,,,,,,,
7.76,6.074,20.109,0,0,0.002,-0.002,,,,,,,
7.78,6.071,20.11,0,0,0.002,-0.002,,,,,,,
7.8,6.072,20.111,0,0,0.002,-0.002,,,,,,,
7.82,7.419,20.008,0.026,0,0.003,-0.002,,,,,,,
7.84,8.095,19.96,0.041,0,0.003,-0.002,,,,,,,
7.86,7.029,20.038,0.018,0,0.003,-0.002,,,,,,,
7.88,6.36,20.087,0.004,0,0.003,-0.002,,,,,,,
7.9,6.154,20.103,0,0,0.003,-0.002,,,,,,,
7.92,6.14,20.105,-0.001,0,0.003,-0.002,,,,,,,
7.94,6.164,20.104,0,0,0.003,-0.002,,,,,,,
7.96,4.834,20.208,-0.026,0,0.002,-0.002,,,,,,,
7.98,4.166,20.258,-0.041,0,0.002,-0.002,,,,,,,
8,5.236,20.181,-0.018,0,0.002,-0.002,,,,,,,
8.02,5.907,20.133,-0.004,0,0.002,-0.002,,,,,,,
8.04,6.116,20.119,0,0,0.002,-0.002,,,,,,,
8.06,6.134,20.118,0.001,0,0.002,-0.002,,,,,,,
8.08,6.114,20.121,0,0,0.002,-0.002,,,,,,,
8.1,6.101,20.123,0,0,0.002,-0.002,,,,,,,
8.12,6.098,20.124,0,0,0.002,-0.002,,,,,,,
8.14,6.353,20.674,0,-0.026,0.002,-0.004,,,,,,,
8.16,6.483,20.922,0,-0.041,0.002,-0.004,,,,,,,
8.18,6.028,19.984,0,0.008,0.002,-0.002,,,,,,,
8.2,5.775,19.492,0,0.037,0.002,-0.002,,,,,,,
8.22,5.939,19.808,0,0.019,0.002,-0.002,,,,,,,
8.24,7.41,19.945,0.026,0.005,0.003,-0.002,,,,,,,
8.26,8.128,19.981,0.041,0,0.003,-0.002,,,,,,,
8.28,7.068,20.07,0.018,-0.001,0.003,-0.002,,,,,,,
8.3,6.396,20.114,0.004,0,0.003,-0.002,,,,,,,
8.32,6.188,20.125,0,0,0.003,-0.002,,,,,,,
8.34,6.173,20.125,-0.001,0,0.003,-0.002,,,,,,,
8.36,4.596,19.679,-0.027,0.026,0.002,0,,,,,,,
8.38,3.81,19.48,-0.041,0.041,0.002,0,,,,,,,
8.4,5.086,19.794,-0.018,0.018,0.002,0,,,,,,,
8.42,5.885,19.991,-0.004,0.004,0.002,0,,,,,,,
8.44,6.133,20.052,0,0,0.002,0,,,,,,,
8.46,6.153,20.056,0.001,-0.001,0.002,0,,,,,,,
8.48,6.129,20.05,0,0,0.002,0,,,,,,,
8.5,6.113,20.046,0,0,0.002,0,,,,,,,
8.52,6.109,20.045,0,0,0.002,0,,,,,,,
8.54,6.11,20.044,0,0,0.002,0,,,,,,,
8.56,6.111,20.044,0,0,0.002,0,,,,,,,
8.58,5.858,19.495,0,0.026,0.002,0.002,,,,,,,
8.6,5.732,19.247,0,0.041,0.002,0.002,,,,,,,
8.62,5.935,19.638,0,0.018,0.002,0.002,,,,,,,
8.64,6.062,19.883,0,0.004,0.002,0.002,,,,,,,
8.66,6.102,19.958,0,0,0.002,0.002,,,,,,,
8.68,6.106,19.962,0,-0.001,0.002,0.002,,,,,,,
8.7,6.103,19.953,0,0,0.002,0.002,,,,,,,
8.72,6.101,19.947,0,0,0.002,0.002,,,,,,,
8.74,6.101,19.944,0,0,0.002,0.002,,,,,,,
8.76,6.102,19.943,0,0,0.002,0.002,,,,,,,
8.78,6.103,19.942,0,0,0.002,0.002,,,,,,,
8.8,6.103,19.941,0,0,0.002,0.002,,,,,,,
8.82,6.104,19.939,0,0,0.002,0.002,,,,,,,
8.84,5.85,19.389,0,0.026,0.002,0.003,,,,,,,
8.86,5.723,19.14,0,0.041,0.002,0.003,,,,,,,
8.88,5.926,19.53,0,0.018,0.002,0.003,,,,,,,
8.9,6.054,19.773,0,0.004,0.002,0.003,,,,,,,
8.92,6.094,19.847,0,0,0.002,0.003,,,,,,,
8.94,6.097,19.851,0,-0.001,0.002,0.003,,,,,,,
8.96,6.094,19.841,0,0,0.002,0.003,,,,,,,
8.98,6.092,19.834,0,0,0.002,0.003,,,,,,,
9,6.091,19.83,0,0,0.002,0.003,,,,,,,
9.02,6.092,19.827,0,0,0.002,0.003,,,,,,,
9.04,6.092,19.825,0,0,0.002,0.003,,,,,,,
9.06,6.093,19.823,0,0,0.002,0.003,,,,,,,
9.08,6.093,19.82,0,0,0.002,0.003,,,,,,,
9.1,6.094,19.818,0,0,0.002,0.003,,,,,,,
9.12,6.094,19.816,0,0,0.002,0.003,,,,,,,
9.14,6.095,19.813,0,0,0.002,0.003,,,,,,,
9.16,6.095,19.811,0,0,0.002,0.003,,,,,,,
9.18,5.842,19.26,0,0.026,0.002,0.005,,,,,,,
9.2,5.714,19.01,0,0.041,0.002,0.005,,,,,,,
9.22,5.917,19.398,0,0.018,0.002,0.005,,,,,,,
9.24,6.044,19.641,0,0.004,0.002,0.005,,,,,,,
9.26,6.084,19.714,0,0,0.002,0.005,,,,,,,
9.28,6.342,20.265,0,-0.027,0.002,0.003,,,,,,,
9.3,6.466,20.502,0,-0.041,0.002,0.003,,,,,,,
9.32,6.261,20.103,0,-0.018,0.002,0.003,,,,,,,
9.34,6.134,19.853,0,-0.004,0.002,0.003,,,,,,,
9.36,6.095,19.774,0,0,0.002,0.003,,,,,,,
9.38,4.747,19.87,-0.026,0.001,0,0.003,,,,,,,
9.4,4.077,19.925,-0.041,0,0,0.003,,,,,,,
9.42,5.148,19.85,-0.018,0,0,0.003,,,,,,,
9.44,5.819,19.8,-0.004,0,0,0.003,,,,,,,
9.46,6.026,19.783,0,0,0,0.003,,,,,,,
9.48,5.787,19.231,0.001,0.026,0,0.005,,,,,,,
9.5,5.638,18.983,0,0.041,0,0.005,,,,,,,
9.52,5.826,19.372,0,0.018,0,0.005,,,,,,,
9.54,5.948,19.615,0,0.004,0,0.005,,,,,,,
9.56,5.986,19.688,0,0,0,0.005,,,,,,,
9.58,5.989,19.691,0,-0.001,0,0.005,,,,,,,
9.6,5.985,19.68,0,0,0,0.005,,,,,,,
9.62,5.982,19.672,0,0,0,0.005,,,,,,,
9.64,5.98,19.667,0,0,0,0.005,,,,,,,
9.66,5.979,19.664,0,0,0,0.005,,,,,,,
9.68,5.724,19.112,0,0.026,0,0.007,,,,,,,
9.7,5.596,18.861,0,0.041,0,0.007,,,,,,,
9.72,5.797,19.249,0,0.018,0,0.007,,,,,,,
9.74,6.178,20.039,0,-0.022,0,0.005,,,,,,,
9.76,6.09,19.81,0,-0.015,0,0.007,,,,,,,
9.78,5.762,19.173,0,0.022,0,0.007,,,,,,,
9.8,5.832,19.307,0,0.014,0,0.007,,,,,,,
9.82,6.171,20.016,0,-0.022,0,0.005,,,,,,,
9.84,6.333,20.329,0,-0.04,0,0.005,,,,,,,
9.86,6.137,19.947,0,-0.018,0,0.005,,,,,,,
9.88,6.008,19.695,0,-0.004,0,0.005,,,,,,,
9.9,5.966,19.613,0,0,0,0.005,,,,,,,
9.92,5.962,19.602,0,0.001,0,0.005,,,,,,,
9.94,4.619,19.71,-0.026,0,-0.002,0.005,,,,,,,
9.96,3.947,19.761,-0.041,0,-0.002,0.005,,,,,,,
9.98,5.014,19.682,-0.018,0,-0.002,0.005,,,,,,,
10,5.684,19.631,-0.004,0,-0.002,0.005,,,,,,,
10.02,5.89,19.613,0,0,-0.002,0.005,,,,,,,
10.04,5.65,19.06,0.001,0.026,-0.002,0.007,,,,,,,
10.06,5.499,18.81,0,0.041,-0.002,0.007,,,,,,,
10.08,5.686,19.199,0,0.018,-0.002,0.007,,,,,,,
10.1,5.807,19.441,0,0.004,-0.002,0.007,,,,,,,
10.12,5.844,19.513,0,0,-0.002,0.007,,,,,,,
10.14,5.846,19.515,0,-0.001,-0.002,0.007,,,,,,,
10.16,5.84,19.503,0,0,-0.002,0.007,,,,,,,
10.18,4.49,19.598,-0.026,0,-0.003,0.007,,,,,,,
10.2,3.813,19.642,-0.041,0,-0.003,0.007,,,,,,,
10.22,4.878,19.56,-0.018,0,-0.003,0.007,,,,,,,
10.24,5.546,19.508,-0.004,0,-0.003,0.007,,,,,,,
10.26,5.752,19.489,0,0,-0.003,0.007,,,,,,,
10.28,5.765,19.484,0.001,0,-0.003,0.007,,,,,,,
10.3,5.741,19.482,0,0,-0.003,0.007,,,,,,,
10.32,5.724,19.479,0,0,-0.003,0.007,,,,,,,
10.34,5.717,19.475,0,0,-0.003,0.007,,,,,,,
10.36,5.714,19.471,0,0,-0.003,0.007,,,,,,,
10.38,5.712,19.467,0,0,-0.003,0.007,,,,,,,
10.4,4.363,19.568,-0.026,0,-0.005,0.007,,,,,,,
10.42,3.686,19.613,-0.041,0,-0.005,0.007,,,,,,,
10.44,4.751,19.532,-0.018,0,-0.005,0.007,,,,,,,
10.46,5.418,19.479,-0.004,0,-0.005,0.007,,,,,,,
10.48,5.622,19.461,0,0,-0.005,0.007,,,,,,,
10.5,5.634,19.456,0.001,0,-0.005,0.007,,,,,,,
10.52,5.609,19.454,0,0,-0.005,0.007,,,,,,,
10.54,5.592,19.451,0,0,-0.005,0.007,,,,,,,
10.56,5.584,19.448,0,0,-0.005,0.007,,,,,,,
10.58,5.58,19.444,0,0,-0.005,0.007,,,,,,,
10.6,5.576,19.44,0,0,-0.005,0.007,,,,,,,
10.62,4.227,19.541,-0.026,0,-0.007,0.007,,,,,,,
10.64,3.549,19.586,-0.041,0,-0.007,0.007,,,,,,,
10.66,4.867,20.054,-0.018,-0.026,-0.007,0.005,,,,,,,
10.68,5.66,20.25,-0.004,-0.041,-0.007,0.005,,,,,,,
10.7,5.662,19.84,0,-0.018,-0.007,0.005,,,,,,,
10.72,5.546,19.591,0.001,-0.004,-0.007,0.005,,,,,,,
10.74,5.481,19.514,0,0,-0.007,0.005,,,,,,,
10.76,5.46,19.506,0,0.001,-0.007,0.005,,,,,,,
10.78,5.201,18.963,0,0.027,-0.007,0.007,,,,,,,
10.8,5.071,18.718,0,0.041,-0.007,0.007,,,,,,,
10.82,5.269,19.108,0,0.018,-0.007,0.007,,,,,,,
10.84,5.392,19.351,0,0.004,-0.007,0.007,,,,,,,
10.86,5.427,19.423,0,0,-0.007,0.007,,,,,,,
10.88,5.425,19.426,0,-0.001,-0.007,0.007,,,,,,,
10.9,5.416,19.415,0,0,-0.007,0.007,,,,,,,
10.92,5.409,19.406,0,0,-0.007,0.007,,,,,,,
10.94,5.403,19.401,0,0,-0.007,0.007,,,,,,,
10.96,5.398,19.398,0,0,-0.007,0.007,,,,,,,
10.98,5.393,19.394,0,0,-0.007,0.007,,,,,,,
11,4.043,19.495,-0.026,0,-0.009,0.007,,,,,,,
11.02,3.364,19.541,-0.041,0,-0.009,0.007,,,,,,,
11.04,4.427,19.46,-0.018,0,-0.009,0.007,,,,,,,
11.06,5.091,19.408,-0.004,0,-0.009,0.007,,,,,,,
11.08,5.294,19.39,0,0,-0.009,0.007,,,,,,,
11.1,5.559,19.934,0.001,-0.026,-0.009,0.005,,,,,,,
11.12,5.659,20.18,0,-0.041,-0.009,0.005,,,,,,,
11.14,5.438,19.787,0,-0.018,-0.009,0.005,,,,,,,
11.16,5.301,19.539,0,-0.004,-0.009,0.005,,,,,,,
11.18,5.256,19.461,0,0,-0.009,0.005,,,,,,,
11.2,5.248,19.453,0,0.001,-0.009,0.005,,,,,,,
11.22,5.246,19.458,0,0,-0.009,0.005,,,,,,,
11.24,6.589,19.357,0.026,0,-0.007,0.005,,,,,,,
11.26,7.259,19.307,0.041,0,-0.007,0.005,,,,,,,
11.28,6.186,19.383,0.018,0,-0.007,0.005,,,,,,,
11.3,5.511,19.429,0.004,0,-0.007,0.005,,,,,,,
11.32,5.298,19.442,0,0,-0.007,0.005,,,,,,,
11.34,5.277,19.441,-0.001,0,-0.007,0.005,,,,,,,
11.36,3.948,19.541,-0.027,0,-0.009,0.005,,,,,,,
11.38,3.283,19.587,-0.041,0,-0.009,0.005,,,,,,,
11.4,4.35,19.506,-0.018,0,-0.009,0.005,,,,,,,
11.42,5.016,19.456,-0.004,0,-0.009,0.005,,,,,,,
11.44,5.472,19.987,0,-0.026,-0.009,0.003,,,,,,,
11.46,5.61,20.232,0.001,-0.041,-0.009,0.003,,,,,,,
11.48,5.381,19.84,0,-0.018,-0.009,0.003,,,,,,,
11.5,5.235,19.594,0,-0.004,-0.009,0.003,,,,,,,
11.52,6.532,19.413,0.026,0,-0.007,0.003,,,,,,,
11.54,7.198,19.357,0.041,0.001,-0.007,0.003,,,,,,,
11.56,5.875,18.892,0.018,0.027,-0.007,0.005,,,,,,,
11.58,5.075,18.697,0.004,0.041,-0.007,0.005,,,,,,,
11.6,5.066,19.103,0,0.018,-0.007,0.005,,,,,,,
11.62,5.172,19.348,-0.001,0.004,-0.007,0.005,,,,,,,
11.64,5.228,19.42,0,0,-0.007,0.005,,,,,,,
11.66,5.24,19.423,0,-0.001,-0.007,0.005,,,,,,,
11.68,5.236,19.412,0,0,-0.007,0.005,,,,,,,
11.7,5.229,19.405,0,0,-0.007,0.005,,,,,,,
11.72,5.223,19.401,0,0,-0.007,0.005,,,,,,,
11.74,5.218,19.399,0,0,-0.007,0.005,,,,,,,
11.76,5.214,19.396,0,0,-0.007,0.005,,,,,,,
11.78,5.209,19.394,0,0,-0.007,0.005,,,,,,,
11.8,3.859,19.496,-0.026,0,-0.009,0.005,,,,,,,
11.82,3.18,19.543,-0.041,0,-0.009,0.005,,,,,,,
11.84,4.243,19.463,-0.018,0,-0.009,0.005,,,,,,,
11.86,4.908,19.412,-0.004,0,-0.009,0.005,,,,,,,
11.88,5.111,19.395,0,0,-0.009,0.005,,,,,,,
11.9,5.121,19.391,0.001,0,-0.009,0.005,,,,,,,
11.92,5.095,19.391,0,0,-0.009,0.005,,,,,,,
11.94,6.421,19.285,0.026,0,-0.007,0.005,,,,,,,
11.96,7.086,19.234,0.041,0,-0.007,0.005,,,,,,,
11.98,6.267,19.859,0.018,-0.026,-0.007,0.003,,,,,,,
12,5.72,20.153,0.004,-0.041,-0.007,0.003,,,,,,,
12.02,5.305,19.775,0,-0.018,-0.007,0.003,,,,,,,
12.04,5.158,19.529,-0.001,-0.004,-0.007,0.003,,,,,,,
12.06,5.135,19.45,0,0,-0.007,0.003,,,,,,,
12.08,5.141,19.441,0,0.001,-0.007,0.003,,,,,,,
12.1,5.4,19.996,0,-0.026,-0.007,0.002,,,,,,,
12.12,5.526,20.248,0,-0.041,-0.007,0.002,,,,,,,
12.14,5.32,19.858,0,-0.018,-0.007,0.002,,,,,,,
12.16,3.843,19.716,-0.026,-0.004,-0.009,0.002,,,,,,,
12.18,3.125,19.688,-0.041,0,-0.009,0.002,,,,,,,
12.2,4.186,19.604,-0.018,0.001,-0.009,0.002,,,,,,,
12.22,4.855,19.563,-0.004,0,-0.009,0.002,,,,,,,
12.24,5.061,19.553,0,0,-0.009,0.002,,,,,,,
12.26,6.418,19.45,0.027,0,-0.007,0.002,,,,,,,
12.28,7.066,19.402,0.041,0,-0.007,0.002,,,,,,,
12.3,5.98,19.48,0.018,0,-0.007,0.002,,,,,,,
12.32,5.301,19.529,0.004,0,-0.007,0.002,,,,,,,
12.34,5.089,19.544,0,0,-0.007,0.002,,,,,,,
12.36,5.069,19.545,-0.001,0,-0.007,0.002,,,,,,,
12.38,5.086,19.543,0,0,-0.007,0.002,,,,,,,
12.4,5.096,19.542,0,0,-0.007,0.002,,,,,,,
12.42,5.096,19.542,0,0,-0.007,0.002,,,,,,,
12.44,5.092,19.541,0,0,-0.007,0.002,,,,,,,
12.46,5.088,19.541,0,0,-0.007,0.002,,,,,,,
12.48,5.083,19.541,0,0,-0.007,0.002,,,,,,,
12.5,3.733,19.645,-0.026,0,-0.009,0.002,,,,,,,
12.52,3.055,19.694,-0.041,0,-0.009,0.002,,,,,,,
12.54,4.119,19.616,-0.018,0,-0.009,0.002,,,,,,,
12.56,4.784,19.568,-0.004,0,-0.009,0.002,,,,,,,
12.58,4.987,19.552,0,0,-0.009,0.002,,,,,,,
12.6,4.998,19.551,0.001,0,-0.009,0.002,,,,,,,
12.62,4.972,19.553,0,0,-0.009,0.002,,,,,,,
12.64,4.953,19.554,0,0,-0.009,0.002,,,,,,,
12.66,4.944,19.554,0,0,-0.009,0.002,,,,,,,
12.68,4.939,19.554,0,0,-0.009,0.002,,,,,,,
12.7,4.934,19.554,0,0,-0.009,0.002,,,,,,,
12.72,6.275,19.45,0.026,0,-0.007,0.002,,,,,,,
12.74,6.944,19.401,0.041,0,-0.007,0.002,,,,,,,
12.76,5.872,19.478,0.018,0,-0.007,0.002,,,,,,,
12.78,5.197,19.527,0.004,0,-0.007,0.002,,,,,,,
12.8,4.985,19.542,0,0,-0.007,0.002,,,,,,,
12.82,4.965,19.543,-0.001,0,-0.007,0.002,,,,,,,
12.84,4.982,19.541,0,0,-0.007,0.002,,,,,,,
12.86,4.991,19.54,0,0,-0.007,0.002,,,,,,,
12.88,4.991,19.539,0,0,-0.007,0.002,,,,,,,
12.9,3.642,19.643,-0.026,0,-0.009,0.002,,,,,,,
12.92,2.963,19.692,-0.041,0,-0.009,0.002,,,,,,,
12.94,4.026,19.615,-0.018,0,-0.009,0.002,,,,,,,
12.96,4.946,20.115,-0.004,-0.026,-0.009,0,,,,,,,
12.98,5.277,20.347,0,-0.041,-0.009,0,,,,,,,
13,5.086,19.956,0.001,-0.018,-0.009,0,,,,,,,
13.02,4.933,19.712,0,-0.004,-0.009,0,,,,,,,
13.04,4.875,19.638,0,0,-0.009,0,,,,,,,
13.06,4.863,19.633,0,0.001,-0.009,0,,,,,,,
13.08,6.208,19.538,0.026,0,-0.007,0,,,,,,,
13.1,6.625,18.946,0.041,0.026,-0.007,0.002,,,,,,,
13.12,5.427,18.779,0.018,0.041,-0.007,0.002,,,,,,,
13.14,4.954,19.219,0.004,0.018,-0.007,0.002,,,,,,,
13.16,4.869,19.48,0,0.004,-0.007,0.002,,,,,,,
13.18,4.888,19.557,-0.001,0,-0.007,0.002,,,,,,,
13.2,4.908,19.561,0,-0.001,-0.007,0.002,,,,,,,
13.22,4.914,19.552,0,0,-0.007,0.002,,,,,,,
13.24,4.912,19.547,0,0,-0.007,0.002,,,,,,,
13.26,4.907,19.545,0,0,-0.007,0.002,,,,,,,
13.28,4.902,19.545,0,0,-0.007,0.002,,,,,,,
13.3,4.898,19.545,0,0,-0.007,0.002,,,,,,,
13.32,4.894,19.544,0,0,-0.007,0.002,,,,,,,
13.34,4.89,19.544,0,0,-0.007,0.002,,,,,,,
13.36,4.886,19.544,0,0,-0.007,0.002,,,,,,,
13.38,4.882,19.544,0,0,-0.007,0.002,,,,,,,
13.4,4.878,19.544,0,0,-0.007,0.002,,,,,,,
13.42,4.874,19.544,0,0,-0.007,0.002,,,,,,,
13.44,4.87,19.543,0,0,-0.007,0.002,,,,,,,
13.46,4.865,19.543,0,0,-0.007,0.002,,,,,,,
13.48,4.861,19.543,0,0,-0.007,0.002,,,,,,,
13.5,4.857,19.543,0,0,-0.007,0.002,,,,,,,
13.52,4.853,19.543,0,0,-0.007,0.002,,,,,,,
13.54,4.849,19.542,0,0,-0.007,0.002,,,,,,,
13.56,4.845,19.542,0,0,-0.007,0.002,,,,,,,
13.58,4.841,19.542,0,0,-0.007,0.002,,,,,,,
13.6,4.837,19.542,0,0,-0.007,0.002,,,,,,,
13.62,4.833,19.542,0,0,-0.007,0.002,,,,,,,
13.64,4.829,19.541,0,0,-0.007,0.002,,,,,,,
13.66,4.825,19.541,0,0,-0.007,0.002,,,,,,,
13.68,4.821,19.541,0,0,-0.007,0.002,,,,,,,
13.7,4.816,19.541,0,0,-0.007,0.002,,,,,,,
13.72,4.812,19.541,0,0,-0.007,0.002,,,,,,,
13.74,4.808,19.54,0,0,-0.007,0.002,,,,,,,
13.76,4.804,19.54,0,0,-0.007,0.002,,,,,,,
13.78,4.8,19.54,0,0,-0.007,0.002,,,,,,,
13.8,4.796,19.54,0,0,-0.007,0.002,,,,,,,
13.82,4.792,19.54,0,0,-0.007,0.002,,,,,,,
13.84,4.788,19.539,0,0,-0.007,0.002,,,,,,,
13.86,4.784,19.539,0,0,-0.007,0.002,,,,,,,
13.88,4.78,19.539,0,0,-0.007,0.002,,,,,,,
13.9,4.776,19.539,0,0,-0.007,0.002,,,,,,,
13.92,4.772,19.539,0,0,-0.007,0.002,,,,,,,
13.94,4.767,19.538,0,0,-0.007,0.002,,,,,,,
13.96,4.763,19.538,0,0,-0.007,0.002,,,,,,,
13.98,4.759,19.538,0,0,-0.007,0.002,,,,,,,
14,4.755,19.538,0,0,-0.007,0.002,,,,,,,
14.02,4.751,19.538,0,0,-0.007,0.002,,,,,,,
14.04,4.747,19.537,0,0,-0.007,0.002,,,,,,,
14.06,4.743,19.537,0,0,-0.007,0.002,,,,,,,
14.08,4.739,19.537,0,0,-0.007,0.002,,,,,,,
14.1,4.735,19.537,0,0,-0.007,0.002,,,,,,,
14.12,4.731,19.537,0,0,-0.007,0.002,,,,,,,
14.14,4.727,19.536,0,0,-0.007,0.002,,,,,,,
14.16,4.722,19.536,0,0,-0.007,0.002,,,,,,,
14.18,4.718,19.536,0,0,-0.007,0.002,,,,,,,
14.2,4.714,19.536,0,0,-0.007,0.002,,,,,,,
14.22,4.71,19.536,0,0,-0.007,0.002,,,,,,,
14.24,4.706,19.535,0,0,-0.007,0.002,,,,,,,
14.26,4.702,19.535,0,0,-0.007,0.002,,,,,,,
14.28,4.698,19.535,0,0,-0.007,0.002,,,,,,,
14.3,4.694,19.535,0,0,-0.007,0.002,,,,,,,
14.32,4.69,19.535,0,0,-0.007,0.002,,,,,,,
14.34,4.686,19.534,0,0,-0.007,0.002,,,,,,,
14.36,4.682,19.534,0,0,-0.007,0.002,,,,,,,
14.38,4.678,19.534,0,0,-0.007,0.002,,,,,,,
14.4,4.673,19.534,0,0,-0.007,0.002,,,,,,,
14.42,4.669,19.534,0,0,-0.007,0.002,,,,,,,
14.44,4.665,19.533,0,0,-0.007,0.002,,,,,,,
14.46,4.661,19.533,0,0,-0.007,0.002,,,,,,,
14.48,4.657,19.533,0,0,-0.007,0.002,,,,,,,
14.5,4.653,19.533,0,0,-0.007,0.002,,,,,,,
14.52,4.649,19.533,0,0,-0.007,0.002,,,,,,,
14.54,4.645,19.532,0,0,-0.007,0.002,,,,,,,
14.56,4.641,19.532,0,0,-0.007,0.002,,,,,,,
14.58,4.637,19.532,0,0,-0.007,0.002,,,,,,,
14.6,4.633,19.532,0,0,-0.007,0.002,,,,,,,
14.62,4.629,19.532,0,0,-0.007,0.002,,,,,,,
14.64,4.624,19.531,0,0,-0.007,0.002,,,,,,,
14.66,4.62,19.531,0,0,-0.007,0.002,,,,,,,
14.68,4.616,19.531,0,0,-0.007,0.002,,,,,,,
14.7,4.612,19.531,0,0,-0.007,0.002,,,,,,,
14.72,4.608,19.531,0,0,-0.007,0.002,,,,,,,
14.74,4.604,19.53,0,0,-0.007,0.002,,,,,,,
14.76,4.6,19.53,0,0,-0.007,0.002,,,,,,,
14.78,4.596,19.53,0,0,-0.007,0.002,,,,,,,
14.8,4.592,19.53,0,0,-0.007,0.002,,,,,,,
14.82,4.588,19.53,0,0,-0.007,0.002,,,,,,,
14.84,4.584,19.529,0,0,-0.007,0.002,,,,,,,
14.86,5.925,19.425,0.026,0,-0.005,0.002,,,,,,,
14.88,6.595,19.376,0.041,0,-0.005,0.002,,,,,,,
14.9,5.524,19.453,0.018,0,-0.005,0.002,,,,,,,
14.92,4.85,19.501,0.004,0,-0.005,0.002,,,,,,,
14.94,4.639,19.516,0,0,-0.005,0.002,,,,,,,
14.96,4.62,19.517,-0.001,0,-0.005,0.002,,,,,,,
14.98,4.638,19.515,0,0,-0.005,0.002,,,,,,,
15,4.648,19.514,0,0,-0.005,0.002,,,,,,,
15.02,4.649,19.513,0,0,-0.005,0.002,,,,,,,
15.04,4.647,19.512,0,0,-0.005,0.002,,,,,,,
15.06,4.643,19.512,0,0,-0.005,0.002,,,,,,,
15.08,4.64,19.512,0,0,-0.005,0.002,,,,,,,
15.1,4.636,19.511,0,0,-0.005,0.002,,,,,,,
15.12,4.633,19.511,0,0,-0.005,0.002,,,,,,,
15.14,4.63,19.51,0,0,-0.005,0.002,,,,,,,
15.16,4.627,19.51,0,0,-0.005,0.002,,,,,,,
15.18,4.624,19.51,0,0,-0.005,0.002,,,,,,,
15.2,4.621,19.509,0,0,-0.005,0.002,,,,,,,
15.22,4.618,19.509,0,0,-0.005,0.002,,,,,,,
15.24,4.615,19.508,0,0,-0.005,0.002,,,,,,,
15.26,4.611,19.508,0,0,-0.005,0.002,,,,,,,
15.28,4.608,19.508,0,0,-0.005,0.002,,,,,,,
15.3,4.86,20.056,0,-0.026,-0.005,0,,,,,,,
15.32,4.984,20.303,0,-0.041,-0.005,0,,,,,,,
15.34,4.525,19.364,0,0.008,-0.005,0.002,,,,,,,
15.36,4.521,19.419,0,0.01,-0.005,0,,,,,,,
15.38,4.554,19.433,0,0.004,-0.005,0.002,,,,,,,
15.4,4.346,19.034,0,0.027,-0.005,0.002,,,,,,,
15.42,4.461,19.264,0,0.014,-0.005,0.002,,,,,,,
15.44,4.551,19.444,0,0.004,-0.005,0.002,,,,,,,
15.46,4.581,19.508,0,0,-0.005,0.002,,,,,,,
15.48,4.583,19.516,0,-0.001,-0.005,0.002,,,,,,,
15.5,4.577,19.511,0,0,-0.005,0.002,,,,,,,
15.52,4.572,19.507,0,0,-0.005,0.002,,,,,,,
15.54,4.568,19.505,0,0,-0.005,0.002,,,,,,,
15.56,4.565,19.505,0,0,-0.005,0.002,,,,,,,
15.58,4.308,18.956,0,0.026,-0.005,0.003,,,,,,,
15.6,4.177,18.708,0,0.041,-0.005,0.003,,,,,,,
15.62,4.376,19.098,0,0.018,-0.005,0.003,,,,,,,
15.64,4.5,19.342,0,0.004,-0.005,0.003,,,,,,,
15.66,4.536,19.417,0,0,-0.005,0.003,,,,,,,
15.68,4.535,19.422,0,-0.001,-0.005,0.003,,,,,,,
15.7,4.528,19.413,0,0,-0.005,0.003,,,,,,,
15.72,4.522,19.406,0,0,-0.005,0.003,,,,,,,
15.74,4.518,19.403,0,0,-0.005,0.003,,,,,,,
15.76,4.514,19.401,0,0,-0.005,0.003,,,,,,,
15.78,4.511,19.4,0,0,-0.005,0.003,,,,,,,
15.8,4.508,19.399,0,0,-0.005,0.003,,,,,,,
15.82,4.505,19.397,0,0,-0.005,0.003,,,,,,,
15.84,4.756,19.944,0,-0.026,-0.005,0.002,,,,,,,
15.86,4.88,20.191,0,-0.041,-0.005,0.002,,,,,,,
15.88,4.674,19.799,0,-0.018,-0.005,0.002,,,,,,,
15.9,4.544,19.552,0,-0.004,-0.005,0.002,,,,,,,
15.92,4.502,19.475,0,0,-0.005,0.002,,,,,,,
15.94,4.496,19.469,0,0.001,-0.005,0.002,,,,,,,
15.96,4.497,19.476,0,0,-0.005,0.002,,,,,,,
15.98,4.75,20.03,0,-0.026,-0.005,0,,,,,,,
16,4.876,20.279,0,-0.041,-0.005,0,,,,,,,
16.02,4.671,19.888,0,-0.018,-0.005,0,,,,,,,
16.04,4.541,19.642,0,-0.004,-0.005,0,,,,,,,
16.06,4.244,19.018,0,0.027,-0.005,0.002,,,,,,,
16.08,4.11,18.765,0,0.041,-0.005,0.002,,,,,,,
16.1,3.222,19.817,-0.026,-0.008,-0.007,0,,,,,,,
16.12,2.548,19.816,-0.041,-0.01,-0.007,0.002,,,,,,,
16.14,3.322,19.177,-0.018,0.022,-0.007,0.002,,,,,,,
16.16,4.067,19.28,-0.004,0.013,-0.007,0.002,,,,,,,
16.18,4.355,19.426,0,0.004,-0.007,0.002,,,,,,,
16.2,4.401,19.49,0.001,0,-0.007,0.002,,,,,,,
16.22,4.382,19.504,0,0,-0.007,0.002,,,,,,,
16.24,4.363,19.502,0,0,-0.007,0.002,,,,,,,
16.26,4.352,19.498,0,0,-0.007,0.002,,,,,,,
16.28,5.693,19.393,0.026,0,-0.005,0.002,,,,,,,
16.3,6.363,19.343,0.041,0,-0.005,0.002,,,,,,,
16.32,5.292,19.42,0.018,0,-0.005,0.002,,,,,,,
16.34,4.619,19.469,0.004,0,-0.005,0.002,,,,,,,
16.36,4.407,19.484,0,0,-0.005,0.002,,,,,,,
16.38,4.388,19.484,-0.001,0,-0.005,0.002,,,,,,,
16.4,4.406,19.482,0,0,-0.005,0.002,,,,,,,
16.42,4.417,19.481,0,0,-0.005,0.002,,,,,,,
16.44,4.418,19.48,0,0,-0.005,0.002,,,,,,,
16.46,4.415,19.48,0,0,-0.005,0.002,,,,,,,
16.48,4.412,19.48,0,0,-0.005,0.002,,,,,,,
16.5,4.663,20.028,0,-0.026,-0.005,0,,,,,,,
16.52,4.787,20.275,0,-0.041,-0.005,0,,,,,,,
16.54,4.582,19.884,0,-0.018,-0.005,0,,,,,,,
16.56,4.452,19.639,0,-0.004,-0.005,0,,,,,,,
16.58,4.41,19.563,0,0,-0.005,0,,,,,,,
16.6,4.404,19.558,0,0.001,-0.005,0,,,,,,,
16.62,4.405,19.566,0,0,-0.005,0,,,,,,,
16.64,4.405,19.572,0,0,-0.005,0,,,,,,,
16.66,4.402,19.574,0,0,-0.005,0,,,,,,,
16.68,4.4,19.575,0,0,-0.005,0,,,,,,,
16.7,4.397,19.576,0,0,-0.005,0,,,,,,,
16.72,4.139,19.028,0,0.026,-0.005,0.002,,,,,,,
16.74,4.009,18.78,0,0.041,-0.005,0.002,,,,,,,
16.76,4.208,19.172,0,0.018,-0.005,0.002,,,,,,,
16.78,4.332,19.417,0,0.004,-0.005,0.002,,,,,,,
16.8,4.368,19.493,0,0,-0.005,0.002,,,,,,,
16.82,4.368,19.499,0,-0.001,-0.005,0.002,,,,,,,
16.84,4.361,19.491,0,0,-0.005,0.002,,,,,,,
16.86,4.355,19.485,0,0,-0.005,0.002,,,,,,,
16.88,4.351,19.483,0,0,-0.005,0.002,,,,,,,
16.9,4.348,19.483,0,0,-0.005,0.002,,,,,,,
16.92,4.345,19.482,0,0,-0.005,0.002,,,,,,,
16.94,4.342,19.482,0,0,-0.005,0.002,,,,,,,
16.96,4.339,19.482,0,0,-0.005,0.002,,,,,,,
16.98,4.336,19.481,0,0,-0.005,0.002,,,,,,,
17,4.333,19.481,0,0,-0.005,0.002,,,,,,,
17.02,4.584,20.029,0,-0.026,-0.005,0,,,,,,,
17.04,4.708,20.277,0,-0.041,-0.005,0,,,,,,,
17.06,4.503,19.885,0,-0.018,-0.005,0,,,,,,,
17.08,4.373,19.64,0,-0.004,-0.005,0,,,,,,,
17.1,4.331,19.565,0,0,-0.005,0,,,,,,,
17.12,4.325,19.559,0,0.001,-0.005,0,,,,,,,
17.14,4.326,19.568,0,0,-0.005,0,,,,,,,
17.16,4.326,19.573,0,0,-0.005,0,,,,,,,
17.18,4.324,19.576,0,0,-0.005,0,,,,,,,
17.2,4.321,19.576,0,0,-0.005,0,,,,,,,
17.22,4.318,19.577,0,0,-0.005,0,,,,,,,
17.24,4.315,19.578,0,0,-0.005,0,,,,,,,
17.26,4.312,19.578,0,0,-0.005,0,,,,,,,
17.28,4.309,19.579,0,0,-0.005,0,,,,,,,
17.3,4.052,19.031,0,0.026,-0.005,0.002,,,,,,,
17.32,3.922,18.784,0,0.041,-0.005,0.002,,,,,,,
17.34,2.775,19.279,-0.026,0.018,-0.007,0.002,,,,,,,
17.36,2.225,19.574,-0.041,0.004,-0.007,0.002,,,,,,,
17.38,3.328,19.572,-0.018,0,-0.007,0.002,,,,,,,
17.4,3.998,19.529,-0.004,-0.001,-0.007,0.002,,,,,,,
17.42,4.198,19.506,0,0,-0.007,0.002,,,,,,,
17.44,5.553,19.396,0.027,0,-0.005,0.002,,,,,,,
17.46,6.201,19.346,0.041,0,-0.005,0.002,,,,,,,
17.48,5.116,19.424,0.018,0,-0.005,0.002,,,,,,,
17.5,4.438,19.473,0.004,0,-0.005,0.002,,,,,,,
17.52,4.227,19.488,0,0,-0.005,0.002,,,,,,,
17.54,4.208,19.489,-0.001,0,-0.005,0.002,,,,,,,
17.56,4.48,20.036,0,-0.026,-0.005,0,,,,,,,
17.58,4.619,20.282,0,-0.041,-0.005,0,,,,,,,
17.6,4.418,19.891,0,-0.018,-0.005,0,,,,,,,
17.62,4.288,19.645,0,-0.004,-0.005,0,,,,,,,
17.64,4.246,19.57,0,0,-0.005,0,,,,,,,
17.66,4.239,19.564,0,0.001,-0.005,0,,,,,,,
17.68,4.24,19.573,0,0,-0.005,0,,,,,,,
17.7,4.24,19.578,0,0,-0.005,0,,,,,,,
17.72,4.238,19.581,0,0,-0.005,0,,,,,,,
17.74,4.235,19.582,0,0,-0.005,0,,,,,,,
17.76,2.887,19.686,-0.026,0,-0.007,0,,,,,,,
17.78,2.21,19.736,-0.041,0,-0.007,0,,,,,,,
17.8,3.274,19.659,-0.018,0,-0.007,0,,,,,,,
17.82,3.941,19.611,-0.004,0,-0.007,0,,,,,,,
17.84,4.145,19.597,0,0,-0.007,0,,,,,,,
17.86,4.157,19.597,0.001,0,-0.007,0,,,,,,,
17.88,4.132,19.599,0,0,-0.007,0,,,,,,,
17.9,4.115,19.601,0,0,-0.007,0,,,,,,,
17.92,4.107,19.602,0,0,-0.007,0,,,,,,,
17.94,4.102,19.603,0,0,-0.007,0,,,,,,,
17.96,4.099,19.604,0,0,-0.007,0,,,,,,,
17.98,4.095,19.605,0,0,-0.007,0,,,,,,,
18,4.092,19.606,0,0,-0.007,0,,,,,,,
18.02,4.088,19.606,0,0,-0.007,0,,,,,,,
18.04,5.43,19.503,0.026,0,-0.005,0,,,,,,,
18.06,6.1,19.455,0.041,0,-0.005,0,,,,,,,
18.08,5.029,19.533,0.018,0,-0.005,0,,,,,,,
18.1,4.355,19.583,0.004,0,-0.005,0,,,,,,,
18.12,4.144,19.599,0,0,-0.005,0,,,,,,,
18.14,4.125,19.6,-0.001,0,-0.005,0,,,,,,,
18.16,4.143,19.6,0,0,-0.005,0,,,,,,,
18.18,4.154,19.599,0,0,-0.005,0,,,,,,,
18.2,2.81,19.704,-0.026,0,-0.007,0,,,,,,,
18.22,2.388,20.302,-0.041,-0.026,-0.007,-0.002,,,,,,,
18.24,3.579,20.473,-0.018,-0.041,-0.007,-0.002,,,,,,,
18.26,4.044,20.035,-0.004,-0.018,-0.007,-0.002,,,,,,,
18.28,4.121,19.776,0,-0.004,-0.007,-0.002,,,,,,,
18.3,4.094,19.7,0.001,0,-0.007,-0.002,,,,,,,
18.32,4.067,19.698,0,0.001,-0.007,-0.002,,,,,,,
18.34,4.053,19.708,0,0,-0.007,-0.002,,,,,,,
18.36,4.048,19.716,0,0,-0.007,-0.002,,,,,,,
18.38,4.045,19.719,0,0,-0.007,-0.002,,,,,,,
18.4,4.042,19.721,0,0,-0.007,-0.002,,,,,,,
18.42,4.038,19.723,0,0,-0.007,-0.002,,,,,,,
18.44,3.78,19.176,0,0.026,-0.007,0,,,,,,,
18.46,3.649,18.93,0,0.041,-0.007,0,,,,,,,
18.48,5.193,19.219,0.026,0.018,-0.005,0,,,,,,,
18.5,5.99,19.416,0.041,0.004,-0.005,0,,,,,,,
18.52,4.959,19.571,0.018,0,-0.005,0,,,,,,,
18.54,4.288,19.626,0.004,-0.001,-0.005,0,,,,,,,
18.56,4.073,19.635,0,0,-0.005,0,,,,,,,
18.58,4.052,19.631,-0.001,0,-0.005,0,,,,,,,
18.6,4.069,19.629,0,0,-0.005,0,,,,,,,
18.62,4.08,19.628,0,0,-0.005,0,,,,,,,
18.64,4.081,19.629,0,0,-0.005,0,,,,,,,
18.66,4.079,19.63,0,0,-0.005,0,,,,,,,
18.68,4.075,19.63,0,0,-0.005,0,,,,,,,
18.7,4.072,19.631,0,0,-0.005,0,,,,,,,
18.72,2.724,19.736,-0.026,0,-0.007,0,,,,,,,
18.74,2.047,19.786,-0.041,0,-0.007,0,,,,,,,
18.76,3.111,19.709,-0.018,0,-0.007,0,,,,,,,
18.78,3.778,19.661,-0.004,0,-0.007,0,,,,,,,
18.8,3.982,19.647,0,0,-0.007,0,,,,,,,
18.82,3.994,19.646,0.001,0,-0.007,0,,,,,,,
18.84,3.969,19.649,0,0,-0.007,0,,,,,,,
18.86,3.952,19.651,0,0,-0.007,0,,,,,,,
18.88,3.944,19.652,0,0,-0.007,0,,,,,,,
18.9,3.94,19.653,0,0,-0.007,0,,,,,,,
18.92,4.191,20.202,0,-0.026,-0.007,-0.002,,,,,,,
18.94,4.315,20.451,0,-0.041,-0.007,-0.002,,,,,,,
18.96,4.109,20.061,0,-0.018,-0.007,-0.002,,,,,,,
18.98,3.978,19.817,0,-0.004,-0.007,-0.002,,,,,,,
19,3.681,19.194,0,0.027,-0.007,0,,,,,,,
19.02,4.892,18.838,0.026,0.041,-0.005,0,,,,,,,
19.04,5.769,19.19,0.041,0.018,-0.005,0,,,,,,,
19.06,4.827,19.519,0.018,0.004,-0.005,0,,,,,,,
19.08,4.194,19.646,0.004,0,-0.005,0,,,,,,,
19.1,3.986,19.668,0,-0.001,-0.005,0,,,,,,,
19.12,3.963,19.662,-0.001,0,-0.005,0,,,,,,,
19.14,2.633,19.76,-0.027,0,-0.007,0,,,,,,,
19.16,1.969,19.807,-0.041,0,-0.007,0,,,,,,,
19.18,3.037,19.73,-0.018,0,-0.007,0,,,,,,,
19.2,3.704,19.682,-0.004,0,-0.007,0,,,,,,,
19.22,3.908,19.668,0,0,-0.007,0,,,,,,,
19.24,3.666,19.119,0.001,0.026,-0.007,0.002,,,,,,,
19.26,3.513,18.874,0,0.041,-0.007,0.002,,,,,,,
19.28,3.698,19.266,0,0.018,-0.007,0.002,,,,,,,
19.3,3.816,19.513,0,0.004,-0.007,0.002,,,,,,,
19.32,3.851,19.589,0,0,-0.007,0.002,,,,,,,
19.34,3.851,19.594,0,-0.001,-0.007,0.002,,,,,,,
19.36,3.843,19.586,0,0,-0.007,0.002,,,,,,,
19.38,3.836,19.581,0,0,-0.007,0.002,,,,,,,
19.4,3.831,19.579,0,0,-0.007,0.002,,,,,,,
19.42,5.173,19.475,0.026,0,-0.005,0.002,,,,,,,
19.44,5.843,19.426,0.041,0,-0.005,0.002,,,,,,,
19.46,4.772,19.503,0.018,0,-0.005,0.002,,,,,,,
19.48,4.098,19.552,0.004,0,-0.005,0.002,,,,,,,
19.5,4.141,20.115,0,-0.026,-0.005,0,,,,,,,
19.52,4.25,20.364,-0.001,-0.041,-0.005,0,,,,,,,
19.54,4.066,19.971,0,-0.018,-0.005,0,,,,,,,
19.56,3.949,19.725,0,-0.004,-0.005,0,,,,,,,
19.58,3.911,19.649,0,0,-0.005,0,,,,,,,
19.6,3.906,19.643,0,0.001,-0.005,0,,,,,,,
19.62,3.906,19.652,0,0,-0.005,0,,,,,,,
19.64,3.906,19.658,0,0,-0.005,0,,,,,,,
19.66,3.904,19.66,0,0,-0.005,0,,,,,,,
19.68,3.901,19.661,0,0,-0.005,0,,,,,,,
19.7,3.898,19.661,0,0,-0.005,0,,,,,,,
19.72,3.895,19.662,0,0,-0.005,0,,,,,,,
19.74,3.892,19.662,0,0,-0.005,0,,,,,,,
19.76,3.889,19.663,0,0,-0.005,0,,,,,,,
19.78,3.886,19.664,0,0,-0.005,0,,,,,,,
19.8,3.883,19.664,0,0,-0.005,0,,,,,,,
19.82,3.881,19.665,0,0,-0.005,0,,,,,,,
19.84,3.878,19.666,0,0,-0.005,0,,,,,,,
19.86,3.875,19.666,0,0,-0.005,0,,,,,,,
19.88,3.872,19.667,0,0,-0.005,0,,,,,,,
19.9,3.615,19.119,0,0.026,-0.005,0.002,,,,,,,
19.92,3.484,18.872,0,0.041,-0.005,0.002,,,,,,,
19.94,3.683,19.263,0,0.018,-0.005,0.002,,,,,,,
19.96,4.061,20.057,0,-0.022,-0.005,0,,,,,,,
19.98,4.225,20.381,0,-0.041,-0.005,0,,,,,,,
20,3.769,19.447,0,0.008,-0.005,0.002,,,,,,,
20.02,3.507,18.946,0,0.036,-0.005,0.002,,,,,,,
20.04,3.919,19.805,0,-0.008,-0.005,0,,,,,,,
20.06,3.912,19.742,0,-0.009,-0.005,0.002,,,,,,,
20.08,3.623,19.187,0,0.022,-0.005,0.002,,,,,,,
20.1,3.701,19.344,0,0.013,-0.005,0.002,,,,,,,
20.12,3.782,19.507,0,0.004,-0.005,0.002,,,,,,,
20.14,3.813,19.572,0,0,-0.005,0.002,,,,,,,
20.16,3.816,19.584,0,0,-0.005,0.002,,,,,,,
20.18,3.811,19.58,0,0,-0.005,0.002,,,,,,,
20.2,4.061,20.125,0,-0.026,-0.005,0,,,,,,,
20.22,4.185,20.371,0,-0.041,-0.005,0,,,,,,,
20.24,3.979,19.98,0,-0.018,-0.005,0,,,,,,,
20.26,3.849,19.735,0,-0.004,-0.005,0,,,,,,,
20.28,3.553,19.11,0,0.027,-0.005,0.002,,,,,,,
20.3,3.419,18.857,0,0.041,-0.005,0.002,,,,,,,
20.32,3.622,19.256,0,0.018,-0.005,0.002,,,,,,,
20.34,2.403,19.611,-0.026,0.004,-0.007,0.002,,,,,,,
20.36,1.766,19.738,-0.041,0,-0.007,0.002,,,,,,,
20.38,2.833,19.666,-0.018,-0.001,-0.007,0.002,,,,,,,
20.4,3.496,19.609,-0.004,0,-0.007,0.002,,,,,,,
20.42,3.697,19.589,0,0,-0.007,0.002,,,,,,,
20.44,5.054,19.482,0.027,0,-0.005,0.002,,,,,,,
20.46,5.703,19.434,0.041,0,-0.005,0.002,,,,,,,
20.48,4.618,19.512,0.018,0,-0.005,0.002,,,,,,,
20.5,3.94,19.561,0.004,0,-0.005,0.002,,,,,,,
20.52,3.728,19.576,0,0,-0.005,0.002,,,,,,,
20.54,3.71,19.576,-0.001,0,-0.005,0.002,,,,,,,
20.56,3.728,19.574,0,0,-0.005,0.002,,,,,,,
20.58,3.738,19.573,0,0,-0.005,0.002,,,,,,,
20.6,3.74,19.572,0,0,-0.005,0.002,,,,,,,
20.62,3.737,19.572,0,0,-0.005,0.002,,,,,,,
20.64,3.733,19.571,0,0,-0.005,0.002,,,,,,,
20.66,3.73,19.571,0,0,-0.005,0.002,,,,,,,
20.68,3.981,20.119,0,-0.026,-0.005,0,,,,,,,
20.7,4.106,20.367,0,-0.041,-0.005,0,,,,,,,
20.72,3.9,19.976,0,-0.018,-0.005,0,,,,,,,
20.74,3.771,19.73,0,-0.004,-0.005,0,,,,,,,
20.76,3.728,19.655,0,0,-0.005,0,,,,,,,
20.78,3.722,19.65,0,0.001,-0.005,0,,,,,,,
20.8,3.723,19.658,0,0,-0.005,0,,,,,,,
20.82,3.723,19.664,0,0,-0.005,0,,,,,,,
20.84,3.721,19.666,0,0,-0.005,0,,,,,,,
20.86,3.718,19.667,0,0,-0.005,0,,,,,,,
20.88,3.715,19.667,0,0,-0.005,0,,,,,,,
20.9,3.712,19.668,0,0,-0.005,0,,,,,,,
20.92,3.709,19.668,0,0,-0.005,0,,,,,,,
20.94,3.452,19.12,0,0.026,-0.005,0.002,,,,,,,
20.96,3.322,18.873,0,0.041,-0.005,0.002,,,,,,,
20.98,3.521,19.265,0,0.018,-0.005,0.002,,,,,,,
21,3.645,19.51,0,0.004,-0.005,0.002,,,,,,,
21.02,3.681,19.586,0,0,-0.005,0.002,,,,,,,
21.04,3.681,19.591,0,-0.001,-0.005,0.002,,,,,,,
21.06,3.674,19.583,0,0,-0.005,0.002,,,,,,,
21.08,3.668,19.578,0,0,-0.005,0.002,,,,,,,
21.1,3.664,19.576,0,0,-0.005,0.002,,,,,,,
21.12,3.661,19.575,0,0,-0.005,0.002,,,,,,,
21.14,3.658,19.575,0,0,-0.005,0.002,,,,,,,
21.16,3.655,19.575,0,0,-0.005,0.002,,,,,,,
21.18,3.652,19.574,0,0,-0.005,0.002,,,,,,,
21.2,3.649,19.574,0,0,-0.005,0.002,,,,,,,
21.22,3.646,19.574,0,0,-0.005,0.002,,,,,,,
21.24,3.642,19.573,0,0,-0.005,0.002,,,,,,,
21.26,3.639,19.573,0,0,-0.005,0.002,,,,,,,
21.28,3.636,19.572,0,0,-0.005,0.002,,,,,,,
21.3,3.633,19.572,0,0,-0.005,0.002,,,,,,,
21.32,3.63,19.572,0,0,-0.005,0.002,,,,,,,
21.34,3.881,20.12,0,-0.026,-0.005,0,,,,,,,
21.36,4.006,20.367,0,-0.041,-0.005,0,,,,,,,
21.38,3.801,19.976,0,-0.018,-0.005,0,,,,,,,
21.4,3.671,19.731,0,-0.004,-0.005,0,,,,,,,
21.42,3.628,19.655,0,0,-0.005,0,,,,,,,
21.44,3.622,19.65,0,0.001,-0.005,0,,,,,,,
21.46,3.624,19.658,0,0,-0.005,0,,,,,,,
21.48,3.623,19.664,0,0,-0.005,0,,,,,,,
21.5,3.621,19.666,0,0,-0.005,0,,,,,,,
21.52,3.618,19.667,0,0,-0.005,0,,,,,,,
21.54,3.615,19.668,0,0,-0.005,0,,,,,,,
21.56,3.612,19.668,0,0,-0.005,0,,,,,,,
21.58,3.61,19.669,0,0,-0.005,0,,,,,,,
21.6,3.607,19.67,0,0,-0.005,0,,,,,,,
21.62,3.349,19.122,0,0.026,-0.005,0.002,,,,,,,
21.64,3.219,18.874,0,0.041,-0.005,0.002,,,,,,,
21.66,3.418,19.266,0,0.018,-0.005,0.002,,,,,,,
21.68,3.542,19.511,0,0.004,-0.005,0.002,,,,,,,
21.7,3.578,19.587,0,0,-0.005,0.002,,,,,,,
21.72,3.578,19.593,0,-0.001,-0.005,0.002,,,,,,,
21.74,3.571,19.585,0,0,-0.005,0.002,,,,,,,
21.76,3.565,19.579,0,0,-0.005,0.002,,,,,,,
21.78,3.561,19.577,0,0,-0.005,0.002,,,,,,,
21.8,3.558,19.577,0,0,-0.005,0.002,,,,,,,
21.82,3.555,19.576,0,0,-0.005,0.002,,,,,,,
21.84,3.552,19.576,0,0,-0.005,0.002,,,,,,,
21.86,3.549,19.576,0,0,-0.005,0.002,,,,,,,
21.88,3.546,19.575,0,0,-0.005,0.002,,,,,,,
21.9,3.543,19.575,0,0,-0.005,0.002,,,,,,,
21.92,3.54,19.574,0,0,-0.005,0.002,,,,,,,
21.94,3.536,19.574,0,0,-0.005,0.002,,,,,,,
21.96,3.533,19.574,0,0,-0.005,0.002,,,,,,,
21.98,3.53,19.573,0,0,-0.005,0.002,,,,,,,
22,3.527,19.573,0,0,-0.005,0.002,,,,,,,
22.02,3.778,20.121,0,-0.026,-0.005,0,,,,,,,
22.04,3.903,20.369,0,-0.041,-0.005,0,,,,,,,
22.06,3.698,19.978,0,-0.018,-0.005,0,,,,,,,
22.08,3.568,19.732,0,-0.004,-0.005,0,,,,,,,
22.1,3.526,19.657,0,0,-0.005,0,,,,,,,
22.12,3.52,19.651,0,0.001,-0.005,0,,,,,,,
22.14,3.521,19.66,0,0,-0.005,0,,,,,,,
22.16,3.52,19.665,0,0,-0.005,0,,,,,,,
22.18,3.518,19.668,0,0,-0.005,0,,,,,,,
22.2,3.516,19.668,0,0,-0.005,0,,,,,,,
22.22,3.513,19.669,0,0,-0.005,0,,,,,,,
22.24,3.51,19.67,0,0,-0.005,0,,,,,,,
22.26,3.507,19.67,0,0,-0.005,0,,,,,,,
22.28,3.504,19.671,0,0,-0.005,0,,,,,,,
22.3,3.501,19.671,0,0,-0.005,0,,,,,,,
22.32,3.498,19.672,0,0,-0.005,0,,,,,,,
22.34,3.495,19.673,0,0,-0.005,0,,,,,,,
22.36,3.492,19.674,0,0,-0.005,0,,,,,,,
22.38,3.489,19.674,0,0,-0.005,0,,,,,,,
22.4,3.487,19.675,0,0,-0.005,0,,,,,,,
22.42,3.229,19.127,0,0.026,-0.005,0.002,,,,,,,
22.44,3.099,18.88,0,0.041,-0.005,0.002,,,,,,,
22.46,3.298,19.271,0,0.018,-0.005,0.002,,,,,,,
22.48,3.422,19.517,0,0.004,-0.005,0.002,,,,,,,
22.5,3.458,19.592,0,0,-0.005,0.002,,,,,,,
22.52,3.458,19.598,0,-0.001,-0.005,0.002,,,,,,,
22.54,3.451,19.59,0,0,-0.005,0.002,,,,,,,
22.56,3.445,19.584,0,0,-0.005,0.002,,,,,,,
22.58,3.441,19.582,0,0,-0.005,0.002,,,,,,,
22.6,3.438,19.582,0,0,-0.005,0.002,,,,,,,
22.62,3.435,19.582,0,0,-0.005,0.002,,,,,,,
22.64,3.432,19.581,0,0,-0.005,0.002,,,,,,,
22.66,3.429,19.581,0,0,-0.005,0.002,,,,,,,
22.68,3.426,19.581,0,0,-0.005,0.002,,,,,,,
22.7,3.423,19.58,0,0,-0.005,0.002,,,,,,,
22.72,3.674,20.128,0,-0.026,-0.005,0,,,,,,,
22.74,3.798,20.376,0,-0.041,-0.005,0,,,,,,,
22.76,3.593,19.985,0,-0.018,-0.005,0,,,,,,,
22.78,3.463,19.739,0,-0.004,-0.005,0,,,,,,,
22.8,3.421,19.664,0,0,-0.005,0,,,,,,,
22.82,3.415,19.659,0,0.001,-0.005,0,,,,,,,
22.84,3.416,19.667,0,0,-0.005,0,,,,,,,
22.86,3.416,19.673,0,0,-0.005,0,,,,,,,
22.88,3.414,19.675,0,0,-0.005,0,,,,,,,
22.9,3.411,19.676,0,0,-0.005,0,,,,,,,
22.92,3.408,19.676,0,0,-0.005,0,,,,,,,
22.94,3.405,19.677,0,0,-0.005,0,,,,,,,
22.96,3.402,19.677,0,0,-0.005,0,,,,,,,
22.98,3.399,19.678,0,0,-0.005,0,,,,,,,
23,3.396,19.679,0,0,-0.005,0,,,,,,,
23.02,3.394,19.679,0,0,-0.005,0,,,,,,,
23.04,3.391,19.68,0,0,-0.005,0,,,,,,,
23.06,3.388,19.681,0,0,-0.005,0,,,,,,,
23.08,3.385,19.681,0,0,-0.005,0,,,,,,,
23.1,3.128,19.133,0,0.026,-0.005,0.002,,,,,,,
23.12,2.997,18.886,0,0.041,-0.005,0.002,,,,,,,
23.14,3.196,19.278,0,0.018,-0.005,0.002,,,,,,,
23.16,3.32,19.523,0,0.004,-0.005,0.002,,,,,,,
23.18,3.356,19.599,0,0,-0.005,0.002,,,,,,,
23.2,3.356,19.605,0,-0.001,-0.005,0.002,,,,,,,
23.22,3.349,19.596,0,0,-0.005,0.002,,,,,,,
23.24,3.344,19.591,0,0,-0.005,0.002,,,,,,,
23.26,3.34,19.589,0,0,-0.005,0.002,,,,,,,
23.28,3.336,19.588,0,0,-0.005,0.002,,,,,,,
23.3,3.333,19.588,0,0,-0.005,0.002,,,,,,,
23.32,3.585,20.137,0,-0.026,-0.005,0,,,,,,,
23.34,3.455,19.835,0,-0.014,-0.005,0.002,,,,,,,
23.36,3.376,19.745,0,-0.004,-0.005,0,,,,,,,
23.38,3.576,20.138,0,-0.026,-0.005,0,,,,,,,
23.4,3.459,19.917,0,-0.014,-0.005,0,,,,,,,
23.42,3.365,19.742,0,-0.004,-0.005,0,,,,,,,
23.44,3.33,19.68,0,0,-0.005,0,,,,,,,
23.46,3.322,19.672,0,0.001,-0.005,0,,,,,,,
23.48,3.322,19.677,0,0,-0.005,0,,,,,,,
23.5,3.321,19.681,0,0,-0.005,0,,,,,,,
23.52,3.319,19.683,0,0,-0.005,0,,,,,,,
23.54,3.316,19.684,0,0,-0.005,0,,,,,,,
23.56,3.313,19.685,0,0,-0.005,0,,,,,,,
23.58,3.31,19.685,0,0,-0.005,0,,,,,,,
23.6,3.307,19.686,0,0,-0.005,0,,,,,,,
23.62,3.304,19.687,0,0,-0.005,0,,,,,,,
23.64,3.301,19.687,0,0,-0.005,0,,,,,,,
23.66,3.298,19.688,0,0,-0.005,0,,,,,,,
23.68,3.041,19.14,0,0.026,-0.005,0.002,,,,,,,
23.7,2.911,18.893,0,0.041,-0.005,0.002,,,,,,,
23.72,3.11,19.284,0,0.018,-0.005,0.002,,,,,,,
23.74,3.234,19.53,0,0.004,-0.005,0.002,,,,,,,
23.76,3.27,19.606,0,0,-0.005,0.002,,,,,,,
23.78,3.27,19.611,0,-0.001,-0.005,0.002,,,,,,,
23.8,3.263,19.603,0,0,-0.005,0.002,,,,,,,
23.82,3.257,19.597,0,0,-0.005,0.002,,,,,,,
23.84,3.253,19.595,0,0,-0.005,0.002,,,,,,,
23.86,3.25,19.595,0,0,-0.005,0.002,,,,,,,
23.88,3.247,19.595,0,0,-0.005,0.002,,,,,,,
23.9,3.244,19.594,0,0,-0.005,0.002,,,,,,,
23.92,3.241,19.594,0,0,-0.005,0.002,,,,,,,
23.94,3.238,19.594,0,0,-0.005,0.002,,,,,,,
23.96,3.234,19.593,0,0,-0.005,0.002,,,,,,,
23.98,3.486,20.141,0,-0.026,-0.005,0,,,,,,,
24,3.61,20.389,0,-0.041,-0.005,0,,,,,,,
24.02,3.405,19.998,0,-0.018,-0.005,0,,,,,,,
24.04,3.275,19.753,0,-0.004,-0.005,0,,,,,,,
24.06,3.233,19.677,0,0,-0.005,0,,,,,,,
24.08,3.227,19.672,0,0.001,-0.005,0,,,,,,,
24.1,3.228,19.68,0,0,-0.005,0,,,,,,,
24.12,3.228,19.686,0,0,-0.005,0,,,,,,,
24.14,2.971,19.139,0,0.026,-0.005,0.002,,,,,,,
24.16,2.841,18.892,0,0.041,-0.005,0.002,,,,,,,
24.18,3.04,19.283,0,0.018,-0.005,0.002,,,,,,,
24.2,3.164,19.529,0,0.004,-0.005,0.002,,,,,,,
24.22,3.2,19.605,0,0,-0.005,0.002,,,,,,,
24.24,3.2,19.61,0,-0.001,-0.005,0.002,,,,,,,
24.26,3.193,19.602,0,0,-0.005,0.002,,,,,,,
24.28,3.187,19.597,0,0,-0.005,0.002,,,,,,,
24.3,3.183,19.595,0,0,-0.005,0.002,,,,,,,
24.32,3.18,19.594,0,0,-0.005,0.002,,,,,,,
24.34,3.177,19.594,0,0,-0.005,0.002,,,,,,,
24.36,3.174,19.594,0,0,-0.005,0.002,,,,,,,
24.38,3.171,19.593,0,0,-0.005,0.002,,,,,,,
24.4,3.168,19.593,0,0,-0.005,0.002,,,,,,,
24.42,3.164,19.592,0,0,-0.005,0.002,,,,,,,
24.44,3.161,19.592,0,0,-0.005,0.002,,,,,,,
24.46,3.158,19.592,0,0,-0.005,0.002,,,,,,,
24.48,3.155,19.591,0,0,-0.005,0.002,,,,,,,
24.5,3.152,19.591,0,0,-0.005,0.002,,,,,,,
24.52,3.149,19.59,0,0,-0.005,0.002,,,,,,,
24.54,3.146,19.59,0,0,-0.005,0.002,,,,,,,
24.56,3.143,19.59,0,0,-0.005,0.002,,,,,,,
24.58,3.14,19.589,0,0,-0.005,0.002,,,,,,,
24.6,4.482,19.485,0.026,0,-0.003,0.002,,,,,,,
24.62,5.153,19.435,0.041,0,-0.003,0.002,,,,,,,
24.64,4.083,19.512,0.018,0,-0.003,0.002,,,,,,,
24.66,3.41,19.56,0.004,0,-0.003,0.002,,,,,,,
24.68,3.2,19.575,0,0,-0.003,0.002,,,,,,,
24.7,3.181,19.575,-0.001,0,-0.003,0.002,,,,,,,
24.72,3.2,19.573,0,0,-0.003,0.002,,,,,,,
24.74,3.212,19.572,0,0,-0.003,0.002,,,,,,,
24.76,3.214,19.571,0,0,-0.003,0.002,,,,,,,
24.78,3.212,19.57,0,0,-0.003,0.002,,,,,,,
24.8,3.21,19.569,0,0,-0.003,0.002,,,,,,,
24.82,3.207,19.569,0,0,-0.003,0.002,,,,,,,
24.84,3.205,19.568,0,0,-0.003,0.002,,,,,,,
24.86,3.203,19.568,0,0,-0.003,0.002,,,,,,,
24.88,3.201,19.567,0,0,-0.003,0.002,,,,,,,
24.9,3.198,19.566,0,0,-0.003,0.002,,,,,,,
24.92,3.196,19.566,0,0,-0.003,0.002,,,,,,,
24.94,3.194,19.565,0,0,-0.003,0.002,,,,,,,
24.96,3.192,19.564,0,0,-0.003,0.002,,,,,,,
24.98,3.19,19.564,0,0,-0.003,0.002,,,,,,,
25,3.188,19.563,0,0,-0.003,0.002,,,,,,,
25.02,3.185,19.563,0,0,-0.003,0.002,,,,,,,
25.04,3.183,19.561,0,0,-0.003,0.002,,,,,,,
25.06,3.18,19.557,0,0,-0.003,0.002,,,,,,,
25.08,3.177,19.552,0,0,-0.003,0.002,,,,,,,
25.1,3.174,19.546,0,0,-0.003,0.002,,,,,,,
25.12,3.17,19.538,0,0,-0.003,0.002,,,,,,,
25.14,3.166,19.529,0,0,-0.003,0.002,,,,,,,
25.16,3.162,19.518,0,0,-0.003,0.002,,,,,,,
25.18,3.157,19.506,0,0,-0.003,0.002,,,,,,,
25.2,2.897,18.943,0,0.026,-0.003,0.003,,,,,,,
25.22,2.764,18.681,0,0.041,-0.003,0.003,,,,,,,
25.24,2.961,19.055,0,0.018,-0.003,0.003,,,,,,,
25.26,3.082,19.282,0,0.004,-0.003,0.003,,,,,,,
25.28,3.115,19.338,0,0,-0.003,0.003,,,,,,,
25.3,3.365,19.87,0,-0.027,-0.003,0.002,,,,,,,
25.32,3.482,20.087,0,-0.041,-0.003,0.002,,,,,,,
25.34,3.27,19.667,0,-0.018,-0.003,0.002,,,,,,,
25.36,3.134,19.394,0,-0.004,-0.003,0.002,,,,,,,
25.38,3.087,19.291,0,0,-0.003,0.002,,,,,,,
25.4,3.076,19.257,0,0.001,-0.003,0.002,,,,,,,
25.42,3.072,19.236,0,0,-0.003,0.002,,,,,,,
25.44,3.065,19.21,0,0,-0.003,0.002,,,,,,,
25.46,3.057,19.179,0,0,-0.003,0.002,,,,,,,
25.48,3.048,19.146,0,0,-0.003,0.002,,,,,,,
25.5,3.038,19.11,0,0,-0.003,0.002,,,,,,,
25.52,3.028,19.073,0,0,-0.003,0.002,,,,,,,
25.54,3.018,19.035,0,0,-0.003,0.002,,,,,,,
25.56,3.261,19.545,0,-0.026,-0.003,0,,,,,,,
25.58,3.378,19.752,0,-0.041,-0.003,0,,,,,,,
25.6,3.165,19.318,0,-0.018,-0.003,0,,,,,,,
25.62,3.026,19.03,0,-0.004,-0.003,0,,,,,,,
25.64,2.975,18.909,0,0,-0.003,0,,,,,,,
25.66,2.96,18.858,0,0.001,-0.003,0,,,,,,,
25.68,2.952,18.818,0,0,-0.003,0,,,,,,,
25.7,2.942,18.775,0,0,-0.003,0,,,,,,,
25.72,2.93,18.726,0,0,-0.003,0,,,,,,,
25.74,2.917,18.675,0,0,-0.003,0,,,,,,,
25.76,2.903,18.622,0,0,-0.003,0,,,,,,,
25.78,2.889,18.568,0,0,-0.003,0,,,,,,,
25.8,2.875,18.512,0,0,-0.003,0,,,,,,,
25.82,3.115,19.003,0,-0.026,-0.003,-0.002,,,,,,,
25.84,3.227,19.193,0,-0.041,-0.003,-0.002,,,,,,,
25.86,3.01,18.742,0,-0.018,-0.003,-0.002,,,,,,,
25.88,2.868,18.435,0,-0.004,-0.003,-0.002,,,,,,,
25.9,2.813,18.297,0,0,-0.003,-0.002,,,,,,,
25.92,2.794,18.228,0,0.001,-0.003,-0.002,,,,,,,
25.94,2.782,18.171,0,0,-0.003,-0.002,,,,,,,
25.96,2.768,18.11,0,0,-0.003,-0.002,,,,,,,
25.98,2.752,18.044,0,0,-0.003,-0.002,,,,,,,
26,2.989,18.524,0,-0.026,-0.003,-0.004,,,,,,,
26.02,3.1,18.701,0,-0.041,-0.003,-0.004,,,,,,,
26.04,2.88,18.238,0,-0.018,-0.003,-0.004,,,,,,,
26.06,2.735,17.92,0,-0.004,-0.003,-0.004,,,,,,,
26.08,2.677,17.77,0,0,-0.003,-0.004,,,,,,,
26.1,2.91,18.237,0,-0.026,-0.003,-0.005,,,,,,,
26.12,3.023,18.416,0,-0.04,-0.003,-0.005,,,,,,,
26.14,2.805,17.953,0,-0.018,-0.003,-0.005,,,,,,,
26.16,2.659,17.63,0,-0.004,-0.003,-0.005,,,,,,,
26.18,2.855,18.022,0,-0.026,-0.003,-0.007,,,,,,,
26.2,2.96,18.183,0,-0.04,-0.003,-0.007,,,,,,,
26.22,2.996,18.266,0,-0.044,-0.003,-0.009,,,,,,,
26.24,2.979,18.19,0,-0.044,-0.003,-0.009,,,,,,,
26.26,2.718,17.639,0,-0.018,-0.003,-0.009,,,,,,,
26.28,2.821,17.851,0,-0.03,-0.003,-0.011,,,,,,,
26.3,3.147,18.493,0,-0.066,-0.003,-0.012,,,,,,,
26.32,3.051,18.261,0,-0.058,-0.003,-0.012,,,,,,,
26.34,2.705,17.546,0,-0.022,-0.003,-0.012,,,,,,,
26.36,2.775,17.689,0,-0.03,-0.003,-0.014,,,,,,,
26.38,2.839,17.766,0,-0.039,-0.003,-0.014,,,,,,,
26.4,2.87,17.834,0,-0.043,-0.003,-0.016,,,,,,,
26.42,3.11,18.306,0,-0.07,-0.003,-0.018,,,,,,,
26.44,3.231,18.549,0,-0.085,-0.003,-0.019,,,,,,,
26.46,3.005,18.062,0,-0.062,-0.003,-0.019,,,,,,,
26.48,2.872,17.811,0,-0.048,-0.003,-0.021,,,,,,,
26.5,2.811,17.642,0,-0.043,-0.003,-0.021,,,,,,,
26.52,2.802,17.631,0,-0.043,-0.003,-0.023,,,,,,,
26.54,3.038,18.092,0,-0.07,-0.003,-0.024,,,,,,,
26.56,3.162,18.338,0,-0.084,-0.003,-0.026,,,,,,,
26.58,2.938,17.852,0,-0.062,-0.003,-0.026,,,,,,,
26.6,2.805,17.599,0,-0.048,-0.003,-0.028,,,,,,,
26.62,2.997,17.974,0,-0.07,-0.003,-0.03,,,,,,,
26.64,3.115,18.206,0,-0.083,-0.003,-0.031,,,,,,,
26.66,2.893,17.724,0,-0.061,-0.003,-0.031,,,,,,,
26.68,2.762,17.473,0,-0.047,-0.003,-0.033,,,,,,,
26.7,2.954,17.847,0,-0.07,-0.003,-0.035,,,,,,,
26.72,2.818,17.528,0,-0.057,-0.003,-0.035,,,,,,,
26.74,2.468,16.796,0,-0.021,-0.003,-0.035,,,,,,,
26.76,2.793,17.481,0,-0.056,-0.003,-0.038,,,,,,,
26.78,3.238,18.345,0,-0.106,-0.003,-0.04,,,,,,,
26.8,3.193,18.258,0,-0.102,-0.003,-0.042,,,,,,,
26.82,2.846,17.53,0,-0.066,-0.003,-0.042,,,,,,,
26.84,2.67,17.19,0,-0.047,-0.003,-0.044,,,,,,,
26.86,3.11,18.097,0,-0.095,-0.003,-0.047,,,,,,,
26.88,3.103,18.027,0,-0.097,-0.003,-0.047,,,,,,,
26.9,2.807,17.452,0,-0.065,-0.003,-0.049,,,,,,,
26.92,2.878,17.589,0,-0.074,-0.003,-0.051,,,,,,,
26.94,2.954,17.734,0,-0.083,-0.003,-0.052,,,,,,,
26.96,2.725,17.234,0,-0.061,-0.003,-0.052,,,,,,,
26.98,2.85,17.529,0,-0.074,-0.003,-0.056,,,,,,,
27,2.916,17.598,0,-0.084,-0.003,-0.056,,,,,,,
27.02,2.703,17.182,0,-0.061,-0.003,-0.058,,,,,,,
27.04,2.808,17.383,0,-0.074,-0.003,-0.059,,,,,,,
27.06,2.89,17.539,0,-0.084,-0.003,-0.061,,,,,,,
27.08,2.914,17.581,0,-0.087,-0.003,-0.063,,,,,,,
27.1,2.655,17.02,0,-0.061,-0.003,-0.063,,,,,,,
27.12,2.516,16.746,0,-0.047,-0.003,-0.065,,,,,,,
27.14,2.962,17.661,0,-0.096,-0.003,-0.068,,,,,,,
27.16,2.952,17.582,0,-0.098,-0.003,-0.068,,,,,,,
27.18,2.907,17.544,0,-0.092,-0.003,-0.072,,,,,,,
27.2,3.104,17.92,0,-0.115,-0.003,-0.073,,,,,,,
27.22,2.721,17.119,0,-0.075,-0.003,-0.073,,,,,,,
27.24,2.745,17.216,0,-0.077,-0.003,-0.077,,,,,,,
27.26,2.778,17.218,0,-0.083,-0.003,-0.077,,,,,,,
27.28,2.561,16.791,0,-0.06,-0.003,-0.079,,,,,,,
27.3,2.668,16.992,0,-0.073,-0.003,-0.08,,,,,,,
27.32,2.751,17.145,0,-0.084,-0.003,-0.082,,,,,,,
27.34,2.774,17.183,0,-0.087,-0.003,-0.084,,,,,,,
27.36,2.769,17.165,0,-0.088,-0.003,-0.086,,,,,,,
27.38,2.756,17.134,0,-0.088,-0.003,-0.087,,,,,,,
27.4,2.744,17.103,0,-0.087,-0.003,-0.089,,,,,,,
27.42,2.479,16.525,0,-0.061,-0.003,-0.089,,,,,,,
27.44,2.595,16.797,0,-0.073,-0.003,-0.093,,,,,,,
27.46,2.914,17.408,0,-0.11,-0.003,-0.094,,,,,,,
27.48,2.828,17.233,0,-0.101,-0.003,-0.096,,,,,,,
27.5,2.73,17.034,0,-0.092,-0.003,-0.098,,,,,,,
27.52,2.683,16.934,0,-0.088,-0.003,-0.1,,,,,,,
27.54,2.665,16.891,0,-0.087,-0.003,-0.101,,,,,,,
27.56,2.656,16.863,0,-0.087,-0.003,-0.103,,,,,,,
27.58,2.647,16.836,0,-0.087,-0.003,-0.105,,,,,,,
27.6,2.891,17.355,0,-0.114,-0.003,-0.108,,,,,,,
27.62,2.753,17.023,0,-0.101,-0.003,-0.108,,,,,,,
27.64,2.667,16.901,0,-0.091,-0.003,-0.112,,,,,,,
27.66,2.604,16.714,0,-0.087,-0.003,-0.112,,,,,,,
27.68,2.35,16.213,0,-0.06,-0.003,-0.114,,,,,,,
27.7,2.705,16.945,0,-0.099,-0.003,-0.117,,,,,,,
27.72,3.17,17.892,0,-0.15,-0.003,-0.12,,,,,,,
27.74,2.865,17.234,0,-0.119,-0.003,-0.12,,,,,,,
27.76,2.656,16.876,0,-0.096,-0.003,-0.124,,,,,,,
27.78,2.806,17.156,0,-0.114,-0.003,-0.126,,,,,,,
27.8,2.675,16.891,0,-0.1,-0.003,-0.127,,,,,,,
27.82,2.576,16.689,0,-0.09,-0.003,-0.129,,,,,,,
27.84,2.535,16.598,0,-0.087,-0.003,-0.131,,,,,,,
27.86,2.774,17.106,0,-0.113,-0.003,-0.134,,,,,,,
27.88,2.893,17.325,0,-0.128,-0.003,-0.136,,,,,,,
27.9,2.681,16.903,0,-0.105,-0.003,-0.138,,,,,,,
27.92,2.543,16.625,0,-0.091,-0.003,-0.14,,,,,,,
27.94,2.746,17.063,0,-0.113,-0.003,-0.143,,,,,,,
27.96,2.604,16.722,0,-0.101,-0.003,-0.143,,,,,,,
27.98,2.521,16.605,0,-0.091,-0.003,-0.147,,,,,,,
28,2.461,16.42,0,-0.087,-0.003,-0.147,,,,,,,
28.02,2.462,16.466,0,-0.087,-0.003,-0.15,,,,,,,
28.04,2.943,17.444,0,-0.14,-0.003,-0.154,,,,,,,
28.06,2.951,17.448,0,-0.142,-0.003,-0.155,,,,,,,
28.08,2.645,16.843,0,-0.109,-0.003,-0.157,,,,,,,
28.1,2.727,17.045,0,-0.118,-0.003,-0.161,,,,,,,
28.12,2.798,17.172,0,-0.127,-0.003,-0.162,,,,,,,
28.14,2.583,16.744,0,-0.104,-0.003,-0.164,,,,,,,
28.16,2.45,16.474,0,-0.091,-0.003,-0.166,,,,,,,
28.18,2.402,16.369,0,-0.087,-0.003,-0.168,,,,,,,
28.2,2.642,16.878,0,-0.113,-0.003,-0.171,,,,,,,
28.22,2.762,17.098,0,-0.128,-0.003,-0.173,,,,,,,
28.24,2.55,16.676,0,-0.105,-0.003,-0.175,,,,,,,
28.26,2.666,16.945,0,-0.118,-0.003,-0.178,,,,,,,
28.28,2.742,17.081,0,-0.127,-0.003,-0.18,,,,,,,
28.3,2.525,16.648,0,-0.105,-0.003,-0.182,,,,,,,
28.32,2.39,16.374,0,-0.091,-0.003,-0.183,,,,,,,
28.34,2.341,16.267,0,-0.087,-0.003,-0.185,,,,,,,
28.36,2.581,16.775,0,-0.113,-0.003,-0.189,,,,,,,
28.38,2.701,16.994,0,-0.128,-0.003,-0.19,,,,,,,
28.4,2.489,16.572,0,-0.105,-0.003,-0.192,,,,,,,
28.42,2.35,16.291,0,-0.091,-0.003,-0.194,,,,,,,
28.44,2.299,16.178,0,-0.087,-0.003,-0.196,,,,,,,
28.46,2.283,16.135,0,-0.086,-0.003,-0.197,,,,,,,
28.48,2.275,16.106,0,-0.087,-0.003,-0.199,,,,,,,
28.5,2.519,16.622,0,-0.114,-0.003,-0.203,,,,,,,
28.52,2.381,16.285,0,-0.101,-0.003,-0.203,,,,,,,
28.54,2.293,16.156,0,-0.091,-0.003,-0.206,,,,,,,
28.56,2.483,16.511,0,-0.114,-0.003,-0.208,,,,,,,
28.58,2.356,16.251,0,-0.101,-0.003,-0.209,,,,,,,
28.6,2.253,16.037,0,-0.091,-0.003,-0.211,,,,,,,
28.62,2.208,15.936,0,-0.087,-0.003,-0.213,,,,,,,
28.64,2.445,16.437,0,-0.113,-0.003,-0.216,,,,,,,
28.66,2.562,16.649,0,-0.128,-0.003,-0.218,,,,,,,
28.68,2.349,16.222,0,-0.105,-0.003,-0.22,,,,,,,
28.7,2.21,15.939,0,-0.091,-0.003,-0.222,,,,,,,
28.72,1.903,15.274,0,-0.06,-0.003,-0.222,,,,,,,
28.74,2.014,15.529,0,-0.072,-0.003,-0.225,,,,,,,
28.76,2.589,16.684,0,-0.136,-0.003,-0.229,,,,,,,
28.78,2.631,16.751,0,-0.142,-0.003,-0.23,,,,,,,
28.8,2.074,15.602,0,-0.083,-0.003,-0.23,,,,,,,
28.82,3.37,15.442,0.026,-0.077,-0.002,-0.234,,,,,,,
28.84,2.969,16.005,0.014,-0.109,-0.003,-0.236,,,,,,,
28.86,1.137,15.942,-0.023,-0.1,-0.003,-0.237,,,,,,,
28.88,1.44,15.713,-0.014,-0.091,-0.003,-0.239,,,,,,,
28.9,1.601,15.025,-0.004,-0.061,-0.003,-0.239,,,,,,,
28.92,1.901,15.258,0,-0.073,-0.003,-0.243,,,,,,,
28.94,2.256,15.855,0,-0.11,-0.003,-0.244,,,,,,,
28.96,2.161,15.67,0,-0.101,-0.003,-0.246,,,,,,,
28.98,2.051,15.459,0,-0.092,-0.003,-0.248,,,,,,,
29,1.997,15.346,0,-0.088,-0.003,-0.25,,,,,,,
29.02,2.23,15.837,0,-0.113,-0.003,-0.253,,,,,,,
29.04,2.345,16.044,0,-0.128,-0.003,-0.255,,,,,,,
29.06,2.131,15.612,0,-0.105,-0.003,-0.257,,,,,,,
29.08,2.245,15.872,0,-0.118,-0.003,-0.26,,,,,,,
29.1,2.32,16,0,-0.127,-0.003,-0.262,,,,,,,
29.12,2.101,15.559,0,-0.105,-0.003,-0.264,,,,,,,
29.14,1.71,14.728,0,-0.064,-0.003,-0.264,,,,,,,
29.16,1.785,14.913,0,-0.073,-0.003,-0.267,,,,,,,
29.18,2.353,16.051,0,-0.135,-0.003,-0.271,,,,,,,
29.2,3.742,16.012,0.026,-0.142,-0.002,-0.272,,,,,,,
29.22,4.114,15.362,0.041,-0.11,-0.002,-0.274,,,,,,,
29.24,3.125,15.629,0.018,-0.118,-0.002,-0.278,,,,,,,
29.26,2.522,15.791,0.004,-0.127,-0.002,-0.279,,,,,,,
29.28,2.097,15.366,0,-0.104,-0.002,-0.281,,,,,,,
29.3,2.201,15.636,-0.001,-0.117,-0.002,-0.285,,,,,,,
29.32,2.555,16.316,0,-0.154,-0.002,-0.288,,,,,,,
29.34,2.479,16.123,0,-0.145,-0.002,-0.29,,,,,,,
29.36,1.891,14.9,0,-0.082,-0.002,-0.29,,,,,,,
29.38,2.096,15.388,0,-0.103,-0.002,-0.295,,,,,,,
29.4,2.498,16.15,0,-0.149,-0.002,-0.297,,,,,,,
29.42,2.208,15.57,0,-0.118,-0.002,-0.299,,,,,,,
29.44,0.896,15.776,-0.026,-0.122,-0.003,-0.302,,,,,,,
29.46,0.264,15.888,-0.041,-0.128,-0.003,-0.304,,,,,,,
29.48,1.362,15.906,-0.018,-0.13,-0.003,-0.307,,,,,,,
29.5,2.025,15.826,-0.004,-0.131,-0.003,-0.309,,,,,,,
29.52,1.982,15.308,0,-0.105,-0.003,-0.311,,,,,,,
29.54,1.855,15.014,0.001,-0.09,-0.003,-0.312,,,,,,,
29.56,2.04,15.452,0,-0.113,-0.003,-0.316,,,,,,,
29.58,3.739,16.1,0.026,-0.153,-0.002,-0.319,,,,,,,
29.6,4.325,15.873,0.041,-0.146,-0.002,-0.321,,,,,,,
29.62,2.917,15.275,0.018,-0.109,-0.002,-0.323,,,,,,,
29.64,2.323,15.508,0.004,-0.117,-0.002,-0.326,,,,,,,
29.66,2.188,15.645,0,-0.127,-0.002,-0.328,,,,,,,
29.68,2.212,15.762,-0.001,-0.131,-0.002,-0.332,,,,,,,
29.7,1.973,15.183,0,-0.105,-0.002,-0.332,,,,,,,
29.72,1.863,14.978,0,-0.091,-0.002,-0.335,,,,,,,
29.74,2.309,15.872,0,-0.139,-0.002,-0.339,,,,,,,
29.76,2.314,15.862,0,-0.141,-0.002,-0.34,,,,,,,
29.78,2.265,15.806,0,-0.135,-0.002,-0.344,,,,,,,
29.8,2.221,15.703,0,-0.132,-0.002,-0.346,,,,,,,
29.82,1.962,15.184,0,-0.104,-0.002,-0.347,,,,,,,
29.84,1.822,14.894,0,-0.09,-0.002,-0.349,,,,,,,
29.86,1.776,14.786,0,-0.086,-0.002,-0.351,,,,,,,
29.88,2.017,15.291,0,-0.113,-0.002,-0.354,,,,,,,
29.9,2.137,15.505,0,-0.128,-0.002,-0.356,,,,,,,
29.92,1.925,15.075,0,-0.105,-0.002,-0.358,,,,,,,
29.94,1.786,14.787,0,-0.091,-0.002,-0.36,,,,,,,
29.96,1.734,14.667,0,-0.087,-0.002,-0.361,,,,,,,
29.98,1.718,14.617,0,-0.086,-0.002,-0.363,,,,,,,
30,1.963,15.128,0,-0.113,-0.002,-0.367,,,,,,,
30.02,2.08,15.336,0,-0.128,-0.002,-0.368,,,,,,,
30.04,1.612,14.355,0,-0.079,-0.002,-0.368,,,,,,,
30.06,1.599,14.368,0,-0.077,-0.002,-0.372,,,,,,,
30.08,1.877,14.89,0,-0.109,-0.002,-0.374,,,,,,,
30.1,1.787,14.698,0,-0.101,-0.002,-0.375,,,,,,,
30.12,1.946,15.047,0,-0.118,-0.002,-0.379,,,,,,,
30.14,1.774,14.643,0,-0.102,-0.002,-0.379,,,,,,,
30.16,1.682,14.505,0,-0.091,-0.002,-0.382,,,,,,,
30.18,1.621,14.317,0,-0.087,-0.002,-0.382,,,,,,,
30.2,1.624,14.366,0,-0.087,-0.002,-0.386,,,,,,,
30.22,1.854,14.799,0,-0.113,-0.002,-0.388,,,,,,,
30.24,1.736,14.56,0,-0.101,-0.002,-0.389,,,,,,,
30.26,1.634,14.352,0,-0.091,-0.002,-0.391,,,,,,,
30.28,1.591,14.257,0,-0.087,-0.002,-0.393,,,,,,,
30.3,1.576,14.219,0,-0.087,-0.002,-0.395,,,,,,,
30.32,1.823,14.745,0,-0.113,-0.002,-0.398,,,,,,,
30.34,1.69,14.422,0,-0.101,-0.002,-0.398,,,,,,,
30.36,1.352,13.761,0,-0.065,-0.002,-0.4,,,,,,,
30.38,1.674,14.432,0,-0.1,-0.002,-0.403,,,,,,,
30.4,2.135,15.376,0,-0.15,-0.002,-0.407,,,,,,,
30.42,1.835,14.734,0,-0.119,-0.002,-0.407,,,,,,,
30.44,1.632,14.392,0,-0.095,-0.002,-0.41,,,,,,,
30.46,1.787,14.689,0,-0.114,-0.002,-0.412,,,,,,,
30.48,1.661,14.442,0,-0.1,-0.002,-0.414,,,,,,,
30.5,1.567,14.258,0,-0.09,-0.002,-0.415,,,,,,,
30.52,1.531,14.186,0,-0.087,-0.002,-0.417,,,,,,,
30.54,1.776,14.715,0,-0.113,-0.002,-0.421,,,,,,,
30.56,1.646,14.408,0,-0.101,-0.002,-0.421,,,,,,,
30.58,1.567,14.311,0,-0.091,-0.002,-0.424,,,,,,,
30.6,2.019,15.245,0,-0.14,-0.002,-0.428,,,,,,,
30.62,2.028,15.264,0,-0.142,-0.002,-0.429,,,,,,,
30.64,1.73,14.692,0,-0.109,-0.002,-0.431,,,,,,,
30.66,1.821,14.928,0,-0.118,-0.002,-0.435,,,,,,,
30.68,1.647,14.539,0,-0.1,-0.002,-0.435,,,,,,,
30.7,1.567,14.446,0,-0.09,-0.002,-0.438,,,,,,,
30.72,1.772,14.85,0,-0.113,-0.002,-0.44,,,,,,,
30.74,1.912,15.184,0,-0.127,-0.002,-0.443,,,,,,,
30.76,1.693,14.712,0,-0.105,-0.002,-0.443,,,,,,,
30.78,1.583,14.563,0,-0.091,-0.002,-0.447,,,,,,,
30.8,1.779,14.953,0,-0.113,-0.002,-0.449,,,,,,,
30.82,1.665,14.742,0,-0.101,-0.002,-0.45,,,,,,,
30.84,1.575,14.578,0,-0.091,-0.002,-0.452,,,,,,,
30.86,1.542,14.525,0,-0.087,-0.002,-0.454,,,,,,,
30.88,1.536,14.527,0,-0.087,-0.002,-0.456,,,,,,,
30.9,1.538,14.542,0,-0.087,-0.002,-0.457,,,,,,,
30.92,1.539,14.558,0,-0.087,-0.002,-0.459,,,,,,,
30.94,1.539,14.573,0,-0.087,-0.002,-0.461,,,,,,,
30.96,1.539,14.587,0,-0.087,-0.002,-0.463,,,,,,,
30.98,1.54,14.603,0,-0.087,-0.002,-0.464,,,,,,,
31,1.54,14.619,0,-0.087,-0.002,-0.466,,,,,,,
31.02,1.286,14.088,0,-0.061,-0.002,-0.466,,,,,,,
31.04,1.159,13.859,0,-0.047,-0.002,-0.468,,,,,,,
31.06,1.108,13.721,0,-0.043,-0.002,-0.468,,,,,,,
31.08,1.363,14.287,0,-0.069,-0.002,-0.471,,,,,,,
31.1,1.479,14.475,0,-0.084,-0.002,-0.471,,,,,,,
31.12,1.281,14.109,0,-0.062,-0.002,-0.473,,,,,,,
31.14,1.139,13.796,0,-0.048,-0.002,-0.473,,,,,,,
31.16,1.101,13.742,0,-0.043,-0.002,-0.475,,,,,,,
31.18,1.082,13.669,0,-0.043,-0.002,-0.475,,,,,,,
31.2,0.833,13.151,0,-0.017,-0.002,-0.475,,,,,,,
31.22,0.947,13.392,0,-0.029,-0.002,-0.477,,,,,,,
31.24,1.026,13.507,0,-0.04,-0.002,-0.477,,,,,,,
31.26,0.808,13.049,0,-0.017,-0.002,-0.477,,,,,,,
31.28,0.924,13.295,0,-0.03,-0.002,-0.478,,,,,,,
31.3,1,13.406,0,-0.04,-0.002,-0.478,,,,,,,
31.32,0.78,12.945,0,-0.017,-0.002,-0.478,,,,,,,
31.34,0.896,13.191,0,-0.03,-0.002,-0.48,,,,,,,
31.36,0.972,13.303,0,-0.04,-0.002,-0.48,,,,,,,
31.38,0.752,12.844,0,-0.017,-0.002,-0.48,,,,,,,
31.4,0.615,12.542,0,-0.004,-0.002,-0.48,,,,,,,
31.42,0.563,12.407,0,0.001,-0.002,-0.48,,,,,,,
31.44,0.546,12.339,0,0.001,-0.002,-0.48,,,,,,,
31.46,0.789,12.832,0,-0.026,-0.002,-0.482,,,,,,,
31.48,0.905,13.022,0,-0.041,-0.002,-0.482,,,,,,,
31.5,0.688,12.569,0,-0.018,-0.002,-0.482,,,,,,,
31.52,0.547,12.261,0,-0.004,-0.002,-0.482,,,,,,,
31.54,0.493,12.122,0,0,-0.002,-0.482,,,,,,,
31.56,0.729,12.602,0,-0.026,-0.002,-0.484,,,,,,,
31.58,0.846,12.796,0,-0.04,-0.002,-0.484,,,,,,,
31.6,0.632,12.348,0,-0.018,-0.002,-0.484,,,,,,,
31.62,0.746,12.591,0,-0.03,-0.002,-0.485,,,,,,,
31.64,0.82,12.701,0,-0.04,-0.002,-0.485,,,,,,,
31.66,0.6,12.243,0,-0.017,-0.002,-0.485,,,,,,,
31.68,0.718,12.493,0,-0.03,-0.002,-0.487,,,,,,,
31.7,0.794,12.61,0,-0.04,-0.002,-0.487,,,,,,,
31.72,0.576,12.155,0,-0.017,-0.002,-0.487,,,,,,,
31.74,0.693,12.406,0,-0.03,-0.002,-0.489,,,,,,,
31.76,0.77,12.523,0,-0.04,-0.002,-0.489,,,,,,,
31.78,0.806,12.618,0,-0.044,-0.002,-0.49,,,,,,,
31.8,0.797,12.57,0,-0.044,-0.002,-0.49,,,,,,,
31.82,0.799,12.598,0,-0.044,-0.002,-0.492,,,,,,,
31.84,1.038,13.087,0,-0.07,-0.002,-0.494,,,,,,,
31.86,0.915,12.819,0,-0.058,-0.002,-0.494,,,,,,,
31.88,0.827,12.674,0,-0.047,-0.002,-0.496,,,,,,,
31.9,1.034,13.103,0,-0.07,-0.002,-0.497,,,,,,,
31.92,0.907,12.828,0,-0.057,-0.002,-0.497,,,,,,,
31.94,0.821,12.69,0,-0.047,-0.002,-0.499,,,,,,,
31.96,0.776,12.575,0,-0.044,-0.002,-0.499,,,,,,,
31.98,0.777,12.605,0,-0.043,-0.002,-0.501,,,,,,,
32,1.022,13.107,0,-0.07,-0.002,-0.503,,,,,,,
32.02,1.157,13.398,0,-0.084,-0.002,-0.504,,,,,,,
32.04,1.198,13.508,0,-0.088,-0.002,-0.506,,,,,,,
32.06,1.204,13.552,0,-0.088,-0.002,-0.508,,,,,,,
32.08,0.951,13.037,0,-0.061,-0.002,-0.508,,,,,,,
32.1,1.082,13.377,0,-0.073,-0.002,-0.511,,,,,,,
32.12,1.163,13.512,0,-0.083,-0.002,-0.511,,,,,,,
32.14,0.967,13.165,0,-0.061,-0.002,-0.513,,,,,,,
32.16,1.089,13.434,0,-0.074,-0.002,-0.515,,,,,,,
32.18,1.187,13.657,0,-0.084,-0.002,-0.517,,,,,,,
32.2,0.973,13.22,0,-0.061,-0.002,-0.517,,,,,,,
32.22,0.857,13.031,0,-0.047,-0.002,-0.518,,,,,,,
32.24,1.065,13.468,0,-0.069,-0.002,-0.52,,,,,,,
32.26,1.198,13.762,0,-0.083,-0.002,-0.522,,,,,,,
32.28,0.991,13.34,0,-0.061,-0.002,-0.522,,,,,,,
32.3,0.874,13.151,0,-0.047,-0.002,-0.524,,,,,,,
32.32,1.081,13.589,0,-0.07,-0.002,-0.525,,,,,,,
32.34,0.96,13.336,0,-0.057,-0.002,-0.525,,,,,,,
32.36,0.879,13.218,0,-0.047,-0.002,-0.527,,,,,,,
32.38,0.839,13.122,0,-0.044,-0.002,-0.527,,,,,,,
32.4,0.844,13.169,0,-0.043,-0.002,-0.529,,,,,,,
32.42,0.838,13.14,0,-0.043,-0.002,-0.529,,,,,,,
32.44,0.594,12.651,0,-0.017,-0.002,-0.529,,,,,,,
32.46,0.713,12.921,0,-0.029,-0.002,-0.531,,,,,,,
32.48,0.798,13.069,0,-0.04,-0.002,-0.531,,,,,,,
32.5,0.587,12.644,0,-0.017,-0.002,-0.531,,,,,,,
32.52,0.712,12.924,0,-0.03,-0.002,-0.532,,,,,,,
32.54,0.794,13.068,0,-0.04,-0.002,-0.532,,,,,,,
32.56,0.582,12.641,0,-0.017,-0.002,-0.532,,,,,,,
32.58,0.451,12.371,0,-0.004,-0.002,-0.532,,,,,,,
32.6,0.406,12.269,0,0.001,-0.002,-0.532,,,,,,,
32.62,0.651,12.782,0,-0.026,-0.002,-0.534,,,,,,,
32.64,0.775,13.007,0,-0.04,-0.002,-0.534,,,,,,,
32.66,0.567,12.59,0,-0.018,-0.002,-0.534,,,,,,,
32.68,0.433,12.315,0,-0.004,-0.002,-0.534,,,,,,,
32.7,0.387,12.209,0,0,-0.002,-0.534,,,,,,,
32.72,0.376,12.173,0,0.001,-0.002,-0.534,,,,,,,
32.74,0.372,12.151,0,0,-0.002,-0.534,,,,,,,
32.76,0.367,12.126,0,0,-0.002,-0.534,,,,,,,
32.78,0.36,12.097,0,0,-0.002,-0.534,,,,,,,
32.8,0.353,12.067,0,0,-0.002,-0.534,,,,,,,
32.82,0.345,12.037,0,0,-0.002,-0.534,,,,,,,
32.84,0.338,12.007,0,0,-0.002,-0.534,,,,,,,
32.86,0.33,11.977,0,0,-0.002,-0.534,,,,,,,
32.88,0.323,11.947,0,0,-0.002,-0.534,,,,,,,
32.9,0.315,11.917,0,0,-0.002,-0.534,,,,,,,
32.92,0.307,11.887,0,0,-0.002,-0.534,,,,,,,
32.94,0.3,11.857,0,0,-0.002,-0.534,,,,,,,
32.96,0.292,11.827,0,0,-0.002,-0.534,,,,,,,
32.98,0.285,11.797,0,0,-0.002,-0.534,,,,,,,
33,0.277,11.767,0,0,-0.002,-0.534,,,,,,,
33.02,0.27,11.737,0,0,-0.002,-0.534,,,,,,,
33.04,0.262,11.707,0,0,-0.002,-0.534,,,,,,,
33.06,0.254,11.677,0,0,-0.002,-0.534,,,,,,,
33.08,0.247,11.647,0,0,-0.002,-0.534,,,,,,,
33.1,0.494,12.166,0,-0.026,-0.002,-0.536,,,,,,,
33.12,0.614,12.384,0,-0.041,-0.002,-0.536,,,,,,,
33.14,0.404,11.963,0,-0.018,-0.002,-0.536,,,,,,,
33.16,0.27,11.688,0,-0.004,-0.002,-0.536,,,,,,,
33.18,0.223,11.583,0,0,-0.002,-0.536,,,,,,,
33.2,0.467,12.097,0,-0.026,-0.002,-0.538,,,,,,,
33.22,0.592,12.324,0,-0.04,-0.002,-0.538,,,,,,,
33.24,0.385,11.909,0,-0.018,-0.002,-0.538,,,,,,,
33.26,0.506,12.186,0,-0.03,-0.002,-0.539,,,,,,,
33.28,0.587,12.33,0,-0.04,-0.002,-0.539,,,,,,,
33.3,0.375,11.905,0,-0.017,-0.002,-0.539,,,,,,,
33.32,0.245,11.64,0,-0.004,-0.002,-0.539,,,,,,,
33.34,0.456,12.091,0,-0.026,-0.002,-0.541,,,,,,,
33.36,0.574,12.307,0,-0.04,-0.002,-0.541,,,,,,,
33.38,0.624,12.446,0,-0.044,-0.002,-0.543,,,,,,,
33.4,0.62,12.428,0,-0.044,-0.002,-0.543,,,,,,,
33.42,0.373,11.936,0,-0.018,-0.002,-0.543,,,,,,,
33.44,0.491,12.209,0,-0.03,-0.002,-0.545,,,,,,,
33.46,0.577,12.363,0,-0.04,-0.002,-0.545,,,,,,,
33.48,0.368,11.947,0,-0.017,-0.002,-0.545,,,,,,,
33.5,0.494,12.235,0,-0.03,-0.002,-0.546,,,,,,,
33.52,0.579,12.389,0,-0.04,-0.002,-0.546,,,,,,,
33.54,0.622,12.519,0,-0.044,-0.002,-0.548,,,,,,,
33.56,0.621,12.506,0,-0.044,-0.002,-0.548,,,,,,,
33.58,0.376,12.021,0,-0.018,-0.002,-0.548,,,,,,,
33.6,0.241,11.749,0,-0.003,-0.002,-0.548,,,,,,,
33.62,0.455,12.208,0,-0.026,-0.002,-0.55,,,,,,,
33.64,0.576,12.434,0,-0.04,-0.002,-0.55,,,,,,,
33.66,0.373,12.031,0,-0.018,-0.002,-0.55,,,,,,,
33.68,0.498,12.318,0,-0.03,-0.002,-0.552,,,,,,,
33.7,0.581,12.471,0,-0.04,-0.002,-0.552,,,,,,,
33.72,0.371,12.054,0,-0.017,-0.002,-0.552,,,,,,,
33.74,0.242,11.797,0,-0.004,-0.002,-0.552,,,,,,,
33.76,0.455,12.255,0,-0.026,-0.002,-0.553,,,,,,,
33.78,0.575,12.479,0,-0.04,-0.002,-0.553,,,,,,,
33.8,0.372,12.077,0,-0.018,-0.002,-0.553,,,,,,,
33.82,0.242,11.818,0,-0.004,-0.002,-0.553,,,,,,,
33.84,0.199,11.725,0,0,-0.002,-0.553,,,,,,,
33.86,0.445,12.25,0,-0.026,-0.002,-0.555,,,,,,,
33.88,0.572,12.487,0,-0.04,-0.002,-0.555,,,,,,,
33.9,0.367,12.083,0,-0.018,-0.002,-0.555,,,,,,,
33.92,0.236,11.822,0,-0.004,-0.002,-0.555,,,,,,,
33.94,0.447,12.277,0,-0.026,-0.002,-0.557,,,,,,,
33.96,0.566,12.502,0,-0.04,-0.002,-0.557,,,,,,,
33.98,0.364,12.102,0,-0.018,-0.002,-0.557,,,,,,,
34,0.235,11.845,0,-0.004,-0.002,-0.557,,,,,,,
34.02,0.191,11.754,0,0,-0.002,-0.557,,,,,,,
34.04,0.438,12.281,0,-0.026,-0.002,-0.559,,,,,,,
34.06,0.566,12.521,0,-0.04,-0.002,-0.559,,,,,,,
34.08,0.361,12.119,0,-0.018,-0.002,-0.559,,,,,,,
34.1,0.231,11.86,0,-0.004,-0.002,-0.559,,,,,,,
34.12,0.187,11.768,0,0,-0.002,-0.559,,,,,,,
34.14,0.18,11.747,0,0.001,-0.002,-0.559,,,,,,,
34.16,0.18,11.74,0,0,-0.002,-0.559,,,,,,,
34.18,0.178,11.73,0,0,-0.002,-0.559,,,,,,,
34.2,0.429,12.266,0,-0.026,-0.002,-0.56,,,,,,,
34.22,0.552,12.499,0,-0.041,-0.002,-0.56,,,,,,,
34.24,0.346,12.093,0,-0.018,-0.002,-0.56,,,,,,,
34.26,0.215,11.833,0,-0.004,-0.002,-0.56,,,,,,,
34.28,0.171,11.743,0,0,-0.002,-0.56,,,,,,,
34.3,0.164,11.723,0,0.001,-0.002,-0.56,,,,,,,
34.32,0.164,11.717,0,0,-0.002,-0.56,,,,,,,
34.34,0.163,11.708,0,0,-0.002,-0.56,,,,,,,
34.36,0.16,11.696,0,0,-0.002,-0.56,,,,,,,
34.38,0.156,11.683,0,0,-0.002,-0.56,,,,,,,
34.4,0.406,12.217,0,-0.026,-0.002,-0.562,,,,,,,
34.42,0.53,12.451,0,-0.041,-0.002,-0.562,,,,,,,
34.44,0.323,12.047,0,-0.018,-0.002,-0.562,,,,,,,
34.46,0.193,11.788,0,-0.004,-0.002,-0.562,,,,,,,
34.48,0.149,11.699,0,0,-0.002,-0.562,,,,,,,
34.5,0.143,11.68,0,0.001,-0.002,-0.562,,,,,,,
34.52,0.143,11.675,0,0,-0.002,-0.562,,,,,,,
34.54,0.142,11.668,0,0,-0.002,-0.562,,,,,,,
34.56,0.139,11.656,0,0,-0.002,-0.562,,,,,,,
34.58,0.135,11.644,0,0,-0.002,-0.562,,,,,,,
34.6,0.131,11.631,0,0,-0.002,-0.562,,,,,,,
34.62,0.127,11.618,0,0,-0.002,-0.562,,,,,,,
34.64,0.378,12.154,0,-0.026,-0.002,-0.564,,,,,,,
34.66,0.502,12.389,0,-0.041,-0.002,-0.564,,,,,,,
34.68,0.296,11.986,0,-0.018,-0.002,-0.564,,,,,,,
34.7,0.165,11.728,0,-0.004,-0.002,-0.564,,,,,,,
34.72,0.122,11.64,0,0,-0.002,-0.564,,,,,,,
34.74,0.116,11.623,0,0.001,-0.002,-0.564,,,,,,,
34.76,0.116,11.619,0,0,-0.002,-0.564,,,,,,,
34.78,0.115,11.612,0,0,-0.002,-0.564,,,,,,,
34.8,0.112,11.602,0,0,-0.002,-0.564,,,,,,,
34.82,0.109,11.591,0,0,-0.002,-0.564,,,,,,,
34.84,0.36,12.127,0,-0.026,-0.002,-0.566,,,,,,,
34.86,0.484,12.364,0,-0.041,-0.002,-0.566,,,,,,,
34.88,0.278,11.961,0,-0.018,-0.002,-0.566,,,,,,,
34.9,0.148,11.705,0,-0.004,-0.002,-0.566,,,,,,,
34.92,0.105,11.618,0,0,-0.002,-0.566,,,,,,,
34.94,0.099,11.601,0,0.001,-0.002,-0.566,,,,,,,
34.96,0.354,12.147,0,-0.026,-0.002,-0.567,,,,,,,
34.98,0.481,12.39,0,-0.041,-0.002,-0.567,,,,,,,
35,0.276,11.99,0,-0.018,-0.002,-0.567,,,,,,,
35.02,0.146,11.734,0,-0.004,-0.002,-0.567,,,,,,,
35.04,0.104,11.648,0,0,-0.002,-0.567,,,,,,,
35.06,0.352,12.182,0,-0.026,-0.002,-0.569,,,,,,,
35.08,0.48,12.428,0,-0.04,-0.002,-0.569,,,,,,,
35.1,0.278,12.033,0,-0.018,-0.002,-0.569,,,,,,,
35.12,0.149,11.78,0,-0.004,-0.002,-0.569,,,,,,,
35.14,0.361,12.244,0,-0.026,-0.002,-0.571,,,,,,,
35.16,0.483,12.477,0,-0.04,-0.002,-0.571,,,,,,,
35.18,0.282,12.086,0,-0.018,-0.002,-0.571,,,,,,,
35.2,0.155,11.837,0,-0.004,-0.002,-0.571,,,,,,,
35.22,0.113,11.755,0,0,-0.002,-0.571,,,,,,,
35.24,0.108,11.742,0,0.001,-0.002,-0.571,,,,,,,
35.26,0.109,11.742,0,0,-0.002,-0.571,,,,,,,
35.28,0.109,11.74,0,0,-0.002,-0.571,,,,,,,
35.3,0.362,12.283,0,-0.026,-0.002,-0.573,,,,,,,
35.32,0.487,12.524,0,-0.041,-0.002,-0.573,,,,,,,
35.34,0.282,12.125,0,-0.018,-0.002,-0.573,,,,,,,
35.36,0.152,11.873,0,-0.004,-0.002,-0.573,,,,,,,
35.38,0.111,11.791,0,0,-0.002,-0.573,,,,,,,
35.4,0.105,11.778,0,0.001,-0.002,-0.573,,,,,,,
35.42,0.107,11.78,0,0,-0.002,-0.573,,,,,,,
35.44,0.107,11.779,0,0,-0.002,-0.573,,,,,,,
35.46,0.106,11.774,0,0,-0.002,-0.573,,,,,,,
35.48,0.103,11.768,0,0,-0.002,-0.573,,,,,,,
35.5,0.101,11.761,0,0,-0.002,-0.573,,,,,,,
35.52,0.098,11.755,0,0,-0.002,-0.573,,,,,,,
35.54,0.096,11.749,0,0,-0.002,-0.573,,,,,,,
35.56,0.094,11.742,0,0,-0.002,-0.573,,,,,,,
35.58,0.091,11.736,0,0,-0.002,-0.573,,,,,,,
35.6,0.089,11.73,0,0,-0.002,-0.573,,,,,,,
35.62,0.086,11.724,0,0,-0.002,-0.573,,,,,,,
35.64,0.084,11.717,0,0,-0.002,-0.573,,,,,,,
35.66,0.082,11.711,0,0,-0.002,-0.573,,,,,,,
35.68,0.079,11.705,0,0,-0.002,-0.573,,,,,,,
35.7,0.077,11.699,0,0,-0.002,-0.573,,,,,,,
35.72,0.075,11.692,0,0,-0.002,-0.573,,,,,,,
35.74,0.072,11.686,0,0,-0.002,-0.573,,,,,,,
35.76,0.07,11.68,0,0,-0.002,-0.573,,,,,,,
35.78,0.067,11.674,0,0,-0.002,-0.573,,,,,,,
35.8,0.065,11.667,0,0,-0.002,-0.573,,,,,,,
35.82,0.063,11.661,0,0,-0.002,-0.573,,,,,,,
35.84,0.06,11.655,0,0,-0.002,-0.573,,,,,,,
35.86,0.058,11.649,0,0,-0.002,-0.573,,,,,,,
35.88,0.055,11.642,0,0,-0.002,-0.573,,,,,,,
35.9,0.053,11.636,0,0,-0.002,-0.573,,,,,,,
35.92,0.051,11.63,0,0,-0.002,-0.573,,,,,,,
35.94,0.048,11.624,0,0,-0.002,-0.573,,,,,,,
35.96,0.046,11.617,0,0,-0.002,-0.573,,,,,,,
35.98,0.044,11.611,0,0,-0.002,-0.573,,,,,,,
36,0.041,11.605,0,0,-0.002,-0.573,,,,,,,
36.02,0.039,11.599,0,0,-0.002,-0.573,,,,,,,
36.04,0.036,11.592,0,0,-0.002,-0.573,,,,,,,
36.06,0.288,12.135,0,-0.026,-0.002,-0.574,,,,,,,
36.08,0.414,12.376,0,-0.041,-0.002,-0.574,,,,,,,
36.1,0.209,11.979,0,-0.018,-0.002,-0.574,,,,,,,
36.12,0.08,11.728,0,-0.004,-0.002,-0.574,,,,,,,
36.14,0.039,11.647,0,0,-0.002,-0.574,,,,,,,
36.16,0.033,11.636,0,0.001,-0.002,-0.574,,,,,,,
36.18,0.035,11.638,0,0,-0.002,-0.574,,,,,,,
36.2,0.036,11.638,0,0,-0.002,-0.574,,,,,,,
36.22,0.034,11.634,0,0,-0.002,-0.574,,,,,,,
36.24,0.032,11.629,0,0,-0.002,-0.574,,,,,,,
36.26,0.03,11.624,0,0,-0.002,-0.574,,,,,,,
36.28,0.028,11.619,0,0,-0.002,-0.574,,,,,,,
36.3,0.026,11.614,0,0,-0.002,-0.574,,,,,,,
36.32,0.024,11.608,0,0,-0.002,-0.574,,,,,,,
36.34,0.021,11.603,0,0,-0.002,-0.574,,,,,,,
36.36,0.019,11.598,0,0,-0.002,-0.574,,,,,,,
36.38,0.017,11.593,0,0,-0.002,-0.574,,,,,,,
36.4,0.015,11.588,0,0,-0.002,-0.574,,,,,,,
36.42,0.013,11.582,0,0,-0.002,-0.574,,,,,,,
36.44,0.011,11.577,0,0,-0.002,-0.574,,,,,,,
36.46,0.009,11.572,0,0,-0.002,-0.574,,,,,,,
36.48,0.006,11.567,0,0,-0.002,-0.574,,,,,,,
36.5,0.004,11.562,0,0,-0.002,-0.574,,,,,,,
36.52,0.002,11.557,0,0,-0.002,-0.574,,,,,,,
36.54,0,11.551,0,0,-0.002,-0.574,,,,,,,
36.56,-0.002,11.546,0,0,-0.002,-0.574,,,,,,,
36.58,-0.004,11.541,0,0,-0.002,-0.574,,,,,,,
36.6,-0.006,11.536,0,0,-0.002,-0.574,,,,,,,
36.62,-0.009,11.531,0,0,-0.002,-0.574,,,,,,,
36.64,-0.011,11.525,0,0,-0.002,-0.574,,,,,,,
36.66,-0.013,11.52,0,0,-0.002,-0.574,,,,,,,
36.68,-0.015,11.515,0,0,-0.002,-0.574,,,,,,,
36.7,-0.017,11.51,0,0,-0.002,-0.574,,,,,,,
36.72,-0.019,11.505,0,0,-0.002,-0.574,,,,,,,
36.74,-0.021,11.5,0,0,-0.002,-0.574,,,,,,,
36.76,-0.024,11.494,0,0,-0.002,-0.574,,,,,,,
36.78,-0.026,11.489,0,0,-0.002,-0.574,,,,,,,
36.8,-0.028,11.484,0,0,-0.002,-0.574,,,,,,,
36.82,-0.03,11.479,0,0,-0.002,-0.574,,,,,,,
36.84,-0.032,11.474,0,0,-0.002,-0.574,,,,,,,
36.86,-0.034,11.468,0,0,-0.002,-0.574,,,,,,,
36.88,-0.036,11.463,0,0,-0.002,-0.574,,,,,,,
36.9,-0.039,11.458,0,0,-0.002,-0.574,,,,,,,
36.92,0.214,12.002,0,-0.026,-0.002,-0.576,,,,,,,
36.94,0.339,12.244,0,-0.041,-0.002,-0.576,,,,,,,
36.96,0.135,11.848,0,-0.018,-0.002,-0.576,,,,,,,
36.98,0.006,11.598,0,-0.004,-0.002,-0.576,,,,,,,
37,-0.035,11.518,0,0,-0.002,-0.576,,,,,,,
37.02,-0.04,11.508,0,0.001,-0.002,-0.576,,,,,,,
37.04,-0.038,11.512,0,0,-0.002,-0.576,,,,,,,
37.06,-0.037,11.512,0,0,-0.002,-0.576,,,,,,,
37.08,-0.039,11.51,0,0,-0.002,-0.576,,,,,,,
37.1,-0.04,11.506,0,0,-0.002,-0.576,,,,,,,
37.12,-0.042,11.502,0,0,-0.002,-0.576,,,,,,,
37.14,0.21,12.046,0,-0.026,-0.002,-0.578,,,,,,,
37.16,0.336,12.29,0,-0.041,-0.002,-0.578,,,,,,,
37.18,0.132,11.895,0,-0.018,-0.002,-0.578,,,,,,,
37.2,0.003,11.646,0,-0.004,-0.002,-0.578,,,,,,,
37.22,-0.038,11.567,0,0,-0.002,-0.578,,,,,,,
37.24,-0.043,11.558,0,0.001,-0.002,-0.578,,,,,,,
37.26,-0.04,11.563,0,0,-0.002,-0.578,,,,,,,
37.28,-0.039,11.565,0,0,-0.002,-0.578,,,,,,,
37.3,-0.04,11.563,0,0,-0.002,-0.578,,,,,,,
37.32,0.213,12.109,0,-0.026,-0.002,-0.58,,,,,,,
37.34,0.339,12.354,0,-0.041,-0.002,-0.58,,,,,,,
37.36,0.135,11.96,0,-0.018,-0.002,-0.58,,,,,,,
37.38,0.006,11.712,0,-0.004,-0.002,-0.58,,,,,,,
37.4,-0.035,11.634,0,0,-0.002,-0.58,,,,,,,
37.42,-0.039,11.626,0,0.001,-0.002,-0.58,,,,,,,
37.44,-0.037,11.632,0,0,-0.002,-0.58,,,,,,,
37.46,-0.035,11.635,0,0,-0.002,-0.58,,,,,,,
37.48,-0.036,11.634,0,0,-0.002,-0.58,,,,,,,
37.5,-0.037,11.632,0,0,-0.002,-0.58,,,,,,,
37.52,-0.039,11.63,0,0,-0.002,-0.58,,,,,,,
37.54,-0.04,11.628,0,0,-0.002,-0.58,,,,,,,
37.56,-0.042,11.626,0,0,-0.002,-0.58,,,,,,,
37.58,-0.043,11.624,0,0,-0.002,-0.58,,,,,,,
37.6,-0.045,11.622,0,0,-0.002,-0.58,,,,,,,
37.62,-0.046,11.621,0,0,-0.002,-0.58,,,,,,,
37.64,-0.048,11.619,0,0,-0.002,-0.58,,,,,,,
37.66,-0.049,11.617,0,0,-0.002,-0.58,,,,,,,
37.68,-0.05,11.615,0,0,-0.002,-0.58,,,,,,,
37.7,-0.052,11.613,0,0,-0.002,-0.58,,,,,,,
37.72,-0.053,11.611,0,0,-0.002,-0.58,,,,,,,
37.74,-0.055,11.609,0,0,-0.002,-0.58,,,,,,,
37.76,-0.056,11.607,0,0,-0.002,-0.58,,,,,,,
37.78,-0.058,11.605,0,0,-0.002,-0.58,,,,,,,
37.8,-0.059,11.603,0,0,-0.002,-0.58,,,,,,,
37.82,-0.06,11.601,0,0,-0.002,-0.58,,,,,,,
37.84,-0.062,11.599,0,0,-0.002,-0.58,,,,,,,
37.86,-0.063,11.597,0,0,-0.002,-0.58,,,,,,,
37.88,-0.065,11.595,0,0,-0.002,-0.58,,,,,,,
37.9,-0.066,11.593,0,0,-0.002,-0.58,,,,,,,
37.92,-0.068,11.591,0,0,-0.002,-0.58,,,,,,,
37.94,-0.069,11.589,0,0,-0.002,-0.58,,,,,,,
37.96,-0.071,11.587,0,0,-0.002,-0.58,,,,,,,
37.98,-0.072,11.585,0,0,-0.002,-0.58,,,,,,,
38,-0.073,11.584,0,0,-0.002,-0.58,,,,,,,
38.02,-0.075,11.582,0,0,-0.002,-0.58,,,,,,,
38.04,-0.076,11.58,0,0,-0.002,-0.58,,,,,,,
38.06,-0.078,11.578,0,0,-0.002,-0.58,,,,,,,
38.08,-0.079,11.576,0,0,-0.002,-0.58,,,,,,,
38.1,-0.081,11.574,0,0,-0.002,-0.58,,,,,,,
38.12,-0.082,11.572,0,0,-0.002,-0.58,,,,,,,
38.14,-0.083,11.57,0,0,-0.002,-0.58,,,,,,,
38.16,0.169,12.117,0,-0.026,-0.002,-0.581,,,,,,,
38.18,0.296,12.363,0,-0.041,-0.002,-0.581,,,,,,,
38.2,0.092,11.97,0,-0.018,-0.002,-0.581,,,,,,,
38.22,-0.036,11.723,0,-0.004,-0.002,-0.581,,,,,,,
38.24,-0.077,11.646,0,0,-0.002,-0.581,,,,,,,
38.26,-0.081,11.639,0,0.001,-0.002,-0.581,,,,,,,
38.28,-0.078,11.646,0,0,-0.002,-0.581,,,,,,,
38.3,-0.077,11.65,0,0,-0.002,-0.581,,,,,,,
38.32,-0.077,11.651,0,0,-0.002,-0.581,,,,,,,
38.34,-0.078,11.65,0,0,-0.002,-0.581,,,,,,,
38.36,-0.079,11.649,0,0,-0.002,-0.581,,,,,,,
38.38,-0.081,11.648,0,0,-0.002,-0.581,,,,,,,
38.4,-0.082,11.647,0,0,-0.002,-0.581,,,,,,,
38.42,-0.083,11.646,0,0,-0.002,-0.581,,,,,,,
38.44,-0.084,11.646,0,0,-0.002,-0.581,,,,,,,
38.46,-0.086,11.645,0,0,-0.002,-0.581,,,,,,,
38.48,-0.087,11.644,0,0,-0.002,-0.581,,,,,,,
38.5,-0.088,11.643,0,0,-0.002,-0.581,,,,,,,
38.52,-0.089,11.642,0,0,-0.002,-0.581,,,,,,,
38.54,-0.09,11.641,0,0,-0.002,-0.581,,,,,,,
38.56,-0.092,11.64,0,0,-0.002,-0.581,,,,,,,
38.58,-0.093,11.639,0,0,-0.002,-0.581,,,,,,,
38.6,-0.094,11.639,0,0,-0.002,-0.581,,,,,,,
38.62,-0.095,11.638,0,0,-0.002,-0.581,,,,,,,
38.64,-0.096,11.637,0,0,-0.002,-0.581,,,,,,,
38.66,-0.098,11.636,0,0,-0.002,-0.581,,,,,,,
38.68,-0.099,11.635,0,0,-0.002,-0.581,,,,,,,
38.7,-0.1,11.634,0,0,-0.002,-0.581,,,,,,,
38.72,-0.101,11.633,0,0,-0.002,-0.581,,,,,,,
38.74,-0.102,11.633,0,0,-0.002,-0.581,,,,,,,
38.76,-0.104,11.632,0,0,-0.002,-0.581,,,,,,,
38.78,-0.105,11.631,0,0,-0.002,-0.581,,,,,,,
38.8,-0.36,11.081,0,0.026,-0.002,-0.58,,,,,,,
38.82,-0.489,10.832,0,0.041,-0.002,-0.58,,,,,,,
38.84,-0.288,11.222,0,0.018,-0.002,-0.58,,,,,,,
38.86,-0.163,11.466,0,0.004,-0.002,-0.58,,,,,,,
38.88,-0.125,11.541,0,0,-0.002,-0.58,,,,,,,
38.9,0.131,12.093,0,-0.027,-0.002,-0.581,,,,,,,
38.92,0.253,12.332,0,-0.041,-0.002,-0.581,,,,,,,
38.94,0.047,11.934,0,-0.018,-0.002,-0.581,,,,,,,
38.96,-0.082,11.686,0,-0.004,-0.002,-0.581,,,,,,,
38.98,-0.122,11.608,0,0,-0.002,-0.581,,,,,,,
39,-0.126,11.602,0,0.001,-0.002,-0.581,,,,,,,
39.02,-0.124,11.609,0,0,-0.002,-0.581,,,,,,,
39.04,-0.122,11.613,0,0,-0.002,-0.581,,,,,,,
39.06,-0.123,11.613,0,0,-0.002,-0.581,,,,,,,
39.08,-0.124,11.613,0,0,-0.002,-0.581,,,,,,,
39.1,-0.125,11.612,0,0,-0.002,-0.581,,,,,,,
39.12,-0.126,11.611,0,0,-0.002,-0.581,,,,,,,
39.14,-0.127,11.61,0,0,-0.002,-0.581,,,,,,,
39.16,-0.129,11.609,0,0,-0.002,-0.581,,,,,,,
39.18,-0.13,11.608,0,0,-0.002,-0.581,,,,,,,
39.2,-0.131,11.607,0,0,-0.002,-0.581,,,,,,,
39.22,-0.132,11.606,0,0,-0.002,-0.581,,,,,,,
39.24,-0.133,11.606,0,0,-0.002,-0.581,,,,,,,
39.26,-0.135,11.605,0,0,-0.002,-0.581,,,,,,,
39.28,-0.136,11.604,0,0,-0.002,-0.581,,,,,,,
39.3,-0.137,11.603,0,0,-0.002,-0.581,,,,,,,
39.32,-0.138,11.602,0,0,-0.002,-0.581,,,,,,,
39.34,-0.139,11.601,0,0,-0.002,-0.581,,,,,,,
39.36,-0.141,11.6,0,0,-0.002,-0.581,,,,,,,
39.38,-0.142,11.599,0,0,-0.002,-0.581,,,,,,,
39.4,-0.143,11.599,0,0,-0.002,-0.581,,,,,,,
39.42,-0.144,11.598,0,0,-0.002,-0.581,,,,,,,
39.44,-0.146,11.597,0,0,-0.002,-0.581,,,,,,,
39.46,-0.147,11.596,0,0,-0.002,-0.581,,,,,,,
39.48,-0.148,11.595,0,0,-0.002,-0.581,,,,,,,
39.5,-0.149,11.594,0,0,-0.002,-0.581,,,,,,,
39.52,-0.15,11.593,0,0,-0.002,-0.581,,,,,,,
39.54,-0.152,11.593,0,0,-0.002,-0.581,,,,,,,
39.56,-0.153,11.592,0,0,-0.002,-0.581,,,,,,,
39.58,-0.154,11.591,0,0,-0.002,-0.581,,,,,,,
39.6,-0.155,11.59,0,0,-0.002,-0.581,,,,,,,
39.62,-0.156,11.589,0,0,-0.002,-0.581,,,,,,,
39.64,-0.158,11.588,0,0,-0.002,-0.581,,,,,,,
39.66,-0.159,11.587,0,0,-0.002,-0.581,,,,,,,
39.68,-0.16,11.586,0,0,-0.002,-0.581,,,,,,,
39.7,-0.161,11.586,0,0,-0.002,-0.581,,,,,,,
39.72,-0.162,11.585,0,0,-0.002,-0.581,,,,,,,
39.74,-0.164,11.584,0,0,-0.002,-0.581,,,,,,,
39.76,-0.165,11.583,0,0,-0.002,-0.581,,,,,,,
39.78,-0.166,11.582,0,0,-0.002,-0.581,,,,,,,
39.8,-0.167,11.581,0,0,-0.002,-0.581,,,,,,,
39.82,-0.168,11.58,0,0,-0.002,-0.581,,,,,,,
39.84,-0.17,11.58,0,0,-0.002,-0.581,,,,,,,
39.86,-0.171,11.579,0,0,-0.002,-0.581,,,,,,,
39.88,-0.172,11.578,0,0,-0.002,-0.581,,,,,,,
39.9,-0.173,11.577,0,0,-0.002,-0.581,,,,,,,
39.92,-0.174,11.576,0,0,-0.002,-0.581,,,,,,,
39.94,-0.176,11.575,0,0,-0.002,-0.581,,,,,,,
39.96,-0.177,11.574,0,0,-0.002,-0.581,,,,,,,
39.98,-0.178,11.573,0,0,-0.002,-0.581,,,,,,,
40,-0.179,11.573,0,0,-0.002,-0.581,,,,,,,
40.02,-0.18,11.572,0,0,-0.002,-0.581,,,,,,,
40.04,-0.182,11.571,0,0,-0.002,-0.581,,,,,,,
40.06,-0.183,11.57,0,0,-0.002,-0.581,,,,,,,
40.08,-0.184,11.569,0,0,-0.002,-0.581,,,,,,,
40.1,-0.185,11.568,0,0,-0.002,-0.581,,,,,,,
40.12,-0.186,11.567,0,0,-0.002,-0.581,,,,,,,
40.14,-0.188,11.567,0,0,-0.002,-0.581,,,,,,,
40.16,-0.189,11.566,0,0,-0.002,-0.581,,,,,,,
40.18,-0.19,11.565,0,0,-0.002,-0.581,,,,,,,
40.2,-0.191,11.564,0,0,-0.002,-0.581,,,,,,,
40.22,-0.192,11.563,0,0,-0.002,-0.581,,,,,,,
40.24,-0.194,11.562,0,0,-0.002,-0.581,,,,,,,
40.26,-0.195,11.561,0,0,-0.002,-0.581,,,,,,,
40.28,-0.196,11.56,0,0,-0.002,-0.581,,,,,,,
40.3,-0.197,11.56,0,0,-0.002,-0.581,,,,,,,
40.32,-0.198,11.559,0,0,-0.002,-0.581,,,,,,,
40.34,-0.2,11.558,0,0,-0.002,-0.581,,,,,,,
40.36,-0.201,11.557,0,0,-0.002,-0.581,,,,,,,
40.38,-0.202,11.556,0,0,-0.002,-0.581,,,,,,,
40.4,-0.203,11.555,0,0,-0.002,-0.581,,,,,,,
40.42,-0.204,11.554,0,0,-0.002,-0.581,,,,,,,
40.44,-0.206,11.554,0,0,-0.002,-0.581,,,,,,,
40.46,-0.207,11.553,0,0,-0.002,-0.581,,,,,,,
40.48,-0.208,11.552,0,0,-0.002,-0.581,,,,,,,
40.5,-0.209,11.551,0,0,-0.002,-0.581,,,,,,,
40.52,-0.21,11.55,0,0,-0.002,-0.581,,,,,,,
40.54,-0.212,11.549,0,0,-0.002,-0.581,,,,,,,
40.56,-0.213,11.548,0,0,-0.002,-0.581,,,,,,,
40.58,-0.214,11.547,0,0,-0.002,-0.581,,,,,,,
40.6,-0.215,11.547,0,0,-0.002,-0.581,,,,,,,
40.62,-0.216,11.546,0,0,-0.002,-0.581,,,,,,,
40.64,-0.218,11.545,0,0,-0.002,-0.581,,,,,,,
40.66,-0.219,11.544,0,0,-0.002,-0.581,,,,,,,
40.68,-0.22,11.543,0,0,-0.002,-0.581,,,,,,,
40.7,-0.221,11.542,0,0,-0.002,-0.581,,,,,,,
40.72,-0.222,11.541,0,0,-0.002,-0.581,,,,,,,
40.74,-0.224,11.541,0,0,-0.002,-0.581,,,,,,,
40.76,-0.225,11.54,0,0,-0.002,-0.581,,,,,,,
40.78,-0.226,11.539,0,0,-0.002,-0.581,,,,,,,
40.8,-0.227,11.538,0,0,-0.002,-0.581,,,,,,,
40.82,-0.228,11.537,0,0,-0.002,-0.581,,,,,,,
40.84,-0.23,11.536,0,0,-0.002,-0.581,,,,,,,
40.86,-0.231,11.535,0,0,-0.002,-0.581,,,,,,,
40.88,-0.232,11.535,0,0,-0.002,-0.581,,,,,,,
40.9,-0.233,11.534,0,0,-0.002,-0.581,,,,,,,
40.92,-0.234,11.533,0,0,-0.002,-0.581,,,,,,,
40.94,-0.236,11.532,0,0,-0.002,-0.581,,,,,,,
40.96,-0.237,11.531,0,0,-0.002,-0.581,,,,,,,
40.98,-0.238,11.53,0,0,-0.002,-0.581,,,,,,,
41,-0.239,11.529,0,0,-0.002,-0.581,,,,,,,
41.02,-0.24,11.528,0,0,-0.002,-0.581,,,,,,,
41.04,-0.242,11.528,0,0,-0.002,-0.581,,,,,,,
41.06,-0.243,11.527,0,0,-0.002,-0.581,,,,,,,
41.08,-0.244,11.526,0,0,-0.002,-0.581,,,,,,,
41.1,-0.245,11.525,0,0,-0.002,-0.581,,,,,,,
41.12,-0.246,11.524,0,0,-0.002,-0.581,,,,,,,
41.14,-0.248,11.523,0,0,-0.002,-0.581,,,,,,,
41.16,-0.249,11.522,0,0,-0.002,-0.581,,,,,,,
41.18,-0.25,11.522,0,0,-0.002,-0.581,,,,,,,
41.2,-0.251,11.521,0,0,-0.002,-0.581,,,,,,,
41.22,-0.252,11.52,0,0,-0.002,-0.581,,,,,,,
41.24,-0.254,11.519,0,0,-0.002,-0.581,,,,,,,
41.26,-0.255,11.518,0,0,-0.002,-0.581,,,,,,,
41.28,-0.256,11.517,0,0,-0.002,-0.581,,,,,,,
41.3,-0.257,11.516,0,0,-0.002,-0.581,,,,,,,
41.32,-0.258,11.515,0,0,-0.002,-0.581,,,,,,,
41.34,-0.26,11.515,0,0,-0.002,-0.581,,,,,,,
41.36,-0.261,11.514,0,0,-0.002,-0.581,,,,,,,
41.38,-0.262,11.513,0,0,-0.002,-0.581,,,,,,,
41.4,-0.263,11.512,0,0,-0.002,-0.581,,,,,,,
41.42,-0.264,11.511,0,0,-0.002,-0.581,,,,,,,
41.44,-0.266,11.51,0,0,-0.002,-0.581,,,,,,,
41.46,-0.267,11.509,0,0,-0.002,-0.581,,,,,,,
41.48,-0.268,11.509,0,0,-0.002,-0.581,,,,,,,
41.5,-0.269,11.508,0,0,-0.002,-0.581,,,,,,,
41.52,-0.27,11.507,0,0,-0.002,-0.581,,,,,,,
41.54,-0.272,11.506,0,0,-0.002,-0.581,,,,,,,
41.56,-0.273,11.505,0,0,-0.002,-0.581,,,,,,,
41.58,-0.274,11.504,0,0,-0.002,-0.581,,,,,,,
41.6,-0.275,11.503,0,0,-0.002,-0.581,,,,,,,
41.62,-0.276,11.502,0,0,-0.002,-0.581,,,,,,,
41.64,-0.278,11.502,0,0,-0.002,-0.581,,,,,,,
41.66,-0.279,11.501,0,0,-0.002,-0.581,,,,,,,
41.68,-0.28,11.5,0,0,-0.002,-0.581,,,,,,,
41.7,-0.281,11.499,0,0,-0.002,-0.581,,,,,,,
41.72,-0.282,11.498,0,0,-0.002,-0.581,,,,,,,
41.74,-0.284,11.497,0,0,-0.002,-0.581,,,,,,,
41.76,-0.285,11.496,0,0,-0.002,-0.581,,,,,,,
41.78,-0.286,11.496,0,0,-0.002,-0.581,,,,,,,
41.8,-0.287,11.495,0,0,-0.002,-0.581,,,,,,,
41.82,-0.288,11.494,0,0,-0.002,-0.581,,,,,,,
41.84,-0.29,11.493,0,0,-0.002,-0.581,,,,,,,
41.86,-0.036,12.041,0,-0.026,-0.002,-0.583,,,,,,,
41.88,0.09,12.288,0,-0.041,-0.002,-0.583,,,,,,,
41.9,-0.113,11.896,0,-0.018,-0.002,-0.583,,,,,,,
41.92,-0.241,11.65,0,-0.004,-0.002,-0.583,,,,,,,
41.94,-0.281,11.574,0,0,-0.002,-0.583,,,,,,,
41.96,-0.285,11.569,0,0.001,-0.002,-0.583,,,,,,,
41.98,-0.282,11.577,0,0,-0.002,-0.583,,,,,,,
42,-0.281,11.582,0,0,-0.002,-0.583,,,,,,,
42.02,-0.281,11.584,0,0,-0.002,-0.583,,,,,,,
42.04,-0.282,11.584,0,0,-0.002,-0.583,,,,,,,
42.06,-0.283,11.584,0,0,-0.002,-0.583,,,,,,,
42.08,-0.284,11.584,0,0,-0.002,-0.583,,,,,,,
42.1,-0.285,11.584,0,0,-0.002,-0.583,,,,,,,
42.12,-0.286,11.585,0,0,-0.002,-0.583,,,,,,,
42.14,-0.287,11.585,0,0,-0.002,-0.583,,,,,,,
42.16,-0.288,11.585,0,0,-0.002,-0.583,,,,,,,
42.18,-0.289,11.585,0,0,-0.002,-0.583,,,,,,,
42.2,-0.29,11.585,0,0,-0.002,-0.583,,,,,,,
42.22,-0.291,11.586,0,0,-0.002,-0.583,,,,,,,
42.24,-0.546,11.037,0,0.026,-0.002,-0.581,,,,,,,
42.26,-0.675,10.789,0,0.041,-0.002,-0.581,,,,,,,
42.28,-0.474,11.18,0,0.018,-0.002,-0.581,,,,,,,
42.3,-0.348,11.425,0,0.004,-0.002,-0.581,,,,,,,
42.32,-0.31,11.501,0,0,-0.002,-0.581,,,,,,,
42.34,-0.308,11.506,0,-0.001,-0.002,-0.581,,,,,,,
42.36,-0.313,11.497,0,0,-0.002,-0.581,,,,,,,
42.38,-0.317,11.491,0,0,-0.002,-0.581,,,,,,,
42.4,-0.064,12.038,0,-0.026,-0.002,-0.583,,,,,,,
42.42,0.062,12.285,0,-0.041,-0.002,-0.583,,,,,,,
42.44,-0.141,11.893,0,-0.018,-0.002,-0.583,,,,,,,
42.46,-0.269,11.648,0,-0.004,-0.002,-0.583,,,,,,,
42.48,-0.309,11.571,0,0,-0.002,-0.583,,,,,,,
42.5,-0.313,11.566,0,0.001,-0.002,-0.583,,,,,,,
42.52,-0.31,11.574,0,0,-0.002,-0.583,,,,,,,
42.54,-0.309,11.579,0,0,-0.002,-0.583,,,,,,,
42.56,-0.309,11.581,0,0,-0.002,-0.583,,,,,,,
42.58,-0.31,11.581,0,0,-0.002,-0.583,,,,,,,
42.6,-0.311,11.581,0,0,-0.002,-0.583,,,,,,,
42.62,-0.312,11.581,0,0,-0.002,-0.583,,,,,,,
42.64,-0.313,11.581,0,0,-0.002,-0.583,,,,,,,
42.66,-0.314,11.582,0,0,-0.002,-0.583,,,,,,,
42.68,-0.315,11.582,0,0,-0.002,-0.583,,,,,,,
42.7,-0.316,11.582,0,0,-0.002,-0.583,,,,,,,
42.72,-0.317,11.582,0,0,-0.002,-0.583,,,,,,,
42.74,-0.318,11.582,0,0,-0.002,-0.583,,,,,,,
42.76,-0.319,11.583,0,0,-0.002,-0.583,,,,,,,
42.78,-0.32,11.583,0,0,-0.002,-0.583,,,,,,,
42.8,-0.575,11.034,0,0.026,-0.002,-0.581,,,,,,,
42.82,-0.704,10.787,0,0.041,-0.002,-0.581,,,,,,,
42.84,-0.503,11.178,0,0.018,-0.002,-0.581,,,,,,,
42.86,-0.377,11.423,0,0.004,-0.002,-0.581,,,,,,,
42.88,-0.338,11.498,0,0,-0.002,-0.581,,,,,,,
42.9,-0.337,11.503,0,-0.001,-0.002,-0.581,,,,,,,
42.92,-0.342,11.495,0,0,-0.002,-0.581,,,,,,,
42.94,-0.346,11.489,0,0,-0.002,-0.581,,,,,,,
42.96,-0.348,11.486,0,0,-0.002,-0.581,,,,,,,
42.98,-0.349,11.485,0,0,-0.002,-0.581,,,,,,,
43,-0.096,12.033,0,-0.026,-0.002,-0.583,,,,,,,
43.02,0.031,12.28,0,-0.041,-0.002,-0.583,,,,,,,
43.04,-0.172,11.889,0,-0.018,-0.002,-0.583,,,,,,,
43.06,-0.3,11.643,0,-0.004,-0.002,-0.583,,,,,,,
43.08,-0.341,11.567,0,0,-0.002,-0.583,,,,,,,
43.1,-0.345,11.561,0,0.001,-0.002,-0.583,,,,,,,
43.12,-0.342,11.569,0,0,-0.002,-0.583,,,,,,,
43.14,-0.34,11.574,0,0,-0.002,-0.583,,,,,,,
43.16,-0.34,11.576,0,0,-0.002,-0.583,,,,,,,
43.18,-0.341,11.577,0,0,-0.002,-0.583,,,,,,,
43.2,-0.342,11.577,0,0,-0.002,-0.583,,,,,,,
43.22,-0.343,11.577,0,0,-0.002,-0.583,,,,,,,
43.24,-0.344,11.577,0,0,-0.002,-0.583,,,,,,,
43.26,-0.345,11.577,0,0,-0.002,-0.583,,,,,,,
43.28,-0.346,11.577,0,0,-0.002,-0.583,,,,,,,
43.3,-0.347,11.578,0,0,-0.002,-0.583,,,,,,,
43.32,-0.348,11.578,0,0,-0.002,-0.583,,,,,,,
43.34,-0.349,11.578,0,0,-0.002,-0.583,,,,,,,
43.36,-0.35,11.578,0,0,-0.002,-0.583,,,,,,,
43.38,-0.351,11.578,0,0,-0.002,-0.583,,,,,,,
43.4,-0.352,11.579,0,0,-0.002,-0.583,,,,,,,
43.42,-0.353,11.579,0,0,-0.002,-0.583,,,,,,,
