Tiempo ;CONTROL;REI;VELOCIDAD;ANGULO;REFERENCIA;PERTURBACION;;;;;;;;
-0,4;0;0;0;0;0;0;;;;;;;;
-0,38;0;0;0;0;0;0;;;;;;;;
-0,36;0;0;0;0;0;0;;;;;;;;
-0,34;0;0;0;0;0;0;;;;;;;;
-0,32;0;0;0;0;0;0;;;;;;;;
-0,3;0;0;0;0;0;0;;;;;;;;
-0,28;0;0;0;0;0;0;;;;;;;;
-0,26;0;0;0;0;0;0;;;;;;;;
-0,24;0;0;0;0;0;0;;;;;;;;
-0,22;0;0;0;0;0;0;;;;;;;;
-0,2;0;0;0;0;0;0;;;;;;;;
-0,18;0;0;0;0;0;0;;;;;;;;
-0,16;0;0;0;0;0;0;;;;;;;;
-0,14;0;0;0;0;0;0;;;;;;;;
-0,12;0;0;0;0;0;0;;;;;;;;
-0,1;0;0;0;0;0;0;;;;;;;;
-0,08;0;0;0;0;0;0;;;;;;;;
-0,06;0;0;0;0;0;0;;;;;;;;
-0,04;0;0;0;0;0;0;;;;;;;;
-0,02;0;0;0;0;0;0;;error estado estacionario;;;;;;tiempo estabilizacion
0;0;0;0;0;0;0;;max;min;;;sobreimpulso;;0,597
0,02;0;0;0;0;0;0;;0,602;0,597;valor;;0,599;;
0,04;0,028;0,028;0;0;0,6;0;;0,333333333;0,5;porcentaje de error;;;;
0,06;0,056;0,056;0;0;0,6;0;;;;;;;;
0,08;0,084;0,084;0;0;0,6;0;;;;;;;;
0,1;0,112;0,112;0;0;0,6;0;;;;;;;;
0,12;0,141;0,141;0;0;0,6;0;;;;;;;;
0,14;0,169;0,169;0;0;0,6;0;;;;;;;;
0,16;0,197;0,197;0;0;0,6;0;;;;;;;;
0,18;0,225;0,225;0;0;0,6;0;;;;;;;;
0,2;0,253;0,253;0;0;0,6;0;;;;;;;;
0,22;0,281;0,281;0;0;0,6;0;;;;;;;;
0,24;0,309;0,309;0;0;0,6;0;;;;;;;;
0,26;0,337;0,337;0;0;0,6;0;;;;;;;;
0,28;0,365;0,365;0;0;0,6;0;;;;;;;;
0,3;0,393;0,393;0;0;0,6;0;;;;;;;;
0,32;0,422;0,422;0;0;0,6;0;;;;;;;;
0,34;0,45;0,45;0;0;0,6;0;;;;;;;;
0,36;0,478;0,478;0;0;0,6;0;;;;;;;;
0,38;0,506;0,506;0;0;0,6;0;;;;;;;;
0,4;0,5;0,5;0,026;0,002;0,6;0;;;;;;;;
0,42;0,511;0,511;0,041;0,002;0,6;0;;;;;;;;
0,44;0,532;0,532;0,044;0,003;0,6;0;;;;;;;;
0,46;0,56;0,56;0,045;0,003;0,6;0;;;;;;;;
0,48;0,586;0,586;0,044;0,005;0,6;0;;;;;;;;
0,5;0,58;0,58;0,07;0,007;0,6;0;;;;;;;;
0,52;0,589;0,589;0,084;0,009;0,6;0;;;;;;;;
0,54;0,575;0,575;0,114;0,012;0,6;0;;;;;;;;
0,56;0,549;0,549;0,155;0,016;0,6;0;;;;;;;;
0,58;0,551;0,551;0,173;0,019;0,6;0;;;;;;;;
0,6;0,57;0,57;0,176;0,023;0,6;0;;;;;;;;
0,62;0,559;0,559;0,202;0,028;0,6;0;;;;;;;;
0,64;0,531;0,531;0,242;0,033;0,6;0;;;;;;;;
0,66;0,529;0,529;0,26;0,038;0,6;0;;;;;;;;
0,68;0,51;0,51;0,29;0,045;0,6;0;;;;;;;;
0,7;0,513;0,513;0,304;0,051;0,6;0;;;;;;;;
0,72;0,526;0,526;0,307;0,058;0,6;0;;;;;;;;
0,74;0,477;0,477;0,359;0,066;0,6;0;;;;;;;;
0,76;0,46;0,46;0,387;0,073;0,6;0;;;;;;;;
0,78;0,465;0,465;0,394;0,082;0,6;0;;;;;;;;
0,8;0,446;0,446;0,421;0,091;0,6;0;;;;;;;;
0,82;0,443;0,443;0,434;0,099;0,6;0;;;;;;;;
0,84;0,451;0,451;0,437;0,108;0,6;0;;;;;;;;
0,86;0,463;0,463;0,437;0,117;0,6;0;;;;;;;;
0,88;0,476;0,476;0,437;0,126;0,6;0;;;;;;;;
0,9;0,453;0,453;0,463;0,136;0,6;0;;;;;;;;
0,92;0,447;0,447;0,477;0,145;0,6;0;;;;;;;;
0,94;0,518;0,518;0,428;0,152;0,6;0;;;;;;;;
0,96;0,562;0,562;0,4;0,161;0,6;0;;;;;;;;
0,98;0,55;0,55;0,418;0,169;0,6;0;;;;;;;;
1;0,577;0,577;0,405;0,176;0,6;0;;;;;;;;
1,02;0,597;0,597;0,396;0,185;0,6;0;;;;;;;;
1,04;0,611;0,611;0,393;0,192;0,6;0;;;;;;;;
1,06;0,688;0,688;0,339;0,197;0,6;0;;;;;;;;
1,08;0,732;0,732;0,311;0,204;0,6;0;;;;;;;;
1,1;0,753;0,753;0,304;0,209;0,6;0;;;;;;;;
1,12;0,797;0,797;0,277;0,215;0,6;0;;;;;;;;
1,14;0,824;0,824;0,264;0,22;0,6;0;;;;;;;;
1,16;0,839;0,839;0,261;0,225;0,6;0;;;;;;;;
1,18;0,884;0,884;0,235;0,229;0,6;0;;;;;;;;
1,2;0,946;0,946;0,194;0,232;0,6;0;;;;;;;;
1,22;0,98;0,98;0,177;0,236;0,6;0;;;;;;;;
1,24;0,997;0,997;0,173;0,239;0,6;0;;;;;;;;
1,26;1,009;1,009;0,173;0,243;0,6;0;;;;;;;;
1,28;1,021;1,021;0,174;0,246;0,6;0;;;;;;;;
1,3;1,066;1,066;0,148;0,248;0,6;0;;;;;;;;
1,32;1,096;1,096;0,134;0,251;0,6;0;;;;;;;;
1,34;1,114;1,114;0,13;0,253;0,6;0;;;;;;;;
1,36;1,126;1,126;0,13;0,257;0,6;0;;;;;;;;
1,38;1,105;1,105;0,157;0,26;0,6;0;;;;;;;;
1,4;1,099;1,099;0,171;0,264;0,6;0;;;;;;;;
1,42;1,106;1,106;0,175;0,267;0,6;0;;;;;;;;
1,44;1,117;1,117;0,175;0,271;0,6;0;;;;;;;;
1,46;1,129;1,129;0,175;0,274;0,6;0;;;;;;;;
1,48;1,14;1,14;0,175;0,278;0,6;0;;;;;;;;
1,5;1,117;1,117;0,201;0,283;0,6;0;;;;;;;;
1,52;1,11;1,11;0,215;0,286;0,6;0;;;;;;;;
1,54;1,113;1,113;0,219;0,291;0,6;0;;;;;;;;
1,56;1,089;1,089;0,245;0,297;0,6;0;;;;;;;;
1,58;1,08;1,08;0,259;0,302;0,6;0;;;;;;;;
1,6;1,083;1,083;0,263;0,307;0,6;0;;;;;;;;
1,62;1,056;1,056;0,289;0,314;0,6;0;;;;;;;;
1,64;1,047;1,047;0,303;0,319;0,6;0;;;;;;;;
1,66;1,047;1,047;0,306;0,326;0,6;0;;;;;;;;
1,68;1,053;1,053;0,306;0,332;0,6;0;;;;;;;;
1,7;1,057;1,057;0,306;0,339;0,6;0;;;;;;;;
1,72;1,029;1,029;0,332;0,346;0,6;0;;;;;;;;
1,74;1,049;1,049;0,32;0,351;0,6;0;;;;;;;;
1,76;1,065;1,065;0,309;0,358;0,6;0;;;;;;;;
1,78;1,074;1,074;0,305;0,363;0,6;0;;;;;;;;
1,8;1,111;1,111;0,279;0,368;0,6;0;;;;;;;;
1,82;1,132;1,132;0,265;0,374;0,6;0;;;;;;;;
1,84;1,141;1,141;0,261;0,379;0,6;0;;;;;;;;
1,86;1,144;1,144;0,261;0,384;0,6;0;;;;;;;;
1,88;1,147;1,147;0,261;0,389;0,6;0;;;;;;;;
1,9;1,184;1,184;0,235;0,393;0,6;0;;;;;;;;
1,92;1,204;1,204;0,221;0,398;0,6;0;;;;;;;;
1,94;1,214;1,214;0,217;0,401;0,6;0;;;;;;;;
1,96;1,251;1,251;0,191;0,405;0,6;0;;;;;;;;
1,98;1,306;1,306;0,151;0,407;0,6;0;;;;;;;;
2;1,332;1,332;0,133;0,41;0,6;0;;;;;;;;
2,02;1,31;1,31;0,156;0,414;0,6;0;;;;;;;;
2,04;1,33;1,33;0,144;0,415;0,6;0;;;;;;;;
2,06;1,346;1,346;0,134;0,419;0,6;0;;;;;;;;
2,08;1,356;1,356;0,131;0,421;0,6;0;;;;;;;;
2,1;1,395;1,395;0,104;0,422;0,6;0;;;;;;;;
2,12;1,418;1,418;0,09;0,424;0,6;0;;;;;;;;
2,14;1,394;1,394;0,113;0,428;0,6;0;;;;;;;;
2,16;1,383;1,383;0,127;0,429;0,6;0;;;;;;;;
2,18;1,416;1,416;0,105;0,431;0,6;0;;;;;;;;
2,2;1,404;1,404;0,118;0,435;0,6;0;;;;;;;;
2,22;1,398;1,398;0,127;0,436;0,6;0;;;;;;;;
2,24;1,431;1,431;0,105;0,438;0,6;0;;;;;;;;
2,26;1,418;1,418;0,117;0,442;0,6;0;;;;;;;;
2,28;1,411;1,411;0,127;0,443;0,6;0;;;;;;;;
2,3;1,41;1,41;0,131;0,447;0,6;0;;;;;;;;
2,32;1,38;1,38;0,158;0,45;0,6;0;;;;;;;;
2,34;1,4;1,4;0,145;0,452;0,6;0;;;;;;;;
2,36;1,415;1,415;0,135;0,456;0,6;0;;;;;;;;
2,38;1,391;1,391;0,157;0,459;0,6;0;;;;;;;;
2,4;1,376;1,376;0,171;0,463;0,6;0;;;;;;;;
2,42;1,373;1,373;0,175;0,466;0,6;0;;;;;;;;
2,44;1,409;1,409;0,149;0,468;0,6;0;;;;;;;;
2,46;1,429;1,429;0,134;0,471;0,6;0;;;;;;;;
2,48;1,403;1,403;0,157;0,475;0,6;0;;;;;;;;
2,5;1,388;1,388;0,171;0,478;0,6;0;;;;;;;;
2,52;1,418;1,418;0,149;0,48;0,6;0;;;;;;;;
2,54;1,436;1,436;0,135;0,483;0,6;0;;;;;;;;
2,56;1,41;1,41;0,157;0,487;0,6;0;;;;;;;;
2,58;1,428;1,428;0,144;0,489;0,6;0;;;;;;;;
2,6;1,441;1,441;0,134;0,492;0,6;0;;;;;;;;
2,62;1,448;1,448;0,131;0,494;0,6;0;;;;;;;;
2,64;1,483;1,483;0,104;0,496;0,6;0;;;;;;;;
2,66;1,469;1,469;0,116;0,499;0,6;0;;;;;;;;
2,68;1,459;1,459;0,127;0,501;0,6;0;;;;;;;;
2,7;1,488;1,488;0,104;0,503;0,6;0;;;;;;;;
2,72;1,507;1,507;0,091;0,504;0,6;0;;;;;;;;
2,74;1,514;1,514;0,087;0,506;0,6;0;;;;;;;;
2,76;1,517;1,517;0,086;0,508;0,6;0;;;;;;;;
2,78;1,518;1,518;0,087;0,51;0,6;0;;;;;;;;
2,8;1,554;1,554;0,061;0,51;0,6;0;;;;;;;;
2,82;1,573;1,573;0,047;0,511;0,6;0;;;;;;;;
2,84;1,548;1,548;0,069;0,513;0,6;0;;;;;;;;
2,86;1,567;1,567;0,057;0,513;0,6;0;;;;;;;;
2,88;1,581;1,581;0,047;0,515;0,6;0;;;;;;;;
2,9;1,555;1,555;0,07;0,517;0,6;0;;;;;;;;
2,92;1,574;1,574;0,057;0,517;0,6;0;;;;;;;;
2,94;1,588;1,588;0,047;0,518;0,6;0;;;;;;;;
2,96;1,562;1,562;0,07;0,52;0,6;0;;;;;;;;
2,98;1,581;1,581;0,057;0,52;0,6;0;;;;;;;;
3;1,595;1,595;0,047;0,522;0,6;0;;;;;;;;
3,02;1,569;1,569;0,07;0,524;0,6;0;;;;;;;;
3,04;1,588;1,588;0,057;0,524;0,6;0;;;;;;;;
3,06;1,601;1,601;0,047;0,525;0,6;0;;;;;;;;
3,08;1,575;1,575;0,07;0,527;0,6;0;;;;;;;;
3,1;1,56;1,56;0,084;0,529;0,6;0;;;;;;;;
3,12;1,59;1,59;0,061;0,529;0,6;0;;;;;;;;
3,14;1,608;1,608;0,047;0,531;0,6;0;;;;;;;;
3,16;1,582;1,582;0,07;0,532;0,6;0;;;;;;;;
3,18;1,566;1,566;0,083;0,534;0,6;0;;;;;;;;
3,2;1,562;1,562;0,088;0,536;0,6;0;;;;;;;;
3,22;1,563;1,563;0,088;0,538;0,6;0;;;;;;;;
3,24;1,564;1,564;0,088;0,539;0,6;0;;;;;;;;
3,26;1,565;1,565;0,087;0,541;0,6;0;;;;;;;;
3,28;1,6;1,6;0,061;0,541;0,6;0;;;;;;;;
3,3;1,617;1,617;0,047;0,543;0,6;0;;;;;;;;
3,32;1,591;1,591;0,069;0,545;0,6;0;;;;;;;;
3,34;1,574;1,574;0,083;0,546;0,6;0;;;;;;;;
3,36;1,569;1,569;0,088;0,548;0,6;0;;;;;;;;
3,38;1,603;1,603;0,062;0,548;0,6;0;;;;;;;;
3,4;1,621;1,621;0,047;0,55;0,6;0;;;;;;;;
3,42;1,594;1,594;0,069;0,552;0,6;0;;;;;;;;
3,44;1,611;1,611;0,057;0,552;0,6;0;;;;;;;;
3,46;1,623;1,623;0,047;0,553;0,6;0;;;;;;;;
3,48;1,629;1,629;0,044;0,553;0,6;0;;;;;;;;
3,5;1,63;1,63;0,043;0,555;0,6;0;;;;;;;;
3,52;1,632;1,632;0,043;0,555;0,6;0;;;;;;;;
3,54;1,632;1,632;0,044;0,557;0,6;0;;;;;;;;
3,56;1,633;1,633;0,044;0,557;0,6;0;;;;;;;;
3,58;1,633;1,633;0,044;0,559;0,6;0;;;;;;;;
3,6;1,635;1,635;0,044;0,559;0,6;0;;;;;;;;
3,62;1,635;1,635;0,044;0,56;0,6;0;;;;;;;;
3,64;1,637;1,637;0,044;0,56;0,6;0;;;;;;;;
3,66;1,636;1,636;0,044;0,562;0,6;0;;;;;;;;
3,68;1,638;1,638;0,044;0,562;0,6;0;;;;;;;;
3,7;1,638;1,638;0,044;0,564;0,6;0;;;;;;;;
3,72;1,64;1,64;0,044;0,564;0,6;0;;;;;;;;
3,74;1,673;1,673;0,017;0,564;0,6;0;;;;;;;;
3,76;1,658;1,658;0,029;0,565;0,6;0;;;;;;;;
3,78;1,647;1,647;0,04;0,565;0,6;0;;;;;;;;
3,8;1,642;1,642;0,044;0,567;0,6;0;;;;;;;;
3,82;1,643;1,643;0,044;0,567;0,6;0;;;;;;;;
3,84;1,676;1,676;0,018;0,567;0,6;0;;;;;;;;
3,86;1,661;1,661;0,03;0,569;0,6;0;;;;;;;;
3,88;1,65;1,65;0,04;0,569;0,6;0;;;;;;;;
3,9;1,645;1,645;0,044;0,571;0,6;0;;;;;;;;
3,92;1,646;1,646;0,044;0,571;0,6;0;;;;;;;;
3,94;1,679;1,679;0,018;0,571;0,6;0;;;;;;;;
3,96;1,664;1,664;0,03;0,572;0,6;0;;;;;;;;
3,98;1,653;1,653;0,04;0,572;0,6;0;;;;;;;;
4;1,681;1,681;0,017;0,572;0,6;0;;;;;;;;
4,02;1,665;1,665;0,03;0,574;0,6;0;;;;;;;;
4,04;1,654;1,654;0,04;0,574;0,6;0;;;;;;;;
4,06;1,683;1,683;0,017;0,574;0,6;0;;;;;;;;
4,08;1,7;1,7;0,004;0,574;0,6;0;;;;;;;;
4,1;1,673;1,673;0,026;0,576;0,6;0;;;;;;;;
4,12;1,657;1,657;0,04;0,576;0,6;0;;;;;;;;
4,14;1,685;1,685;0,018;0,576;0,6;0;;;;;;;;
4,16;1,668;1,668;0,03;0,578;0,6;0;;;;;;;;
4,18;1,658;1,658;0,04;0,578;0,6;0;;;;;;;;
4,2;1,686;1,686;0,017;0,578;0,6;0;;;;;;;;
4,22;1,67;1,67;0,03;0,579;0,6;0;;;;;;;;
4,24;1,658;1,658;0,04;0,579;0,6;0;;;;;;;;
4,26;1,687;1,687;0,017;0,579;0,6;0;;;;;;;;
4,28;1,67;1,67;0,03;0,581;0,6;0;;;;;;;;
4,3;1,659;1,659;0,04;0,581;0,6;0;;;;;;;;
4,32;1,687;1,687;0,017;0,581;0,6;0;;;;;;;;
4,34;1,671;1,671;0,03;0,583;0,6;0;;;;;;;;
4,36;1,659;1,659;0,04;0,583;0,6;0;;;;;;;;
4,38;1,688;1,688;0,017;0,583;0,6;0;;;;;;;;
4,4;1,705;1,705;0,004;0,583;0,6;0;;;;;;;;
4,42;1,677;1,677;0,026;0,585;0,6;0;;;;;;;;
4,44;1,661;1,661;0,04;0,585;0,6;0;;;;;;;;
4,46;1,688;1,688;0,018;0,585;0,6;0;;;;;;;;
4,48;1,706;1,706;0,004;0,585;0,6;0;;;;;;;;
4,5;1,677;1,677;0,026;0,586;0,6;0;;;;;;;;
4,52;1,661;1,661;0,04;0,586;0,6;0;;;;;;;;
4,54;1,689;1,689;0,018;0,586;0,6;0;;;;;;;;
4,56;1,706;1,706;0,004;0,586;0,6;0;;;;;;;;
4,58;1,712;1,712;0;0,586;0,6;0;;;;;;;;
4,6;1,713;1,713;-0,001;0,586;0,6;0;;;;;;;;
4,62;1,679;1,679;0,026;0,588;0,6;0;;;;;;;;
4,64;1,662;1,662;0,041;0,588;0,6;0;;;;;;;;
4,66;1,69;1,69;0,018;0,588;0,6;0;;;;;;;;
4,68;1,707;1,707;0,004;0,588;0,6;0;;;;;;;;
4,7;1,713;1,713;0;0,588;0,6;0;;;;;;;;
4,72;1,714;1,714;-0,001;0,588;0,6;0;;;;;;;;
4,74;1,68;1,68;0,026;0,59;0,6;0;;;;;;;;
4,76;1,663;1,663;0,041;0,59;0,6;0;;;;;;;;
4,78;1,691;1,691;0,018;0,59;0,6;0;;;;;;;;
4,8;1,708;1,708;0,004;0,59;0,6;0;;;;;;;;
4,82;1,714;1,714;0;0,59;0,6;0;;;;;;;;
4,84;1,681;1,681;0,026;0,592;0,6;0;;;;;;;;
4,86;1,663;1,663;0,04;0,592;0,6;0;;;;;;;;
4,88;1,691;1,691;0,018;0,592;0,6;0;;;;;;;;
4,9;1,708;1,708;0,004;0,592;0,6;0;;;;;;;;
4,92;1,714;1,714;0;0,592;0,6;0;;;;;;;;
4,94;1,68;1,68;0,026;0,593;0,6;0;;;;;;;;
4,96;1,663;1,663;0,04;0,593;0,6;0;;;;;;;;
4,98;1,69;1,69;0,018;0,593;0,6;0;;;;;;;;
5;1,707;1,707;0,004;0,593;0,6;0;;;;;;;;
5,02;1,713;1,713;0;0,593;0,6;0;;;;;;;;
5,04;1,714;1,714;-0,001;0,593;0,6;0;;;;;;;;
5,06;1,714;1,714;0;0,593;0,6;0;;;;;;;;
5,08;1,714;1,714;0;0,593;0,6;0;;;;;;;;
5,1;1,714;1,714;0;0,593;0,6;0;;;;;;;;
5,12;1,714;1,714;0;0,593;0,6;0;;;;;;;;
5,14;1,68;1,68;0,026;0,595;0,6;0;;;;;;;;
5,16;1,663;1,663;0,041;0,595;0,6;0;;;;;;;;
5,18;1,691;1,691;0,018;0,595;0,6;0;;;;;;;;
5,2;1,708;1,708;0,004;0,595;0,6;0;;;;;;;;
5,22;1,714;1,714;0;0,595;0,6;0;;;;;;;;
5,24;1,714;1,714;-0,001;0,595;0,6;0;;;;;;;;
5,26;1,714;1,714;0;0,595;0,6;0;;;;;;;;
5,28;1,714;1,714;0;0,595;0,6;0;;;;;;;;
5,3;1,68;1,68;0,026;0,597;0,6;0;;;;;;;;
5,32;1,663;1,663;0,041;0,597;0,6;0;;;;;;;;
5,34;1,69;1,69;0,018;0,597;0,6;0;;;;;;;;
5,36;1,707;1,707;0,004;0,597;0,6;0;;;;;;;;
5,38;1,713;1,713;0;0,597;0,6;0;;;;;;;;
5,4;1,714;1,714;-0,001;0,597;0,6;0;;;;;;;;
5,42;1,713;1,713;0;0,597;0,6;0;;;;;;;;
5,44;1,713;1,713;0;0,597;0,6;0;;;;;;;;
5,46;1,713;1,713;0;0,597;0,6;0;;;;;;;;
5,48;1,713;1,713;0;0,597;0,6;0;;;;;;;;
5,5;1,713;1,713;0;0,597;0,6;0;;;;;;;;
5,52;1,679;1,679;0,026;0,599;0,6;0;;;;;;;;
5,54;1,662;1,662;0,041;0,599;0,6;0;;;;;;;;
5,56;1,689;1,689;0,018;0,599;0,6;0;;;;;;;;
5,58;1,707;1,707;0,004;0,599;0,6;0;;;;;;;;
5,6;1,712;1,712;0;0,599;0,6;0;;;;;;;;
5,62;1,712;1,712;-0,001;0,599;0,6;0;;;;;;;;
5,64;1,712;1,712;0;0,599;0,6;0;;;;;;;;
5,66;1,712;1,712;0;0,599;0,6;0;;;;;;;;
5,68;1,712;1,712;0;0,599;0,6;0;;;;;;;;
5,7;1,712;1,712;0;0,599;0,6;0;;;;;;;;
5,72;1,712;1,712;0;0,599;0,6;0;;;;;;;;
5,74;1,712;1,712;0;0,599;0,6;0;;;;;;;;
5,76;1,712;1,712;0;0,599;0,6;0;;;;;;;;
5,78;1,712;1,712;0;0,599;0,6;0;;;;;;;;
5,8;1,712;1,712;0;0,599;0,6;0;;;;;;;;
5,82;1,746;1,746;-0,026;0,597;0,6;0;;;;;;;;
5,84;1,764;1,764;-0,041;0,597;0,6;0;;;;;;;;
5,86;1,736;1,736;-0,018;0,597;0,6;0;;;;;;;;
5,88;1,72;1,72;-0,004;0,597;0,6;0;;;;;;;;
5,9;1,714;1,714;0;0,597;0,6;0;;;;;;;;
5,92;1,714;1,714;0,001;0,597;0,6;0;;;;;;;;
5,94;1,715;1,715;0;0,597;0,6;0;;;;;;;;
5,96;1,715;1,715;0;0,597;0,6;0;;;0,333333333;-0,5;;;;
5,98;1,716;1,716;0;0,597;0,6;0;;max;min;;;;;
6;1,716;1,716;0;0,597;0,6;0;;0,602;0,597;;;;;
6,02;1,682;1,682;0,026;0,599;0,6;0;;;;;;;;
6,04;1,665;1,665;0,041;0,599;0,6;0;;;;;;;;
6,06;1,692;1,692;0,018;0,599;0,6;0;;;;;;;;
6,08;1,709;1,709;0,004;0,599;0,6;0;;;;;;;;
6,1;1,714;1,714;0;0,599;0,6;0;;;;;;;;
6,12;1,715;1,715;-0,001;0,599;0,6;0;;;;;;;;
6,14;1,714;1,714;0;0,599;0,6;0;;;;;;;;
6,16;1,714;1,714;0;0,599;0,6;0;;;;;;;;
6,18;1,714;1,714;0;0,599;0,6;0;;;;;;;;
6,2;1,714;1,714;0;0,599;0,6;0;;;;;;;;
6,22;1,714;1,714;0;0,599;0,6;0;;;;;;;;
6,24;1,714;1,714;0;0,599;0,6;0;;;;;;;;
6,26;1,714;1,714;0;0,599;0,6;0;;;;;;;;
6,28;1,714;1,714;0;0,599;0,6;0;;;;;;;;
6,3;1,68;1,68;0,026;0,6;0,6;0;;;;;;;;
6,32;1,663;1,663;0,041;0,6;0,6;0;;;;;;;;
6,34;1,69;1,69;0,018;0,6;0,6;0;;;;;;;;
6,36;1,707;1,707;0,004;0,6;0,6;0;;;;;;;;
6,38;1,713;1,713;0;0,6;0,6;0;;;;;;;;
6,4;1,713;1,713;-0,001;0,6;0,6;0;;;;;;;;
6,42;1,713;1,713;0;0,6;0,6;0;;;;;;;;
6,44;1,712;1,712;0;0,6;0,6;0;;;;;;;;
6,46;1,712;1,712;0;0,6;0,6;0;;;;;;;;
6,48;1,712;1,712;0;0,6;0,6;0;;;;;;;;
6,5;1,712;1,712;0;0,6;0,6;0;;;;;;;;
6,52;1,712;1,712;0;0,6;0,6;0;;;;;;;;
6,54;1,712;1,712;0;0,6;0,6;0;;;;;;;;
6,56;1,712;1,712;0;0,6;0,6;0;;;;;;;;
6,58;1,712;1,712;0;0,6;0,6;0;;;;;;;;
6,6;1,712;1,712;0;0,6;0,6;0;;;;;;;;
6,62;1,712;1,712;0;0,6;0,6;0;;;;;;;;
6,64;1,712;1,712;0;0,6;0,6;0;;;;;;;;
6,66;1,712;1,712;0;0,6;0,6;0;;;;;;;;
6,68;1,712;1,712;0;0,6;0,6;0;;;;;;;;
6,7;1,712;1,712;0;0,6;0,6;0;;;;;;;;
6,72;1,712;1,712;0;0,6;0,6;0;;;;;;;;
6,74;1,712;1,712;0;0,6;0,6;0;;;;;;;;
6,76;1,712;1,712;0;0,6;0,6;0;;;;;;;;
6,78;1,712;1,712;0;0,6;0,6;0;;;;;;;;
6,8;1,712;1,712;0;0,6;0,6;0;;;;;;;;
6,82;1,712;1,712;0;0,6;0,6;0;;;;;;;;
6,84;1,712;1,712;0;0,6;0,6;0;;;;;;;;
6,86;1,712;1,712;0;0,6;0,6;0;;;;;;;;
6,88;1,712;1,712;0;0,6;0,6;0;;;;;;;;
6,9;1,746;1,746;-0,026;0,599;0,6;0;;;;;;;;
6,92;1,763;1,763;-0,041;0,599;0,6;0;;;;;;;;
6,94;1,736;1,736;-0,018;0,599;0,6;0;;;;;;;;
6,96;1,719;1,719;-0,004;0,599;0,6;0;;;;;;;;
6,98;1,748;1,748;-0,026;0,597;0,6;0;;;;;;;;
7;1,765;1,765;-0,04;0,597;0,6;0;;;;;;;;
7,02;1,738;1,738;-0,018;0,597;0,6;0;;;;;;;;
7,04;1,721;1,721;-0,004;0,597;0,6;0;;;;;;;;
7,06;1,716;1,716;0;0,597;0,6;0;;;;;;;;
7,08;1,716;1,716;0,001;0,597;0,6;0;;;;;;;;
7,1;1,717;1,717;0;0,597;0,6;0;;;;;;;;
7,12;1,717;1,717;0;0,597;0,6;0;;;;;;;;
7,14;1,718;1,718;0;0,597;0,6;0;;;;;;;;
7,16;1,718;1,718;0;0,597;0,6;0;;;;;;;;
7,18;1,718;1,718;0;0,597;0,6;0;;;;;;;;
7,2;1,718;1,718;0;0,597;0,6;0;;;;;;;;
7,22;1,718;1,718;0;0,597;0,6;0;;;;;;;;
7,24;1,718;1,718;0;0,597;0,6;0;;;;;;;;
7,26;1,684;1,684;0,026;0,599;0,6;0;;;;;;;;
7,28;1,667;1,667;0,041;0,599;0,6;0;;;;;;;;
7,3;1,695;1,695;0,018;0,599;0,6;0;;;;;;;;
7,32;1,712;1,712;0,004;0,599;0,6;0;;;;;;;;
7,34;1,717;1,717;0;0,599;0,6;0;;;;;;;;
7,36;1,718;1,718;-0,001;0,599;0,6;0;;;;;;;;
7,38;1,717;1,717;0;0,599;0,6;0;;;;;;;;
7,4;1,683;1,683;0,026;0,6;0,6;0;;;;;;;;
7,42;1,665;1,665;0,041;0,6;0,6;0;;;;;;;;
7,44;1,693;1,693;0,018;0,6;0,6;0;;;;;;;;
7,46;1,71;1,71;0,004;0,6;0,6;0;;;;;;;;
7,48;1,715;1,715;0;0,6;0,6;0;;;;;;;;
7,5;1,715;1,715;-0,001;0,6;0,6;0;;;;;;;;
7,52;1,715;1,715;0;0,6;0,6;0;;;;;;;;
7,54;1,714;1,714;0;0,6;0,6;0;;;;;;;;
7,56;1,714;1,714;0;0,6;0,6;0;;;;;;;;
7,58;1,714;1,714;0;0,6;0,6;0;;;;;;;;
7,6;1,714;1,714;0;0,6;0,6;0;;;;;;;;
7,62;1,748;1,748;-0,026;0,599;0,6;0;;;;;;;;
7,64;1,766;1,766;-0,041;0,599;0,6;0;;;;;;;;
7,66;1,738;1,738;-0,018;0,599;0,6;0;;;;;;;;
7,68;1,721;1,721;-0,004;0,599;0,6;0;;;;;;;;
7,7;1,716;1,716;0;0,599;0,6;0;;;;;;;;
7,72;1,716;1,716;0,001;0,599;0,6;0;;;;;;;;
7,74;1,716;1,716;0;0,599;0,6;0;;;;;;;;
7,76;1,683;1,683;0,026;0,6;0,6;0;;;;;;;;
7,78;1,666;1,666;0,041;0,6;0,6;0;;;;;;;;
7,8;1,693;1,693;0,018;0,6;0,6;0;;;;;;;;
7,82;1,71;1,71;0,004;0,6;0,6;0;;;;;;;;
7,84;1,715;1,715;0;0,6;0,6;0;;;;;;;;
7,86;1,716;1,716;-0,001;0,6;0,6;0;;;;;;;;
7,88;1,715;1,715;0;0,6;0,6;0;;;;;;;;
7,9;1,715;1,715;0;0,6;0,6;0;;;;;;;;
7,92;1,715;1,715;0;0,6;0,6;0;;;;;;;;
7,94;1,715;1,715;0;0,6;0,6;0;;;;;;;;
7,96;1,714;1,714;0;0,6;0,6;0;;;;;;;;
7,98;1,714;1,714;0;0,6;0,6;0;;;;;;;;
8;1,714;1,714;0;0,6;0,6;0;;;;;;;;
8,02;1,714;1,714;0;0,6;0,6;0;;;;;;;;
8,04;1,714;1,714;0;0,6;0,6;0;;;;;;;;
8,06;1,714;1,714;0;0,6;0,6;0;;;;;;;;
8,08;1,714;1,714;0;0,6;0,6;0;;;;;;;;
8,1;1,714;1,714;0;0,6;0,6;0;;;;;;;;
8,12;1,714;1,714;0;0,6;0,6;0;;;;;;;;
8,14;1,714;1,714;0;0,6;0,6;0;;;;;;;;
8,16;1,714;1,714;0;0,6;0,6;0;;;;;;;;
8,18;1,714;1,714;0;0,6;0,6;0;;;;;;;;
8,2;1,714;1,714;0;0,6;0,6;0;;;;;;;;
8,22;1,68;1,68;0,026;0,602;0,6;0;;;;;;;;
8,24;1,663;1,663;0,041;0,602;0,6;0;;;;;;;;
8,26;1,69;1,69;0,018;0,602;0,6;0;;;;;;;;
8,28;1,707;1,707;0,004;0,602;0,6;0;;;;;;;;
8,3;1,712;1,712;0;0,602;0,6;0;;;;;;;;
8,32;1,713;1,713;-0,001;0,602;0,6;0;;;;;;;;
8,34;1,712;1,712;0;0,602;0,6;0;;;;;;;;
8,36;1,711;1,711;0;0,602;0,6;0;;;;;;;;
8,38;1,711;1,711;0;0,602;0,6;0;;;;;;;;
8,4;1,711;1,711;0;0,602;0,6;0;;;;;;;;
8,42;1,745;1,745;-0,026;0,6;0,6;0;;;;;;;;
8,44;1,762;1,762;-0,041;0,6;0,6;0;;;;;;;;
8,46;1,735;1,735;-0,018;0,6;0,6;0;;;;;;;;
8,48;1,718;1,718;-0,004;0,6;0,6;0;;;;;;;;
8,5;1,713;1,713;0;0,6;0,6;0;;;;;;;;
8,52;1,712;1,712;0,001;0,6;0,6;0;;;;;;;;
8,54;1,747;1,747;-0,026;0,599;0,6;0;;;;;;;;
8,56;1,764;1,764;-0,041;0,599;0,6;0;;;;;;;;
8,58;1,737;1,737;-0,018;0,599;0,6;0;;;;;;;;
8,6;1,72;1,72;-0,004;0,599;0,6;0;;;;;;;;
8,62;1,715;1,715;0;0,599;0,6;0;;;;;;;;
8,64;1,715;1,715;0,001;0,599;0,6;0;;;;;;;;
8,66;1,715;1,715;0;0,599;0,6;0;;;;;;;;
8,68;1,716;1,716;0;0,599;0,6;0;;;;;;;;
8,7;1,716;1,716;0;0,599;0,6;0;;;;;;;;
8,72;1,682;1,682;0,026;0,6;0,6;0;;;;;;;;
8,74;1,665;1,665;0,041;0,6;0,6;0;;;;;;;;
8,76;1,692;1,692;0,018;0,6;0,6;0;;;;;;;;
8,78;1,709;1,709;0,004;0,6;0,6;0;;;;;;;;
8,8;1,714;1,714;0;0,6;0,6;0;;;;;;;;
8,82;1,715;1,715;-0,001;0,6;0,6;0;;;;;;;;
8,84;1,714;1,714;0;0,6;0,6;0;;;;;;;;
8,86;1,714;1,714;0;0,6;0,6;0;;;;;;;;
8,88;1,679;1,679;0,026;0,602;0,6;0;;;;;;;;
8,9;1,662;1,662;0,041;0,602;0,6;0;;;;;;;;
8,92;1,689;1,689;0,018;0,602;0,6;0;;;;;;;;
8,94;1,706;1,706;0,004;0,602;0,6;0;;;;;;;;
8,96;1,746;1,746;-0,027;0,6;0,6;0;;;;;;;;
8,98;1,763;1,763;-0,041;0,6;0,6;0;;;;;;;;
9;1,735;1,735;-0,018;0,6;0,6;0;;;;;;;;
9,02;1,718;1,718;-0,004;0,6;0,6;0;;;;;;;;
9,04;1,713;1,713;0;0,6;0,6;0;;;;;;;;
9,06;1,712;1,712;0,001;0,6;0,6;0;;;;;;;;
9,08;1,713;1,713;0;0,6;0,6;0;;;;;;;;
9,1;1,713;1,713;0;0,6;0,6;0;;;;;;;;
9,12;1,713;1,713;0;0,6;0,6;0;;;;;;;;
9,14;1,713;1,713;0;0,6;0,6;0;;;;;;;;
9,16;1,713;1,713;0;0,6;0,6;0;;;;;;;;
9,18;1,713;1,713;0;0,6;0,6;0;;;;;;;;
9,2;1,713;1,713;0;0,6;0,6;0;;;;;;;;
9,22;1,713;1,713;0;0,6;0,6;0;;;;;;;;
9,24;1,713;1,713;0;0,6;0,6;0;;;;;;;;
9,26;1,713;1,713;0;0,6;0,6;0;;;;;;;;
9,28;1,713;1,713;0;0,6;0,6;0;;;;;;;;
9,3;1,713;1,713;0;0,6;0,6;0;;;;;;;;
9,32;1,713;1,713;0;0,6;0,6;0;;;;;;;;
9,34;1,713;1,713;0;0,6;0,6;0;;;;;;;;
9,36;1,713;1,713;0;0,6;0,6;0;;;;;;;;
9,38;1,679;1,679;0,026;0,602;0,6;0;;;;;;;;
9,4;1,661;1,661;0,041;0,602;0,6;0;;;;;;;;
9,42;1,689;1,689;0,018;0,602;0,6;0;;;;;;;;
9,44;1,706;1,706;0,004;0,602;0,6;0;;;;;;;;
9,46;1,711;1,711;0;0,602;0,6;0;;;;;;;;
9,48;1,711;1,711;-0,001;0,602;0,6;0;;;;;;;;
9,5;1,71;1,71;0;0,602;0,6;0;;;;;;;;
9,52;1,71;1,71;0;0,602;0,6;0;;;;;;;;
9,54;1,71;1,71;0;0,602;0,6;0;;;;;;;;
9,56;1,71;1,71;0;0,602;0,6;0;;;;;;;;
9,58;1,71;1,71;0;0,602;0,6;0;;;;;;;;
9,6;1,709;1,709;0;0,602;0,6;0;;;;;;;;
9,62;1,709;1,709;0;0,602;0,6;0;;;;;;;;
9,64;1,709;1,709;0;0,602;0,6;0;;;;;;;;
9,66;1,709;1,709;0;0,602;0,6;0;;;;;;;;
9,68;1,743;1,743;-0,026;0,6;0,6;0;;;;;;;;
9,7;1,76;1,76;-0,041;0,6;0,6;0;;;;;;;;
9,72;1,733;1,733;-0,018;0,6;0,6;0;;;;;;;;
9,74;1,75;1,75;-0,03;0,599;0,6;0;;;;;;;;
9,76;1,762;1,762;-0,04;0,599;0,6;0;;;;;;;;
9,78;1,734;1,734;-0,017;0,599;0,6;0;;;;;;;;
9,8;1,718;1,718;-0,004;0,599;0,6;0;;;;;;;;
9,82;1,747;1,747;-0,026;0,597;0,6;0;;;;;;;;
9,84;1,764;1,764;-0,04;0,597;0,6;0;;;;;;;;
9,86;1,738;1,738;-0,018;0,597;0,6;0;;;;;;;;
9,88;1,721;1,721;-0,004;0,597;0,6;0;;;;;;;;
9,9;1,716;1,716;0;0,597;0,6;0;;;;;;;;
9,92;1,716;1,716;0,001;0,597;0,6;0;;;;;;;;
9,94;1,716;1,716;0;0,597;0,6;0;;;;;;;;
9,96;1,717;1,717;0;0,597;0,6;0;;;;;;;;
9,98;1,717;1,717;0;0,597;0,6;0;;;;;;;;
10;1,717;1,717;0;0,597;0,6;0;;;;;;;;
10,02;1,717;1,717;0;0,597;0,6;0;;;;;;;;
10,04;1,883;1,683;0,026;0,599;0,6;0,2;;;;;;;;
10,06;1,866;1,666;0,041;0,599;0,6;0,2;;;;;;;;
10,08;1,894;1,694;0,018;0,599;0,6;0,2;;;;;;;;
10,1;1,877;1,677;0,03;0,6;0,6;0,2;;;;;;;;
10,12;1,865;1,665;0,04;0,6;0,6;0,2;;;;;;;;
10,14;1,858;1,658;0,044;0,602;0,6;0,2;;;;;;;;
10,16;1,823;1,623;0,071;0,604;0,6;0,2;;;;;;;;
10,18;1,804;1,604;0,085;0,606;0,6;0,2;;;;;;;;
10,2;1,763;1,563;0,115;0,609;0,6;0,2;;;;;;;;
10,22;1,743;1,543;0,129;0,611;0,6;0,2;;;;;;;;
10,24;1,735;1,535;0,132;0,614;0,6;0,2;;;;;;;;
10,26;1,732;1,532;0,132;0,616;0,6;0,2;;;;;;;;
10,28;1,728;1,528;0,131;0,62;0,6;0,2;;;;;;;;
10,3;1,691;1,491;0,157;0,623;0,6;0,2;;;;;;;;
10,32;1,702;1,502;0,145;0,625;0,6;0,2;;;;;;;;
10,34;1,709;1,509;0,135;0,628;0,6;0,2;;;;;;;;
10,36;1,676;1,476;0,157;0,632;0,6;0,2;;;;;;;;
10,38;1,688;1,488;0,145;0,634;0,6;0,2;;;;;;;;
10,4;1,728;1,528;0,108;0,635;0,6;0,2;;;;;;;;
10,42;1,712;1,512;0,117;0,639;0,6;0,2;;;;;;;;
10,44;1,696;1,496;0,127;0,641;0,6;0,2;;;;;;;;
10,46;1,719;1,519;0,104;0,642;0,6;0,2;;;;;;;;
10,48;1,765;1,565;0,064;0,642;0,6;0,2;;;;;;;;
10,5;1,783;1,583;0,046;0,644;0,6;0,2;;;;;;;;
10,52;1,786;1,586;0,042;0,644;0,6;0,2;;;;;;;;
10,54;1,781;1,581;0,042;0,646;0,6;0,2;;;;;;;;
10,56;1,778;1,578;0,043;0,646;0,6;0,2;;;;;;;;
10,58;1,807;1,607;0,017;0,646;0,6;0,2;;;;;;;;
10,6;1,822;1,622;0,003;0,646;0,6;0,2;;;;;;;;
10,62;1,824;1,624;-0,001;0,646;0,6;0,2;;;;;;;;
10,64;1,822;1,622;-0,001;0,646;0,6;0,2;;;;;;;;
10,66;1,82;1,62;0;0,646;0,6;0,2;;;;;;;;
10,68;1,817;1,617;0;0,646;0,6;0,2;;;;;;;;
10,7;1,849;1,649;-0,026;0,644;0,6;0,2;;;;;;;;
10,72;1,864;1,664;-0,041;0,644;0,6;0,2;;;;;;;;
10,74;1,835;1,635;-0,018;0,644;0,6;0,2;;;;;;;;
10,76;1,816;1,616;-0,004;0,644;0,6;0,2;;;;;;;;
10,78;1,808;1,608;0;0,644;0,6;0,2;;;;;;;;
10,8;1,806;1,606;0,001;0,644;0,6;0,2;;;;;;;;
10,82;1,804;1,604;0;0,644;0,6;0,2;;;;;;;;
10,84;1,837;1,637;-0,026;0,642;0,6;0,2;;;;;;;;
10,86;1,852;1,652;-0,041;0,642;0,6;0,2;;;;;;;;
10,88;1,823;1,623;-0,018;0,642;0,6;0,2;;;;;;;;
10,9;1,804;1,604;-0,004;0,642;0,6;0,2;;;;;;;;
10,92;1,796;1,596;0;0,642;0,6;0,2;;;;;;;;
10,94;1,794;1,594;0,001;0,642;0,6;0,2;;;;;;;;
10,96;1,793;1,593;0;0,642;0,6;0,2;;;;;;;;
10,98;1,791;1,591;0;0,642;0,6;0,2;;;;;;;;
11;1,789;1,589;0;0,642;0,6;0,2;;;;;;;;
11,02;1,787;1,587;0;0,642;0,6;0,2;;;;;;;;
11,04;1,785;1,585;0;0,642;0,6;0,2;;;;;;;;
11,06;1,817;1,617;-0,026;0,641;0,6;0,2;;;;;;;;
11,08;1,832;1,632;-0,041;0,641;0,6;0,2;;;;;;;;
11,1;1,803;1,603;-0,018;0,641;0,6;0,2;;;;;;;;
11,12;1,784;1,584;-0,004;0,641;0,6;0,2;;;;;;;;
11,14;1,777;1,577;0;0,641;0,6;0,2;;;;;;;;
11,16;1,775;1,575;0,001;0,641;0,6;0,2;;;;;;;;
11,18;1,773;1,573;0;0,641;0,6;0,2;;;;;;;;
11,2;1,806;1,606;-0,026;0,639;0,6;0,2;;;;;;;;
11,22;1,821;1,621;-0,041;0,639;0,6;0,2;;;;;;;;
11,24;1,792;1,592;-0,018;0,639;0,6;0,2;;;;;;;;
11,26;1,773;1,573;-0,004;0,639;0,6;0,2;;;;;;;;
11,28;1,766;1,566;0;0,639;0,6;0,2;;;;;;;;
11,3;1,798;1,598;-0,026;0,637;0,6;0,2;;;;;;;;
11,32;1,814;1,614;-0,04;0,637;0,6;0,2;;;;;;;;
11,34;1,786;1,586;-0,018;0,637;0,6;0,2;;;;;;;;
11,36;1,801;1,601;-0,03;0,635;0,6;0,2;;;;;;;;
11,38;1,811;1,611;-0,04;0,635;0,6;0,2;;;;;;;;
11,4;1,816;1,616;-0,044;0,634;0,6;0,2;;;;;;;;
11,42;1,815;1,615;-0,044;0,634;0,6;0,2;;;;;;;;
11,44;1,781;1,581;-0,018;0,634;0,6;0,2;;;;;;;;
11,46;1,796;1,596;-0,03;0,632;0,6;0,2;;;;;;;;
11,48;1,807;1,607;-0,04;0,632;0,6;0,2;;;;;;;;
11,5;1,778;1,578;-0,017;0,632;0,6;0,2;;;;;;;;
11,52;1,795;1,595;-0,03;0,63;0,6;0,2;;;;;;;;
11,54;1,805;1,605;-0,04;0,63;0,6;0,2;;;;;;;;
11,56;1,776;1,576;-0,017;0,63;0,6;0,2;;;;;;;;
11,58;1,793;1,593;-0,03;0,628;0,6;0,2;;;;;;;;
11,6;1,803;1,603;-0,04;0,628;0,6;0,2;;;;;;;;
11,62;1,775;1,575;-0,017;0,628;0,6;0,2;;;;;;;;
11,64;1,757;1,557;-0,004;0,628;0,6;0,2;;;;;;;;
11,66;1,785;1,585;-0,026;0,627;0,6;0,2;;;;;;;;
11,68;1,8;1,6;-0,04;0,627;0,6;0,2;;;;;;;;
11,7;1,772;1,572;-0,018;0,627;0,6;0,2;;;;;;;;
11,72;1,788;1,588;-0,03;0,625;0,6;0,2;;;;;;;;
11,74;1,799;1,599;-0,04;0,625;0,6;0,2;;;;;;;;
11,76;1,77;1,57;-0,017;0,625;0,6;0,2;;;;;;;;
11,78;1,753;1,553;-0,004;0,625;0,6;0,2;;;;;;;;
11,8;1,781;1,581;-0,026;0,623;0,6;0,2;;;;;;;;
11,82;1,796;1,596;-0,04;0,623;0,6;0,2;;;;;;;;
11,84;1,769;1,569;-0,018;0,623;0,6;0,2;;;;;;;;
11,86;1,785;1,585;-0,03;0,621;0,6;0,2;;;;;;;;
11,88;1,796;1,596;-0,04;0,621;0,6;0,2;;;;;;;;
11,9;1,767;1,567;-0,017;0,621;0,6;0,2;;;;;;;;
11,92;1,784;1,584;-0,03;0,62;0,6;0,2;;;;;;;;
11,94;1,795;1,595;-0,04;0,62;0,6;0,2;;;;;;;;
11,96;1,767;1,567;-0,017;0,62;0,6;0,2;;;;;;;;
11,98;1,749;1,549;-0,004;0,62;0,6;0,2;;;;;;;;
12;1,743;1,543;0,001;0,62;0,6;0,2;;;;;;;;
12,02;1,776;1,576;-0,026;0,618;0,6;0,2;;;;;;;;
12,04;1,793;1,593;-0,04;0,618;0,6;0,2;;;;;;;;
12,06;1,765;1,565;-0,018;0,618;0,6;0,2;;;;;;;;
12,08;1,747;1,547;-0,004;0,618;0,6;0,2;;;;;;;;
12,1;1,741;1,541;0;0,618;0,6;0,2;;;;;;;;
12,12;1,74;1,54;0,001;0,618;0,6;0,2;;;;;;;;
12,14;1,774;1,574;-0,026;0,616;0,6;0,2;;;;;;;;
12,16;1,79;1,59;-0,041;0,616;0,6;0,2;;;;;;;;
12,18;1,763;1,563;-0,018;0,616;0,6;0,2;;;;;;;;
12,2;1,745;1,545;-0,004;0,616;0,6;0,2;;;;;;;;
12,22;1,739;1,539;0;0,616;0,6;0,2;;;;;;;;
12,24;1,772;1,572;-0,026;0,614;0,6;0,2;;;;;;;;
12,26;1,789;1,589;-0,04;0,614;0,6;0,2;;;;;;;;
12,28;1,761;1,561;-0,018;0,614;0,6;0,2;;;;;;;;
12,3;1,743;1,543;-0,004;0,614;0,6;0,2;;;;;;;;
12,32;1,737;1,537;0;0,614;0,6;0,2;;;;;;;;
12,34;1,77;1,57;-0,026;0,613;0,6;0,2;;;;;;;;
12,36;1,788;1,588;-0,04;0,613;0,6;0,2;;;;;;;;
12,38;1,76;1,56;-0,018;0,613;0,6;0,2;;;;;;;;
12,4;1,743;1,543;-0,004;0,613;0,6;0,2;;;;;;;;
12,42;1,771;1,571;-0,026;0,611;0,6;0,2;;;;;;;;
12,44;1,787;1,587;-0,04;0,611;0,6;0,2;;;;;;;;
12,46;1,76;1,56;-0,018;0,611;0,6;0,2;;;;;;;;
12,48;1,743;1,543;-0,004;0,611;0,6;0,2;;;;;;;;
12,5;1,771;1,571;-0,026;0,609;0,6;0,2;;;;;;;;
12,52;1,787;1,587;-0,04;0,609;0,6;0,2;;;;;;;;
12,54;1,76;1,56;-0,018;0,609;0,6;0,2;;;;;;;;
12,56;1,777;1,577;-0,03;0,607;0,6;0,2;;;;;;;;
12,58;1,789;1,589;-0,04;0,607;0,6;0,2;;;;;;;;
12,6;1,761;1,561;-0,017;0,607;0,6;0,2;;;;;;;;
12,62;1,744;1,544;-0,004;0,607;0,6;0,2;;;;;;;;
12,64;1,738;1,538;0,001;0,607;0,6;0,2;;;;;;;;
12,66;1,772;1,572;-0,026;0,606;0,6;0,2;;;;;;;;
12,68;1,789;1,589;-0,04;0,606;0,6;0,2;;;;;;;;
12,7;1,762;1,562;-0,018;0,606;0,6;0,2;;;;;;;;
12,72;1,745;1,545;-0,004;0,606;0,6;0,2;;;;;;;;
12,74;1,739;1,539;0;0,606;0,6;0,2;;;;;;;;
12,76;1,739;1,539;0,001;0,606;0,6;0,2;;;;;;;;
12,78;1,739;1,539;0;0,606;0,6;0,2;;;;;;;;
12,8;1,739;1,539;0;0,606;0,6;0,2;;;;;;;;
12,82;1,739;1,539;0;0,606;0,6;0,2;;;;;;;;
12,84;1,739;1,539;0;0,606;0,6;0,2;;;;;;;;
12,86;1,738;1,538;0;0,606;0,6;0,2;;;;;;;;
12,88;1,772;1,572;-0,026;0,604;0,6;0,2;;;;;;;;
12,9;1,789;1,589;-0,041;0,604;0,6;0,2;;;;;;;;
12,92;1,762;1,562;-0,018;0,604;0,6;0,2;;;;;;;;
12,94;1,744;1,544;-0,004;0,604;0,6;0,2;;;;;;;;
12,96;1,739;1,539;0;0,604;0,6;0,2;;;;;;;;
12,98;1,738;1,538;0,001;0,604;0,6;0,2;;;;;;;;
13;1,739;1,539;0;0,604;0,6;0,2;;;;;;;;
13,02;1,739;1,539;0;0,604;0,6;0,2;;;;;;;;
13,04;1,739;1,539;0;0,604;0,6;0,2;;;;;;;;
13,06;1,739;1,539;0;0,604;0,6;0,2;;;;;;;;
13,08;1,773;1,573;-0,026;0,602;0,6;0,2;;;;;;;;
13,1;1,79;1,59;-0,041;0,602;0,6;0,2;;;;;;;;
13,12;1,762;1,562;-0,018;0,602;0,6;0,2;;;;;;;;
13,14;1,745;1,545;-0,004;0,602;0,6;0,2;;;;;;;;
13,16;1,74;1,54;0;0,602;0,6;0,2;;;;;;;;
13,18;1,739;1,539;0,001;0,602;0,6;0,2;;;;;;;;
13,2;1,74;1,54;0;0,602;0,6;0,2;;;;;;;;
13,22;1,74;1,54;0;0,602;0,6;0,2;;;;;;;;
13,24;1,74;1,54;0;0,602;0,6;0,2;;;;;;;;
13,26;1,74;1,54;0;0,602;0,6;0,2;;;;;;;;
13,28;1,774;1,574;-0,026;0,6;0,6;0,2;;;;;;;;
13,3;1,791;1,591;-0,041;0,6;0,6;0,2;;;;;;;;
13,32;1,764;1,564;-0,018;0,6;0,6;0,2;;;;;;;;
13,34;1,747;1,547;-0,004;0,6;0,6;0,2;;;;;;;;
13,36;1,741;1,541;0;0,6;0,6;0,2;;;;;;;;
13,38;1,741;1,541;0,001;0,6;0,6;0,2;;;;;;;;
13,4;1,741;1,541;0;0,6;0,6;0,2;;;;;;;;
13,42;1,742;1,542;0;0,6;0,6;0,2;;;;;;;;
13,44;1,742;1,542;0;0,6;0,6;0,2;;;;;;;;
13,46;1,742;1,542;0;0,6;0,6;0,2;;;;;;;;
13,48;1,742;1,542;0;0,6;0,6;0,2;;;;;;;;
13,5;1,742;1,542;0;0,6;0,6;0,2;;;;;;;;
13,52;1,742;1,542;0;0,6;0,6;0,2;;;;;;;;
13,54;1,742;1,542;0;0,6;0,6;0,2;;;;;;;;
13,56;1,742;1,542;0;0,6;0,6;0,2;;;;;;;;
13,58;1,742;1,542;0;0,6;0,6;0,2;;;;;;;;
13,6;1,742;1,542;0;0,6;0,6;0,2;;;;;;;;
13,62;1,742;1,542;0;0,6;0,6;0,2;;;;;;;;
13,64;1,742;1,542;0;0,6;0,6;0,2;;;;;;;;
13,66;1,742;1,542;0;0,6;0,6;0,2;;;;;;;;
13,68;1,742;1,542;0;0,6;0,6;0,2;;;;;;;;
13,7;1,741;1,541;0;0,6;0,6;0,2;;;;;;;;
13,72;1,741;1,541;0;0,6;0,6;0,2;;;;;;;;
13,74;1,741;1,541;0;0,6;0,6;0,2;;;;;;;;
13,76;1,741;1,541;0;0,6;0,6;0,2;;;;;;;;
13,78;1,741;1,541;0;0,6;0,6;0,2;;;;;;;;
13,8;1,741;1,541;0;0,6;0,6;0,2;;;;;;;;
13,82;1,741;1,541;0;0,6;0,6;0,2;;;;;;;;
13,84;1,741;1,541;0;0,6;0,6;0,2;;;;;;;;
13,86;1,741;1,541;0;0,6;0,6;0,2;;;;;;;;
13,88;1,741;1,541;0;0,6;0,6;0,2;;;;;;;;
13,9;1,741;1,541;0;0,6;0,6;0,2;;;;;;;;
13,92;1,775;1,575;-0,026;0,599;0,6;0,2;;;;;;;;
13,94;1,793;1,593;-0,041;0,599;0,6;0,2;;;;;;;;
13,96;1,765;1,565;-0,018;0,599;0,6;0,2;;;;;;;;
13,98;1,748;1,548;-0,004;0,599;0,6;0,2;;;;;;;;
14;1,743;1,543;0;0,599;0,6;0,2;;;;;;;;
14,02;1,743;1,543;0,001;0,599;0,6;0,2;;;;;;;;
14,04;1,743;1,543;0;0,599;0,6;0,2;;;;;;;;
14,06;1,744;1,544;0;0,599;0,6;0,2;;;;;;;;
14,08;1,71;1,51;0,026;0,6;0,6;0,2;;;;;;;;
14,1;1,693;1,493;0,041;0,6;0,6;0,2;;;;;;;;
14,12;1,72;1,52;0,018;0,6;0,6;0,2;;;;;;;;
14,14;1,737;1,537;0,004;0,6;0,6;0,2;;;;;;;;
14,16;1,742;1,542;0;0,6;0,6;0,2;;;;;;;;
14,18;1,743;1,543;-0,001;0,6;0,6;0,2;;;;;;;;
14,2;1,742;1,542;0;0,6;0,6;0,2;;;;;;;;
14,22;1,742;1,542;0;0,6;0,6;0,2;;;;;;;;
14,24;1,742;1,542;0;0,6;0,6;0,2;;;;;;;;
14,26;1,742;1,542;0;0,6;0,6;0,2;;;;;;;;
14,28;1,742;1,542;0;0,6;0,6;0,2;;;;;;;;
14,3;1,707;1,507;0,026;0,602;0,6;0,2;;;;;;;;
14,32;1,69;1,49;0,041;0,602;0,6;0,2;;;;;;;;
14,34;1,717;1,517;0,018;0,602;0,6;0,2;;;;;;;;
14,36;1,734;1,534;0,004;0,602;0,6;0,2;;;;;;;;
14,38;1,74;1,54;0;0,602;0,6;0,2;;;;;;;;
14,4;1,774;1,574;-0,027;0,6;0,6;0,2;;;;;;;;
14,42;1,791;1,591;-0,041;0,6;0,6;0,2;;;;;;;;
14,44;1,763;1,563;-0,018;0,6;0,6;0,2;;;;;;;;
14,46;1,746;1,546;-0,004;0,6;0,6;0,2;;;;;;;;
14,48;1,74;1,54;0;0,6;0,6;0,2;;;;;;;;
14,5;1,74;1,54;0,001;0,6;0,6;0,2;;;;;;;;
14,52;1,741;1,541;0;0,6;0,6;0,2;;;;;;;;
14,54;1,741;1,541;0;0,6;0,6;0,2;;;;;;;;
14,56;1,741;1,541;0;0,6;0,6;0,2;;;;;;;;
14,58;1,741;1,541;0;0,6;0,6;0,2;;;;;;;;
14,6;1,741;1,541;0;0,6;0,6;0,2;;;;;;;;
14,62;1,741;1,541;0;0,6;0,6;0,2;;;;;;;;
14,64;1,741;1,541;0;0,6;0,6;0,2;;;;;;;;
14,66;1,741;1,541;0;0,6;0,6;0,2;;;;;;;;
14,68;1,741;1,541;0;0,6;0,6;0,2;;;;;;;;
14,7;1,741;1,541;0;0,6;0,6;0,2;;;;;;;;
14,72;1,741;1,541;0;0,6;0,6;0,2;;;;;;;;
14,74;1,741;1,541;0;0,6;0,6;0,2;;;;;;;;
14,76;1,741;1,541;0;0,6;0,6;0,2;;;;;;;;
14,78;1,741;1,541;0;0,6;0,6;0,2;;;;;;;;
14,8;1,741;1,541;0;0,6;0,6;0,2;;;;;;;;
14,82;1,741;1,541;0;0,6;0,6;0,2;;;;;;;;
14,84;1,741;1,541;0;0,6;0,6;0,2;;;;;;;;
14,86;1,741;1,541;0;0,6;0,6;0,2;;;;;;;;
14,88;1,741;1,541;0;0,6;0,6;0,2;;;;;;;;
14,9;1,741;1,541;0;0,6;0,6;0,2;;;;;;;;
14,92;1,741;1,541;0;0,6;0,6;0,2;;;;;;;;
14,94;1,741;1,541;0;0,6;0,6;0,2;;;;;;;;
14,96;1,741;1,541;0;0,6;0,6;0,2;;;;;;;;
14,98;1,741;1,541;0;0,6;0,6;0,2;;;;;;;;
15;1,741;1,541;0;0,6;0,6;0,2;;;;;;;;
15,02;1,741;1,541;0;0,6;0,6;0,2;;;;;;;;
15,04;1,741;1,541;0;0,6;0,6;0,2;;;;;;;;
15,06;1,74;1,54;0;0,6;0,6;0,2;;;;;;;;
15,08;1,74;1,54;0;0,6;0,6;0,2;;;;;;;;
15,1;1,74;1,54;0;0,6;0,6;0,2;;;;;;;;
15,12;1,74;1,54;0;0,6;0,6;0,2;;;;;;;;
15,14;1,775;1,575;-0,026;0,599;0,6;0,2;;;;;;;;
15,16;1,792;1,592;-0,041;0,599;0,6;0,2;;;;;;;;
15,18;1,765;1,565;-0,018;0,599;0,6;0,2;;;;;;;;
15,2;1,748;1,548;-0,004;0,599;0,6;0,2;;;;;;;;
15,22;1,742;1,542;0;0,599;0,6;0,2;;;;;;;;
15,24;1,742;1,542;0,001;0,599;0,6;0,2;;;;;;;;
15,26;1,743;1,543;0;0,599;0,6;0,2;;;;;;;;
15,28;1,709;1,509;0,026;0,6;0,6;0,2;;;;;;;;
15,3;1,692;1,492;0,041;0,6;0,6;0,2;;;;;;;;
15,32;1,719;1,519;0,018;0,6;0,6;0,2;;;;;;;;
15,34;1,736;1,536;0,004;0,6;0,6;0,2;;;;;;;;
15,36;1,741;1,541;0;0,6;0,6;0,2;;;;;;;;
15,38;1,742;1,542;-0,001;0,6;0,6;0,2;;;;;;;;
15,4;1,741;1,541;0;0,6;0,6;0,2;;;;;;;;
15,42;1,741;1,541;0;0,6;0,6;0,2;;;;;;;;
15,44;1,707;1,507;0,026;0,602;0,6;0,2;;;;;;;;
15,46;1,689;1,489;0,041;0,602;0,6;0,2;;;;;;;;
15,48;1,716;1,516;0,018;0,602;0,6;0,2;;;;;;;;
15,5;1,733;1,533;0,004;0,602;0,6;0,2;;;;;;;;
15,52;1,739;1,539;0;0,602;0,6;0,2;;;;;;;;
15,54;1,739;1,539;-0,001;0,602;0,6;0,2;;;;;;;;
15,56;1,738;1,538;0;0,602;0,6;0,2;;;;;;;;
15,58;1,738;1,538;0;0,602;0,6;0,2;;;;;;;;
15,6;1,738;1,538;0;0,602;0,6;0,2;;;;;;;;
15,62;1,738;1,538;0;0,602;0,6;0,2;;;;;;;;
15,64;1,737;1,537;0;0,602;0,6;0,2;;;;;;;;
15,66;1,737;1,537;0;0,602;0,6;0,2;;;;;;;;
15,68;1,737;1,537;0;0,602;0,6;0,2;;;;;;;;
15,7;1,737;1,537;0;0,602;0,6;0,2;;;;;;;;
15,72;1,737;1,537;0;0,602;0,6;0,2;;;;;;;;
15,74;1,737;1,537;0;0,602;0,6;0,2;;;;;;;;
15,76;1,737;1,537;0;0,602;0,6;0,2;;;;;;;;
15,78;1,737;1,537;0;0,602;0,6;0,2;;;;;;;;
15,8;1,737;1,537;0;0,602;0,6;0,2;;;;;;;;
15,82;1,771;1,571;-0,026;0,6;0,6;0,2;;;;;;;;
15,84;1,788;1,588;-0,041;0,6;0,6;0,2;;;;;;;;
15,86;1,761;1,561;-0,018;0,6;0,6;0,2;;;;;;;;
15,88;1,743;1,543;-0,004;0,6;0,6;0,2;;;;;;;;
15,9;1,738;1,538;0;0,6;0,6;0,2;;;;;;;;
15,92;1,738;1,538;0,001;0,6;0,6;0,2;;;;;;;;
15,94;1,738;1,538;0;0,6;0,6;0,2;;;;;;;;
15,96;1,739;1,539;0;0,6;0,6;0,2;;;;;;;;
15,98;1,705;1,505;0,026;0,602;0,6;0,2;;;;;;;;
16;1,687;1,487;0,041;0,602;0,6;0,2;;;;;;;;
16,02;1,714;1,514;0,018;0,602;0,6;0,2;;;;;;;;
16,04;1,731;1,531;0,004;0,602;0,6;0,2;;;;;;;;
16,06;1,737;1,537;0;0,602;0,6;0,2;;;;;;;;
16,08;1,737;1,537;-0,001;0,602;0,6;0,2;;;;;;;;
16,1;1,736;1,536;0;0,602;0,6;0,2;;;;;;;;
16,12;1,736;1,536;0;0,602;0,6;0,2;;;;;;;;
16,14;1,736;1,536;0;0,602;0,6;0,2;;;;;;;;
16,16;1,736;1,536;0;0,602;0,6;0,2;;;;;;;;
16,18;1,735;1,535;0;0,602;0,6;0,2;;;;;;;;
16,2;1,769;1,569;-0,026;0,6;0,6;0,2;;;;;;;;
16,22;1,787;1,587;-0,041;0,6;0,6;0,2;;;;;;;;
16,24;1,759;1,559;-0,018;0,6;0,6;0,2;;;;;;;;
16,26;1,742;1,542;-0,004;0,6;0,6;0,2;;;;;;;;
16,28;1,737;1,537;0;0,6;0,6;0,2;;;;;;;;
16,3;1,736;1,536;0,001;0,6;0,6;0,2;;;;;;;;
16,32;1,737;1,537;0;0,6;0,6;0,2;;;;;;;;
16,34;1,737;1,537;0;0,6;0,6;0,2;;;;;;;;
16,36;1,737;1,537;0;0,6;0,6;0,2;;;;;;;;
16,38;1,737;1,537;0;0,6;0,6;0,2;;;;;;;;
16,4;1,737;1,537;0;0,6;0,6;0,2;;;;;;;;
16,42;1,737;1,537;0;0,6;0,6;0,2;;;;;;;;
16,44;1,737;1,537;0;0,6;0,6;0,2;;;;;;;;
16,46;1,737;1,537;0;0,6;0,6;0,2;;;;;;;;
16,48;1,737;1,537;0;0,6;0,6;0,2;;;;;;;;
16,5;1,737;1,537;0;0,6;0,6;0,2;;;;;;;;
16,52;1,737;1,537;0;0,6;0,6;0,2;;;;;;;;
16,54;1,737;1,537;0;0,6;0,6;0,2;;;;;;;;
16,56;1,737;1,537;0;0,6;0,6;0,2;;;;;;;;
16,58;1,737;1,537;0;0,6;0,6;0,2;;;;;;;;
16,6;1,737;1,537;0;0,6;0,6;0,2;;;;;;;;
16,62;1,771;1,571;-0,026;0,599;0,6;0,2;;;;;;;;
16,64;1,788;1,588;-0,041;0,599;0,6;0,2;;;;;;;;
16,66;1,761;1,561;-0,018;0,599;0,6;0,2;;;;;;;;
16,68;1,744;1,544;-0,004;0,599;0,6;0,2;;;;;;;;
16,7;1,739;1,539;0;0,599;0,6;0,2;;;;;;;;
16,72;1,739;1,539;0,001;0,599;0,6;0,2;;;;;;;;
16,74;1,739;1,539;0;0,599;0,6;0,2;;;;;;;;
16,76;1,74;1,54;0;0,599;0,6;0,2;;;;;;;;
16,78;1,74;1,54;0;0,599;0,6;0,2;;;;;;;;
16,8;1,74;1,54;0;0,599;0,6;0,2;;;;;;;;
16,82;1,74;1,54;0;0,599;0,6;0,2;;;;;;;;
16,84;1,74;1,54;0;0,599;0,6;0,2;;;;;;;;
16,86;1,74;1,54;0;0,599;0,6;0,2;;;;;;;;
16,88;1,74;1,54;0;0,599;0,6;0,2;;;;;;;;
16,9;1,74;1,54;0;0,599;0,6;0,2;;;;;;;;
16,92;1,74;1,54;0;0,599;0,6;0,2;;;;;;;;
16,94;1,74;1,54;0;0,599;0,6;0,2;;;;;;;;
16,96;1,74;1,54;0;0,599;0,6;0,2;;;;;;;;
16,98;1,741;1,541;0;0,599;0,6;0,2;;;;;;;;
17;1,741;1,541;0;0,599;0,6;0,2;;;;;;;;
17,02;1,775;1,575;-0,026;0,597;0,6;0,2;;;;;;;;
17,04;1,792;1,592;-0,041;0,597;0,6;0,2;;;;;;;;
17,06;1,765;1,565;-0,018;0,597;0,6;0,2;;;;;;;;
17,08;1,748;1,548;-0,004;0,597;0,6;0,2;;;;;;;;
17,1;1,743;1,543;0;0,597;0,6;0,2;;;;;;;;
17,12;1,743;1,543;0,001;0,597;0,6;0,2;;;;;;;;
17,14;1,743;1,543;0;0,597;0,6;0,2;;;;;;;;
17,16;1,71;1,51;0,026;0,599;0,6;0,2;;;;;;;;
17,18;1,693;1,493;0,041;0,599;0,6;0,2;;;;;;;;
17,2;1,72;1,52;0,018;0,599;0,6;0,2;;;;;;;;
17,22;1,737;1,537;0,004;0,599;0,6;0,2;;;;;;;;
17,24;1,742;1,542;0;0,599;0,6;0,2;;;;;;;;
17,26;1,743;1,543;-0,001;0,599;0,6;0,2;;;;;;;;
17,28;1,742;1,542;0;0,599;0,6;0,2;;;;;;;;
17,3;1,742;1,542;0;0,599;0,6;0,2;;;;;;;;
17,32;1,742;1,542;0;0,599;0,6;0,2;;;;;;;;
17,34;1,742;1,542;0;0,599;0,6;0,2;;;;;;;;
17,36;1,742;1,542;0;0,599;0,6;0,2;;;;;;;;
17,38;1,742;1,542;0;0,599;0,6;0,2;;;;;;;;
17,4;1,742;1,542;0;0,599;0,6;0,2;;;;;;;;
17,42;1,742;1,542;0;0,599;0,6;0,2;;;;;;;;
17,44;1,743;1,543;0;0,599;0,6;0,2;;;;;;;;
17,46;1,743;1,543;0;0,599;0,6;0,2;;;;;;;;
17,48;1,777;1,577;-0,026;0,597;0,6;0,2;;;;;;;;
17,5;1,794;1,594;-0,041;0,597;0,6;0,2;;;;;;;;
17,52;1,767;1,567;-0,018;0,597;0,6;0,2;;;;;;;;
17,54;1,75;1,55;-0,004;0,597;0,6;0,2;;;;;;;;
17,56;1,745;1,545;0;0,597;0,6;0,2;;;;;;;;
17,58;1,745;1,545;0,001;0,597;0,6;0,2;;;;;;;;
17,6;1,745;1,545;0;0,597;0,6;0,2;;;;;;;;
17,62;1,746;1,546;0;0,597;0,6;0,2;;;;;;;;
17,64;1,746;1,546;0;0,597;0,6;0,2;;;;;;;;
17,66;1,712;1,512;0,026;0,599;0,6;0,2;;;;;;;;
17,68;1,695;1,495;0,041;0,599;0,6;0,2;;;;;;;;
17,7;1,722;1,522;0,018;0,599;0,6;0,2;;;;;;;;
17,72;1,739;1,539;0,004;0,599;0,6;0,2;;;;;;;;
17,74;1,745;1,545;0;0,599;0,6;0,2;;;;;;;;
17,76;1,711;1,511;0,026;0,6;0,6;0,2;;;;;;;;
17,78;1,693;1,493;0,04;0,6;0,6;0,2;;;;;;;;
17,8;1,72;1,52;0,018;0,6;0,6;0,2;;;;;;;;
17,82;1,737;1,537;0,004;0,6;0,6;0,2;;;;;;;;
17,84;1,708;1,508;0,026;0,602;0,6;0,2;;;;;;;;
17,86;1,692;1,492;0,04;0,602;0,6;0,2;;;;;;;;
17,88;1,718;1,518;0,018;0,602;0,6;0,2;;;;;;;;
17,9;1,735;1,535;0,004;0,602;0,6;0,2;;;;;;;;
17,92;1,74;1,54;0;0,602;0,6;0,2;;;;;;;;
17,94;1,74;1,54;-0,001;0,602;0,6;0,2;;;;;;;;
17,96;1,74;1,54;0;0,602;0,6;0,2;;;;;;;;
17,98;1,739;1,539;0;0,602;0,6;0,2;;;;;;;;
18;1,739;1,539;0;0,602;0,6;0,2;;;;;;;;
18,02;1,739;1,539;0;0,602;0,6;0,2;;;;;;;;
18,04;1,739;1,539;0;0,602;0,6;0,2;;;;;;;;
18,06;1,739;1,539;0;0,602;0,6;0,2;;;;;;;;
18,08;1,739;1,539;0;0,602;0,6;0,2;;;;;;;;
18,1;1,739;1,539;0;0,602;0,6;0,2;;;;;;;;
18,12;1,738;1,538;0;0,602;0,6;0,2;;;;;;;;
18,14;1,738;1,538;0;0,602;0,6;0,2;;;;;;;;
18,16;1,738;1,538;0;0,602;0,6;0,2;;;;;;;;
18,18;1,772;1,572;-0,026;0,6;0,6;0,2;;;;;;;;
18,2;1,789;1,589;-0,041;0,6;0,6;0,2;;;;;;;;
18,22;1,762;1,562;-0,018;0,6;0,6;0,2;;;;;;;;
18,24;1,745;1,545;-0,004;0,6;0,6;0,2;;;;;;;;
18,26;1,774;1,574;-0,026;0,599;0,6;0,2;;;;;;;;
18,28;1,791;1,591;-0,04;0,599;0,6;0,2;;;;;;;;
18,3;1,764;1,564;-0,018;0,599;0,6;0,2;;;;;;;;
18,32;1,747;1,547;-0,004;0,599;0,6;0,2;;;;;;;;
18,34;1,742;1,542;0;0,599;0,6;0,2;;;;;;;;
18,36;1,742;1,542;0,001;0,599;0,6;0,2;;;;;;;;
18,38;1,742;1,542;0;0,599;0,6;0,2;;;;;;;;
18,4;1,743;1,543;0;0,599;0,6;0,2;;;;;;;;
18,42;1,743;1,543;0;0,599;0,6;0,2;;;;;;;;
18,44;1,743;1,543;0;0,599;0,6;0,2;;;;;;;;
18,46;1,743;1,543;0;0,599;0,6;0,2;;;;;;;;
18,48;1,743;1,543;0;0,599;0,6;0,2;;;;;;;;
18,5;1,743;1,543;0;0,599;0,6;0,2;;;;;;;;
18,52;1,743;1,543;0;0,599;0,6;0,2;;;;;;;;
18,54;1,743;1,543;0;0,599;0,6;0,2;;;;;;;;
18,56;1,743;1,543;0;0,599;0,6;0,2;;;;;;;;
18,58;1,743;1,543;0;0,599;0,6;0,2;;;;;;;;
18,6;1,744;1,544;0;0,599;0,6;0,2;;;;;;;;
18,62;1,744;1,544;0;0,599;0,6;0,2;;;;;;;;
18,64;1,744;1,544;0;0,599;0,6;0,2;;;;;;;;
18,66;1,744;1,544;0;0,599;0,6;0,2;;;;;;;;
18,68;1,744;1,544;0;0,599;0,6;0,2;;;;;;;;
18,7;1,744;1,544;0;0,599;0,6;0,2;;;;;;;;
18,72;1,744;1,544;0;0,599;0,6;0,2;;;;;;;;
18,74;1,744;1,544;0;0,599;0,6;0,2;;;;;;;;
18,76;1,744;1,544;0;0,599;0,6;0,2;;;;;;;;
18,78;1,744;1,544;0;0,599;0,6;0,2;;;;;;;;
18,8;1,744;1,544;0;0,599;0,6;0,2;;;;;;;;
18,82;1,744;1,544;0;0,599;0,6;0,2;;;;;;;;
18,84;1,744;1,544;0;0,599;0,6;0,2;;;;;;;;
18,86;1,744;1,544;0;0,599;0,6;0,2;;;;;;;;
18,88;1,744;1,544;0;0,599;0,6;0,2;;;;;;;;
18,9;1,744;1,544;0;0,599;0,6;0,2;;;;;;;;
18,92;1,745;1,545;0;0,599;0,6;0,2;;;;;;;;
18,94;1,745;1,545;0;0,599;0,6;0,2;;;;;;;;
18,96;1,745;1,545;0;0,599;0,6;0,2;;;;;;;;
18,98;1,745;1,545;0;0,599;0,6;0,2;;;;;;;;
19;1,745;1,545;0;0,599;0,6;0,2;;;;;;;;
19,02;1,745;1,545;0;0,599;0,6;0,2;;;;;;;;
19,04;1,711;1,511;0,026;0,6;0,6;0,2;;;;;;;;
19,06;1,694;1,494;0,041;0,6;0,6;0,2;;;;;;;;
19,08;1,721;1,521;0,018;0,6;0,6;0,2;;;;;;;;
19,1;1,704;1,504;0,03;0,602;0,6;0,2;;;;;;;;
19,12;1,692;1,492;0,04;0,602;0,6;0,2;;;;;;;;
19,14;1,719;1,519;0,017;0,602;0,6;0,2;;;;;;;;
19,16;1,702;1,502;0,03;0,604;0,6;0,2;;;;;;;;
19,18;1,689;1,489;0,04;0,604;0,6;0,2;;;;;;;;
19,2;1,717;1,517;0,017;0,604;0,6;0,2;;;;;;;;
19,22;1,733;1,533;0,004;0,604;0,6;0,2;;;;;;;;
19,24;1,704;1,504;0,026;0,606;0,6;0,2;;;;;;;;
19,26;1,687;1,487;0,04;0,606;0,6;0,2;;;;;;;;
19,28;1,713;1,513;0,018;0,606;0,6;0,2;;;;;;;;
19,3;1,73;1,53;0,004;0,606;0,6;0,2;;;;;;;;
19,32;1,735;1,535;0;0,606;0,6;0,2;;;;;;;;
19,34;1,735;1,535;-0,001;0,606;0,6;0,2;;;;;;;;
19,36;1,734;1,534;0;0,606;0,6;0,2;;;;;;;;
19,38;1,733;1,533;0;0,606;0,6;0,2;;;;;;;;
19,4;1,733;1,533;0;0,606;0,6;0,2;;;;;;;;
19,42;1,767;1,567;-0,026;0,604;0,6;0,2;;;;;;;;
19,44;1,784;1,584;-0,041;0,604;0,6;0,2;;;;;;;;
19,46;1,756;1,556;-0,018;0,604;0,6;0,2;;;;;;;;
19,48;1,739;1,539;-0,004;0,604;0,6;0,2;;;;;;;;
19,5;1,734;1,534;0;0,604;0,6;0,2;;;;;;;;
19,52;1,767;1,567;-0,026;0,602;0,6;0,2;;;;;;;;
19,54;1,785;1,585;-0,04;0,602;0,6;0,2;;;;;;;;
19,56;1,758;1,558;-0,018;0,602;0,6;0,2;;;;;;;;
19,58;1,741;1,541;-0,004;0,602;0,6;0,2;;;;;;;;
19,6;1,735;1,535;0;0,602;0,6;0,2;;;;;;;;
19,62;1,735;1,535;0,001;0,602;0,6;0,2;;;;;;;;
19,64;1,735;1,535;0;0,602;0,6;0,2;;;;;;;;
19,66;1,769;1,569;-0,026;0,6;0,6;0,2;;;;;;;;
19,68;1,787;1,587;-0,041;0,6;0,6;0,2;;;;;;;;
19,7;1,759;1,559;-0,018;0,6;0,6;0,2;;;;;;;;
19,72;1,742;1,542;-0,004;0,6;0,6;0,2;;;;;;;;
19,74;1,737;1,537;0;0,6;0,6;0,2;;;;;;;;
19,76;1,737;1,537;0,001;0,6;0,6;0,2;;;;;;;;
19,78;1,737;1,537;0;0,6;0,6;0,2;;;;;;;;
19,8;1,737;1,537;0;0,6;0,6;0,2;;;;;;;;
19,82;1,738;1,538;0;0,6;0,6;0,2;;;;;;;;
19,84;1,738;1,538;0;0,6;0,6;0,2;;;;;;;;
19,86;1,737;1,537;0;0,6;0,6;0,2;;;;;;;;
19,88;1,737;1,537;0;0,6;0,6;0,2;;;;;;;;
19,9;1,737;1,537;0;0,6;0,6;0,2;;;;;;;;
19,92;1,737;1,537;0;0,6;0,6;0,2;;;;;;;;
19,94;1,737;1,537;0;0,6;0,6;0,2;;;;;;;;
19,96;1,737;1,537;0;0,6;0,6;0,2;;;;;;;;
19,98;1,737;1,537;0;0,6;0,6;0,2;;;;;;;;
20;1,737;1,537;0;0,6;0,6;0,2;;;;;;;;
20,02;1,537;1,537;0;0,6;0,6;0;;;;;;;;
20,04;1,537;1,537;0;0,6;0,6;0;;;;;;;;
20,06;1,537;1,537;0;0,6;0,6;0;;;;;;;;
20,08;1,571;1,571;-0,026;0,599;0,6;0;;;;;;;;
20,1;1,589;1,589;-0,041;0,599;0,6;0;;;;;;;;
20,12;1,561;1,561;-0,018;0,599;0,6;0;;;;;;;;
20,14;1,578;1,578;-0,03;0,597;0,6;0;;;;;;;;
20,16;1,625;1,625;-0,067;0,595;0,6;0;;;;;;;;
20,18;1,648;1,648;-0,084;0,593;0,6;0;;;;;;;;
20,2;1,656;1,656;-0,089;0,592;0,6;0;;;;;;;;
20,22;1,659;1,659;-0,088;0,59;0,6;0;;;;;;;;
20,24;1,694;1,694;-0,114;0,586;0,6;0;;;;;;;;
20,26;1,714;1,714;-0,128;0,585;0,6;0;;;;;;;;
20,28;1,724;1,724;-0,132;0,581;0,6;0;;;;;;;;
20,3;1,727;1,727;-0,132;0,579;0,6;0;;;;;;;;
20,32;1,732;1,732;-0,131;0,576;0,6;0;;;;;;;;
20,34;1,735;1,735;-0,131;0,574;0,6;0;;;;;;;;
20,36;1,74;1,74;-0,131;0,571;0,6;0;;;;;;;;
20,38;1,744;1,744;-0,131;0,569;0,6;0;;;;;;;;
20,4;1,75;1,75;-0,131;0,565;0,6;0;;;;;;;;
20,42;1,753;1,753;-0,131;0,564;0,6;0;;;;;;;;
20,44;1,725;1,725;-0,104;0,562;0,6;0;;;;;;;;
20,46;1,712;1,712;-0,09;0,56;0,6;0;;;;;;;;
20,48;1,712;1,712;-0,086;0,559;0,6;0;;;;;;;;
20,5;1,716;1,716;-0,086;0,557;0,6;0;;;;;;;;
20,52;1,686;1,686;-0,061;0,557;0,6;0;;;;;;;;
20,54;1,674;1,674;-0,047;0,555;0,6;0;;;;;;;;
20,56;1,671;1,671;-0,043;0,555;0,6;0;;;;;;;;
20,58;1,642;1,642;-0,016;0,555;0,6;0;;;;;;;;
20,6;1,627;1,627;-0,003;0,555;0,6;0;;;;;;;;
20,62;1,625;1,625;0,001;0,555;0,6;0;;;;;;;;
20,64;1,627;1,627;0,001;0,555;0,6;0;;;;;;;;
20,66;1,63;1,63;0;0,555;0,6;0;;;;;;;;
20,68;1,598;1,598;0,026;0,557;0,6;0;;;;;;;;
20,7;1,583;1,583;0,041;0,557;0,6;0;;;;;;;;
20,72;1,612;1,612;0,018;0,557;0,6;0;;;;;;;;
20,74;1,597;1,597;0,03;0,559;0,6;0;;;;;;;;
20,76;1,587;1,587;0,04;0,559;0,6;0;;;;;;;;
20,78;1,617;1,617;0,017;0,559;0,6;0;;;;;;;;
20,8;1,636;1,636;0,004;0,559;0,6;0;;;;;;;;
20,82;1,608;1,608;0,026;0,56;0,6;0;;;;;;;;
20,84;1,593;1,593;0,04;0,56;0,6;0;;;;;;;;
20,86;1,622;1,622;0,018;0,56;0,6;0;;;;;;;;
20,88;1,641;1,641;0,004;0,56;0,6;0;;;;;;;;
20,9;1,648;1,648;0;0,56;0,6;0;;;;;;;;
20,92;1,65;1,65;-0,001;0,56;0,6;0;;;;;;;;
20,94;1,617;1,617;0,026;0,562;0,6;0;;;;;;;;
20,96;1,601;1,601;0,041;0,562;0,6;0;;;;;;;;
20,98;1,63;1,63;0,018;0,562;0,6;0;;;;;;;;
21;1,649;1,649;0,004;0,562;0,6;0;;;;;;;;
21,02;1,656;1,656;0;0,562;0,6;0;;;;;;;;
21,04;1,658;1,658;-0,001;0,562;0,6;0;;;;;;;;
21,06;1,694;1,694;-0,027;0,56;0,6;0;;;;;;;;
21,08;1,712;1,712;-0,041;0,56;0,6;0;;;;;;;;
21,1;1,687;1,687;-0,018;0,56;0,6;0;;;;;;;;
21,12;1,672;1,672;-0,004;0,56;0,6;0;;;;;;;;
21,14;1,668;1,668;0;0,56;0,6;0;;;;;;;;
21,16;1,636;1,636;0,027;0,562;0,6;0;;;;;;;;
21,18;1,621;1,621;0,041;0,562;0,6;0;;;;;;;;
21,2;1,65;1,65;0,018;0,562;0,6;0;;;;;;;;
21,22;1,669;1,669;0,004;0,562;0,6;0;;;;;;;;
21,24;1,676;1,676;0;0,562;0,6;0;;;;;;;;
21,26;1,678;1,678;-0,001;0,562;0,6;0;;;;;;;;
21,28;1,646;1,646;0,026;0,564;0,6;0;;;;;;;;
21,3;1,63;1,63;0,041;0,564;0,6;0;;;;;;;;
21,32;1,659;1,659;0,018;0,564;0,6;0;;;;;;;;
21,34;1,677;1,677;0,004;0,564;0,6;0;;;;;;;;
21,36;1,684;1,684;0;0,564;0,6;0;;;;;;;;
21,38;1,686;1,686;-0,001;0,564;0,6;0;;;;;;;;
21,4;1,654;1,654;0,026;0,565;0,6;0;;;;;;;;
21,42;1,638;1,638;0,041;0,565;0,6;0;;;;;;;;
21,44;1,666;1,666;0,018;0,565;0,6;0;;;;;;;;
21,46;1,685;1,685;0,004;0,565;0,6;0;;;;;;;;
21,48;1,692;1,692;0;0,565;0,6;0;;;;;;;;
21,5;1,66;1,66;0,026;0,567;0,6;0;;;;;;;;
21,52;1,644;1,644;0,04;0,567;0,6;0;;;;;;;;
21,54;1,672;1,672;0,018;0,567;0,6;0;;;;;;;;
21,56;1,691;1,691;0,004;0,567;0,6;0;;;;;;;;
21,58;1,663;1,663;0,026;0,569;0,6;0;;;;;;;;
21,6;1,648;1,648;0,04;0,569;0,6;0;;;;;;;;
21,62;1,676;1,676;0,018;0,569;0,6;0;;;;;;;;
21,64;1,66;1,66;0,03;0,571;0,6;0;;;;;;;;
21,66;1,65;1,65;0,04;0,571;0,6;0;;;;;;;;
21,68;1,679;1,679;0,017;0,571;0,6;0;;;;;;;;
21,7;1,697;1,697;0,004;0,571;0,6;0;;;;;;;;
21,72;1,669;1,669;0,026;0,572;0,6;0;;;;;;;;
21,74;1,653;1,653;0,04;0,572;0,6;0;;;;;;;;
21,76;1,681;1,681;0,018;0,572;0,6;0;;;;;;;;
21,78;1,665;1,665;0,03;0,574;0,6;0;;;;;;;;
21,8;1,655;1,655;0,04;0,574;0,6;0;;;;;;;;
21,82;1,683;1,683;0,017;0,574;0,6;0;;;;;;;;
21,84;1,701;1,701;0,004;0,574;0,6;0;;;;;;;;
21,86;1,707;1,707;-0,001;0,574;0,6;0;;;;;;;;
21,88;1,675;1,675;0,026;0,576;0,6;0;;;;;;;;
21,9;1,658;1,658;0,04;0,576;0,6;0;;;;;;;;
21,92;1,686;1,686;0,018;0,576;0,6;0;;;;;;;;
21,94;1,704;1,704;0,004;0,576;0,6;0;;;;;;;;
21,96;1,677;1,677;0,026;0,578;0,6;0;;;;;;;;
21,98;1,661;1,661;0,04;0,578;0,6;0;;;;;;;;
22;1,689;1,689;0,018;0,578;0,6;0;;;;;;;;
22,02;1,707;1,707;0,004;0,578;0,6;0;;;;;;;;
22,04;1,713;1,713;0;0,578;0,6;0;;;;;;;;
22,06;1,714;1,714;-0,001;0,578;0,6;0;;;;;;;;
22,08;1,681;1,681;0,026;0,579;0,6;0;;;;;;;;
22,1;1,664;1,664;0,041;0,579;0,6;0;;;;;;;;
22,12;1,692;1,692;0,018;0,579;0,6;0;;;;;;;;
22,14;1,71;1,71;0,004;0,579;0,6;0;;;;;;;;
22,16;1,717;1,717;0;0,579;0,6;0;;;;;;;;
22,18;1,718;1,718;-0,001;0,579;0,6;0;;;;;;;;
22,2;1,718;1,718;0;0,579;0,6;0;;;;;;;;
22,22;1,719;1,719;0;0,579;0,6;0;;;;;;;;
22,24;1,72;1,72;0;0,579;0,6;0;;;;;;;;
22,26;1,687;1,687;0,026;0,581;0,6;0;;;;;;;;
22,28;1,67;1,67;0,041;0,581;0,6;0;;;;;;;;
22,3;1,699;1,699;0,018;0,581;0,6;0;;;;;;;;
22,32;1,716;1,716;0,004;0,581;0,6;0;;;;;;;;
22,34;1,723;1,723;0;0,581;0,6;0;;;;;;;;
22,36;1,69;1,69;0,026;0,583;0,6;0;;;;;;;;
22,38;1,673;1,673;0,04;0,583;0,6;0;;;;;;;;
22,4;1,701;1,701;0,018;0,583;0,6;0;;;;;;;;
22,42;1,718;1,718;0,004;0,583;0,6;0;;;;;;;;
22,44;1,725;1,725;0;0,583;0,6;0;;;;;;;;
22,46;1,692;1,692;0,026;0,585;0,6;0;;;;;;;;
22,48;1,675;1,675;0,04;0,585;0,6;0;;;;;;;;
22,5;1,702;1,702;0,018;0,585;0,6;0;;;;;;;;
22,52;1,72;1,72;0,004;0,585;0,6;0;;;;;;;;
22,54;1,726;1,726;0;0,585;0,6;0;;;;;;;;
22,56;1,693;1,693;0,026;0,586;0,6;0;;;;;;;;
22,58;1,676;1,676;0,04;0,586;0,6;0;;;;;;;;
22,6;1,703;1,703;0,018;0,586;0,6;0;;;;;;;;
22,62;1,721;1,721;0,004;0,586;0,6;0;;;;;;;;
22,64;1,727;1,727;0;0,586;0,6;0;;;;;;;;
22,66;1,728;1,728;-0,001;0,586;0,6;0;;;;;;;;
22,68;1,728;1,728;0;0,586;0,6;0;;;;;;;;
22,7;1,694;1,694;0,026;0,588;0,6;0;;;;;;;;
22,72;1,678;1,678;0,041;0,588;0,6;0;;;;;;;;
22,74;1,705;1,705;0,018;0,588;0,6;0;;;;;;;;
22,76;1,723;1,723;0,004;0,588;0,6;0;;;;;;;;
22,78;1,729;1,729;0;0,588;0,6;0;;;;;;;;
22,8;1,73;1,73;-0,001;0,588;0,6;0;;;;;;;;
22,82;1,73;1,73;0;0,588;0,6;0;;;;;;;;
22,84;1,73;1,73;0;0,588;0,6;0;;;;;;;;
22,86;1,731;1,731;0;0,588;0,6;0;;;;;;;;
22,88;1,731;1,731;0;0,588;0,6;0;;;;;;;;
22,9;1,732;1,732;0;0,588;0,6;0;;;;;;;;
22,92;1,698;1,698;0,026;0,59;0,6;0;;;;;;;;
22,94;1,681;1,681;0,041;0,59;0,6;0;;;;;;;;
22,96;1,709;1,709;0,018;0,59;0,6;0;;;;;;;;
22,98;1,727;1,727;0,004;0,59;0,6;0;;;;;;;;
23;1,733;1,733;0;0,59;0,6;0;;;;;;;;
23,02;1,733;1,733;-0,001;0,59;0,6;0;;;;;;;;
23,04;1,733;1,733;0;0,59;0,6;0;;;;;;;;
23,06;1,733;1,733;0;0,59;0,6;0;;;;;;;;
23,08;1,734;1,734;0;0,59;0,6;0;;;;;;;;
23,1;1,7;1,7;0,026;0,592;0,6;0;;;;;;;;
23,12;1,683;1,683;0,041;0,592;0,6;0;;;;;;;;
23,14;1,711;1,711;0,018;0,592;0,6;0;;;;;;;;
23,16;1,729;1,729;0,004;0,592;0,6;0;;;;;;;;
23,18;1,734;1,734;0;0,592;0,6;0;;;;;;;;
23,2;1,735;1,735;-0,001;0,592;0,6;0;;;;;;;;
23,22;1,735;1,735;0;0,592;0,6;0;;;;;;;;
23,24;1,735;1,735;0;0,592;0,6;0;;;;;;;;
23,26;1,735;1,735;0;0,592;0,6;0;;;;;;;;
23,28;1,736;1,736;0;0,592;0,6;0;;;;;;;;
23,3;1,702;1,702;0,026;0,593;0,6;0;;;;;;;;
23,32;1,685;1,685;0,041;0,593;0,6;0;;;;;;;;
23,34;1,713;1,713;0,018;0,593;0,6;0;;;;;;;;
23,36;1,73;1,73;0,004;0,593;0,6;0;;;;;;;;
23,38;1,736;1,736;0;0,593;0,6;0;;;;;;;;
23,4;1,736;1,736;-0,001;0,593;0,6;0;;;;;;;;
23,42;1,736;1,736;0;0,593;0,6;0;;;;;;;;
23,44;1,736;1,736;0;0,593;0,6;0;;;;;;;;
23,46;1,736;1,736;0;0,593;0,6;0;;;;;;;;
23,48;1,737;1,737;0;0,593;0,6;0;;;;;;;;
23,5;1,737;1,737;0;0,593;0,6;0;;;;;;;;
23,52;1,737;1,737;0;0,593;0,6;0;;;;;;;;
23,54;1,738;1,738;0;0,593;0,6;0;;;;;;;;
23,56;1,738;1,738;0;0,593;0,6;0;;;;;;;;
23,58;1,738;1,738;0;0,593;0,6;0;;;;;;;;
23,6;1,738;1,738;0;0,593;0,6;0;;;;;;;;
23,62;1,739;1,739;0;0,593;0,6;0;;;;;;;;
23,64;1,739;1,739;0;0,593;0,6;0;;;;;;;;
23,66;1,739;1,739;0;0,593;0,6;0;;;;;;;;
23,68;1,74;1,74;0;0,593;0,6;0;;;;;;;;
23,7;1,74;1,74;0;0,593;0,6;0;;;;;;;;
23,72;1,74;1,74;0;0,593;0,6;0;;;;;;;;
23,74;1,741;1,741;0;0,593;0,6;0;;;;;;;;
23,76;1,741;1,741;0;0,593;0,6;0;;;;;;;;
23,78;1,741;1,741;0;0,593;0,6;0;;;;;;;;
23,8;1,742;1,742;0;0,593;0,6;0;;;;;;;;
23,82;1,742;1,742;0;0,593;0,6;0;;;;;;;;
23,84;1,742;1,742;0;0,593;0,6;0;;;;;;;;
23,86;1,742;1,742;0;0,593;0,6;0;;;;;;;;
23,88;1,743;1,743;0;0,593;0,6;0;;;;;;;;
23,9;1,743;1,743;0;0,593;0,6;0;;;;;;;;
23,92;1,743;1,743;0;0,593;0,6;0;;;;;;;;
23,94;1,744;1,744;0;0,593;0,6;0;;;;;;;;
23,96;1,744;1,744;0;0,593;0,6;0;;;;;;;;
23,98;1,744;1,744;0;0,593;0,6;0;;;;;;;;
24;1,745;1,745;0;0,593;0,6;0;;;;;;;;
24,02;1,745;1,745;0;0,593;0,6;0;;;;;;;;
24,04;1,779;1,779;-0,026;0,592;0,6;0;;;;;;;;
24,06;1,797;1,797;-0,041;0,592;0,6;0;;;;;;;;
24,08;1,736;1,736;0,008;0,593;0,6;0;;;;;;;;
24,1;1,702;1,702;0,037;0,593;0,6;0;;;;;;;;
24,12;1,724;1,724;0,019;0,593;0,6;0;;;;;;;;
24,14;1,741;1,741;0,005;0,593;0,6;0;;;;;;;;
24,16;1,747;1,747;0;0,593;0,6;0;;;;;;;;
24,18;1,748;1,748;-0,001;0,593;0,6;0;;;;;;;;
24,2;1,748;1,748;0;0,593;0,6;0;;;;;;;;
24,22;1,714;1,714;0,026;0,595;0,6;0;;;;;;;;
24,24;1,697;1,697;0,041;0,595;0,6;0;;;;;;;;
24,26;1,725;1,725;0,018;0,595;0,6;0;;;;;;;;
24,28;1,742;1,742;0,004;0,595;0,6;0;;;;;;;;
24,3;1,747;1,747;0;0,595;0,6;0;;;;;;;;
24,32;1,714;1,714;0,026;0,597;0,6;0;;;;;;;;
24,34;1,696;1,696;0,04;0,597;0,6;0;;;;;;;;
24,36;1,723;1,723;0,018;0,597;0,6;0;;;;;;;;
24,38;1,741;1,741;0,004;0,597;0,6;0;;;;;;;;
24,4;1,712;1,712;0,026;0,599;0,6;0;;;;;;;;
24,42;1,695;1,695;0,04;0,599;0,6;0;;;;;;;;
24,44;1,722;1,722;0,018;0,599;0,6;0;;;;;;;;
24,46;1,739;1,739;0,004;0,599;0,6;0;;;;;;;;
24,48;1,744;1,744;0;0,599;0,6;0;;;;;;;;
24,5;1,745;1,745;-0,001;0,599;0,6;0;;;;;;;;
24,52;1,744;1,744;0;0,599;0,6;0;;;;;;;;
24,54;1,744;1,744;0;0,599;0,6;0;;;;;;;;
24,56;1,744;1,744;0;0,599;0,6;0;;;;;;;;
24,58;1,744;1,744;0;0,599;0,6;0;;;;;;;;
24,6;1,744;1,744;0;0,599;0,6;0;;;;;;;;
24,62;1,744;1,744;0;0,599;0,6;0;;;;;;;;
24,64;1,71;1,71;0,026;0,6;0,6;0;;;;;;;;
24,66;1,693;1,693;0,041;0,6;0,6;0;;;;;;;;
24,68;1,72;1,72;0,018;0,6;0,6;0;;;;;;;;
24,7;1,737;1,737;0,004;0,6;0,6;0;;;;;;;;
24,72;1,742;1,742;0;0,6;0,6;0;;;;;;;;
24,74;1,743;1,743;-0,001;0,6;0,6;0;;;;;;;;
24,76;1,776;1,776;-0,027;0,599;0,6;0;;;;;;;;
24,78;1,793;1,793;-0,041;0,599;0,6;0;;;;;;;;
24,8;1,766;1,766;-0,018;0,599;0,6;0;;;;;;;;
24,82;1,749;1,749;-0,004;0,599;0,6;0;;;;;;;;
24,84;1,744;1,744;0;0,599;0,6;0;;;;;;;;
24,86;1,743;1,743;0,001;0,599;0,6;0;;;;;;;;
24,88;1,744;1,744;0;0,599;0,6;0;;;;;;;;
24,9;1,744;1,744;0;0,599;0,6;0;;;;;;;;
24,92;1,71;1,71;0,026;0,6;0,6;0;;;;;;;;
24,94;1,693;1,693;0,041;0,6;0,6;0;;;;;;;;
24,96;1,72;1,72;0,018;0,6;0,6;0;;;;;;;;
24,98;1,737;1,737;0,004;0,6;0,6;0;;;;;;;;
25;1,743;1,743;0;0,6;0,6;0;;;;;;;;
25,02;1,743;1,743;-0,001;0,6;0,6;0;;;;;;;;
25,04;1,743;1,743;0;0,6;0,6;0;;;;;;;;
25,06;1,742;1,742;0;0,6;0,6;0;;;;;;;;
25,08;1,742;1,742;0;0,6;0,6;0;;;;;;;;
25,1;1,742;1,742;0;0,6;0,6;0;;;;;;;;
25,12;1,742;1,742;0;0,6;0,6;0;;;;;;;;
25,14;1,742;1,742;0;0,6;0,6;0;;;;;;;;
25,16;1,742;1,742;0;0,6;0,6;0;;;;;;;;
25,18;1,742;1,742;0;0,6;0,6;0;;;;;;;;
25,2;1,742;1,742;0;0,6;0,6;0;;;;;;;;
25,22;1,776;1,776;-0,026;0,599;0,6;0;;;;;;;;
25,24;1,793;1,793;-0,041;0,599;0,6;0;;;;;;;;
25,26;1,766;1,766;-0,018;0,599;0,6;0;;;;;;;;
25,28;1,749;1,749;-0,004;0,599;0,6;0;;;;;;;;
25,3;1,744;1,744;0;0,599;0,6;0;;;;;;;;
25,32;1,743;1,743;0,001;0,599;0,6;0;;;;;;;;
25,34;1,744;1,744;0;0,599;0,6;0;;;;;;;;
25,36;1,744;1,744;0;0,599;0,6;0;;;;;;;;
25,38;1,745;1,745;0;0,599;0,6;0;;;;;;;;
25,4;1,745;1,745;0;0,599;0,6;0;;;;;;;;
25,42;1,711;1,711;0,026;0,6;0,6;0;;;;;;;;
25,44;1,694;1,694;0,041;0,6;0,6;0;;;;;;;;
25,46;1,721;1,721;0,018;0,6;0,6;0;;;;;;;;
25,48;1,738;1,738;0,004;0,6;0,6;0;;;;;;;;
25,5;1,743;1,743;0;0,6;0,6;0;;;;;;;;
25,52;1,709;1,709;0,026;0,602;0,6;0;;;;;;;;
25,54;1,692;1,692;0,04;0,602;0,6;0;;;;;;;;
25,56;1,718;1,718;0,018;0,602;0,6;0;;;;;;;;
25,58;1,735;1,735;0,004;0,602;0,6;0;;;;;;;;
25,6;1,74;1,74;0;0,602;0,6;0;;;;;;;;
25,62;1,741;1,741;-0,001;0,602;0,6;0;;;;;;;;
25,64;1,74;1,74;0;0,602;0,6;0;;;;;;;;
25,66;1,706;1,706;0,026;0,604;0,6;0;;;;;;;;
25,68;1,688;1,688;0,041;0,604;0,6;0;;;;;;;;
25,7;1,715;1,715;0,018;0,604;0,6;0;;;;;;;;
25,72;1,732;1,732;0,004;0,604;0,6;0;;;;;;;;
25,74;1,737;1,737;0;0,604;0,6;0;;;;;;;;
25,76;1,737;1,737;-0,001;0,604;0,6;0;;;;;;;;
25,78;1,737;1,737;0;0,604;0,6;0;;;;;;;;
25,8;1,736;1,736;0;0,604;0,6;0;;;;;;;;
25,82;1,736;1,736;0;0,604;0,6;0;;;;;;;;
25,84;1,736;1,736;0;0,604;0,6;0;;;;;;;;
25,86;1,736;1,736;0;0,604;0,6;0;;;;;;;;
25,88;1,735;1,735;0;0,604;0,6;0;;;;;;;;
25,9;1,735;1,735;0;0,604;0,6;0;;;;;;;;
25,92;1,735;1,735;0;0,604;0,6;0;;;;;;;;
25,94;1,735;1,735;0;0,604;0,6;0;;;;;;;;
25,96;1,769;1,769;-0,026;0,602;0,6;0;;;;;;;;
25,98;1,786;1,786;-0,041;0,602;0,6;0;;;;;;;;
26;1,758;1,758;-0,018;0,602;0,6;0;;;;;;;;
26,02;1,741;1,741;-0,004;0,602;0,6;0;;;;;;;;
26,04;1,736;1,736;0;0,602;0,6;0;;;;;;;;
26,06;1,735;1,735;0,001;0,602;0,6;0;;;;;;;;
26,08;1,736;1,736;0;0,602;0,6;0;;;;;;;;
26,1;1,736;1,736;0;0,602;0,6;0;;;;;;;;
26,12;1,736;1,736;0;0,602;0,6;0;;;;;;;;
26,14;1,736;1,736;0;0,602;0,6;0;;;;;;;;
26,16;1,736;1,736;0;0,602;0,6;0;;;;;;;;
26,18;1,736;1,736;0;0,602;0,6;0;;;;;;;;
26,2;1,736;1,736;0;0,602;0,6;0;;;;;;;;
26,22;1,736;1,736;0;0,602;0,6;0;;;;;;;;
26,24;1,735;1,735;0;0,602;0,6;0;;;;;;;;
26,26;1,735;1,735;0;0,602;0,6;0;;;;;;;;
26,28;1,735;1,735;0;0,602;0,6;0;;;;;;;;
26,3;1,735;1,735;0;0,602;0,6;0;;;;;;;;
26,32;1,735;1,735;0;0,602;0,6;0;;;;;;;;
26,34;1,735;1,735;0;0,602;0,6;0;;;;;;;;
26,36;1,735;1,735;0;0,602;0,6;0;;;;;;;;
26,38;1,769;1,769;-0,026;0,6;0,6;0;;;;;;;;
26,4;1,786;1,786;-0,041;0,6;0,6;0;;;;;;;;
26,42;1,759;1,759;-0,018;0,6;0,6;0;;;;;;;;
26,44;1,742;1,742;-0,004;0,6;0,6;0;;;;;;;;
26,46;1,736;1,736;0;0,6;0,6;0;;;;;;;;
26,48;1,736;1,736;0,001;0,6;0,6;0;;;;;;;;
26,5;1,736;1,736;0;0,6;0,6;0;;;;;;;;
26,52;1,703;1,703;0,026;0,602;0,6;0;;;;;;;;
26,54;1,685;1,685;0,041;0,602;0,6;0;;;;;;;;
26,56;1,713;1,713;0,018;0,602;0,6;0;;;;;;;;
26,58;1,73;1,73;0,004;0,602;0,6;0;;;;;;;;
26,6;1,735;1,735;0;0,602;0,6;0;;;;;;;;
26,62;1,735;1,735;-0,001;0,602;0,6;0;;;;;;;;
26,64;1,734;1,734;0;0,602;0,6;0;;;;;;;;
26,66;1,734;1,734;0;0,602;0,6;0;;;;;;;;
26,68;1,734;1,734;0;0,602;0,6;0;;;;;;;;
26,7;1,768;1,768;-0,026;0,6;0,6;0;;;;;;;;
26,72;1,785;1,785;-0,041;0,6;0,6;0;;;;;;;;
26,74;1,758;1,758;-0,018;0,6;0,6;0;;;;;;;;
26,76;1,741;1,741;-0,004;0,6;0,6;0;;;;;;;;
26,78;1,735;1,735;0;0,6;0,6;0;;;;;;;;
26,8;1,735;1,735;0,001;0,6;0,6;0;;;;;;;;
26,82;1,735;1,735;0;0,6;0,6;0;;;;;;;;
26,84;1,736;1,736;0;0,6;0,6;0;;;;;;;;
26,86;1,736;1,736;0;0,6;0,6;0;;;;;;;;
26,88;1,736;1,736;0;0,6;0,6;0;;;;;;;;
26,9;1,736;1,736;0;0,6;0,6;0;;;;;;;;
26,92;1,736;1,736;0;0,6;0,6;0;;;;;;;;
26,94;1,736;1,736;0;0,6;0,6;0;;;;;;;;
26,96;1,736;1,736;0;0,6;0,6;0;;;;;;;;
26,98;1,736;1,736;0;0,6;0,6;0;;;;;;;;
27;1,736;1,736;0;0,6;0,6;0;;;;;;;;
27,02;1,736;1,736;0;0,6;0,6;0;;;;;;;;
27,04;1,736;1,736;0;0,6;0,6;0;;;;;;;;
27,06;1,736;1,736;0;0,6;0,6;0;;;;;;;;
27,08;1,736;1,736;0;0,6;0,6;0;;;;;;;;
27,1;1,736;1,736;0;0,6;0,6;0;;;;;;;;
27,12;1,736;1,736;0;0,6;0,6;0;;;;;;;;
27,14;1,736;1,736;0;0,6;0,6;0;;;;;;;;
27,16;1,736;1,736;0;0,6;0,6;0;;;;;;;;
27,18;1,735;1,735;0;0,6;0,6;0;;;;;;;;
27,2;1,735;1,735;0;0,6;0,6;0;;;;;;;;
27,22;1,735;1,735;0;0,6;0,6;0;;;;;;;;
27,24;1,735;1,735;0;0,6;0,6;0;;;;;;;;
27,26;1,735;1,735;0;0,6;0,6;0;;;;;;;;
27,28;1,735;1,735;0;0,6;0,6;0;;;;;;;;
27,3;1,735;1,735;0;0,6;0,6;0;;;;;;;;
27,32;1,735;1,735;0;0,6;0,6;0;;;;;;;;
27,34;1,735;1,735;0;0,6;0,6;0;;;;;;;;
27,36;1,735;1,735;0;0,6;0,6;0;;;;;;;;
27,38;1,735;1,735;0;0,6;0,6;0;;;;;;;;
27,4;1,735;1,735;0;0,6;0,6;0;;;;;;;;
27,42;1,735;1,735;0;0,6;0,6;0;;;;;;;;
27,44;1,735;1,735;0;0,6;0,6;0;;;;;;;;
27,46;1,735;1,735;0;0,6;0,6;0;;;;;;;;
27,48;1,735;1,735;0;0,6;0,6;0;;;;;;;;
27,5;1,735;1,735;0;0,6;0,6;0;;;;;;;;
27,52;1,735;1,735;0;0,6;0,6;0;;;;;;;;
27,54;1,735;1,735;0;0,6;0,6;0;;;;;;;;
27,56;1,735;1,735;0;0,6;0,6;0;;;;;;;;
27,58;1,735;1,735;0;0,6;0,6;0;;;;;;;;
27,6;1,735;1,735;0;0,6;0,6;0;;;;;;;;
27,62;1,735;1,735;0;0,6;0,6;0;;;;;;;;
27,64;1,735;1,735;0;0,6;0,6;0;;;;;;;;
27,66;1,735;1,735;0;0,6;0,6;0;;;;;;;;
27,68;1,735;1,735;0;0,6;0,6;0;;;;;;;;
27,7;1,735;1,735;0;0,6;0,6;0;;;;;;;;
27,72;1,735;1,735;0;0,6;0,6;0;;;;;;;;
27,74;1,735;1,735;0;0,6;0,6;0;;;;;;;;
27,76;1,735;1,735;0;0,6;0,6;0;;;;;;;;
27,78;1,735;1,735;0;0,6;0,6;0;;;;;;;;
27,8;1,735;1,735;0;0,6;0,6;0;;;;;;;;
27,82;1,735;1,735;0;0,6;0,6;0;;;;;;;;
27,84;1,735;1,735;0;0,6;0,6;0;;;;;;;;
27,86;1,735;1,735;0;0,6;0,6;0;;;;;;;;
27,88;1,735;1,735;0;0,6;0,6;0;;;;;;;;
27,9;1,735;1,735;0;0,6;0,6;0;;;;;;;;
27,92;1,735;1,735;0;0,6;0,6;0;;;;;;;;
27,94;1,735;1,735;0;0,6;0,6;0;;;;;;;;
27,96;1,701;1,701;0,026;0,602;0,6;0;;;;;;;;
27,98;1,683;1,683;0,041;0,602;0,6;0;;;;;;;;
28;1,711;1,711;0,018;0,602;0,6;0;;;;;;;;
28,02;1,728;1,728;0,004;0,602;0,6;0;;;;;;;;
28,04;1,733;1,733;0;0,602;0,6;0;;;;;;;;
28,06;1,733;1,733;-0,001;0,602;0,6;0;;;;;;;;
28,08;1,732;1,732;0;0,602;0,6;0;;;;;;;;
28,1;1,732;1,732;0;0,602;0,6;0;;;;;;;;
28,12;1,732;1,732;0;0,602;0,6;0;;;;;;;;
28,14;1,732;1,732;0;0,602;0,6;0;;;;;;;;
28,16;1,732;1,732;0;0,602;0,6;0;;;;;;;;
28,18;1,731;1,731;0;0,602;0,6;0;;;;;;;;
28,2;1,731;1,731;0;0,602;0,6;0;;;;;;;;
28,22;1,731;1,731;0;0,602;0,6;0;;;;;;;;
28,24;1,731;1,731;0;0,602;0,6;0;;;;;;;;
28,26;1,731;1,731;0;0,602;0,6;0;;;;;;;;
28,28;1,731;1,731;0;0,602;0,6;0;;;;;;;;
28,3;1,731;1,731;0;0,602;0,6;0;;;;;;;;
28,32;1,731;1,731;0;0,602;0,6;0;;;;;;;;
28,34;1,731;1,731;0;0,602;0,6;0;;;;;;;;
28,36;1,731;1,731;0;0,602;0,6;0;;;;;;;;
28,38;1,765;1,765;-0,026;0,6;0,6;0;;;;;;;;
28,4;1,782;1,782;-0,041;0,6;0,6;0;;;;;;;;
28,42;1,754;1,754;-0,018;0,6;0,6;0;;;;;;;;
28,44;1,737;1,737;-0,004;0,6;0,6;0;;;;;;;;
28,46;1,732;1,732;0;0,6;0,6;0;;;;;;;;
28,48;1,697;1,697;0,027;0,602;0,6;0;;;;;;;;
28,5;1,681;1,681;0,041;0,602;0,6;0;;;;;;;;
28,52;1,708;1,708;0,018;0,602;0,6;0;;;;;;;;
28,54;1,725;1,725;0,004;0,602;0,6;0;;;;;;;;
28,56;1,731;1,731;0;0,602;0,6;0;;;;;;;;
28,58;1,731;1,731;-0,001;0,602;0,6;0;;;;;;;;
28,6;1,73;1,73;0;0,602;0,6;0;;;;;;;;
28,62;1,73;1,73;0;0,602;0,6;0;;;;;;;;
28,64;1,73;1,73;0;0,602;0,6;0;;;;;;;;
28,66;1,729;1,729;0;0,602;0,6;0;;;;;;;;
28,68;1,729;1,729;0;0,602;0,6;0;;;;;;;;
28,7;1,729;1,729;0;0,602;0,6;0;;;;;;;;
28,72;1,729;1,729;0;0,602;0,6;0;;;;;;;;
28,74;1,729;1,729;0;0,602;0,6;0;;;;;;;;
28,76;1,729;1,729;0;0,602;0,6;0;;;;;;;;
28,78;1,729;1,729;0;0,602;0,6;0;;;;;;;;
28,8;1,729;1,729;0;0,602;0,6;0;;;;;;;;
28,82;1,729;1,729;0;0,602;0,6;0;;;;;;;;
28,84;1,729;1,729;0;0,602;0,6;0;;;;;;;;
28,86;1,728;1,728;0;0,602;0,6;0;;;;;;;;
28,88;1,728;1,728;0;0,602;0,6;0;;;;;;;;
28,9;1,728;1,728;0;0,602;0,6;0;;;;;;;;
28,92;1,728;1,728;0;0,602;0,6;0;;;;;;;;
28,94;1,728;1,728;0;0,602;0,6;0;;;;;;;;
28,96;1,728;1,728;0;0,602;0,6;0;;;;;;;;
28,98;1,728;1,728;0;0,602;0,6;0;;;;;;;;
29;1,762;1,762;-0,026;0,6;0,6;0;;;;;;;;
29,02;1,779;1,779;-0,041;0,6;0,6;0;;;;;;;;
29,04;1,752;1,752;-0,018;0,6;0,6;0;;;;;;;;
29,06;1,735;1,735;-0,004;0,6;0,6;0;;;;;;;;
29,08;1,729;1,729;0;0,6;0,6;0;;;;;;;;
29,1;1,729;1,729;0,001;0,6;0,6;0;;;;;;;;
29,12;1,729;1,729;0;0,6;0,6;0;;;;;;;;
29,14;1,73;1,73;0;0,6;0,6;0;;;;;;;;
29,16;1,696;1,696;0,026;0,602;0,6;0;;;;;;;;
29,18;1,678;1,678;0,041;0,602;0,6;0;;;;;;;;
29,2;1,706;1,706;0,018;0,602;0,6;0;;;;;;;;
29,22;1,723;1,723;0,004;0,602;0,6;0;;;;;;;;
29,24;1,728;1,728;0;0,602;0,6;0;;;;;;;;
29,26;1,728;1,728;-0,001;0,602;0,6;0;;;;;;;;
29,28;1,727;1,727;0;0,602;0,6;0;;;;;;;;
29,3;1,761;1,761;-0,026;0,6;0,6;0;;;;;;;;
29,32;1,778;1,778;-0,041;0,6;0,6;0;;;;;;;;
29,34;1,751;1,751;-0,018;0,6;0,6;0;;;;;;;;
29,36;1,734;1,734;-0,004;0,6;0,6;0;;;;;;;;
29,38;1,728;1,728;0;0,6;0,6;0;;;;;;;;
29,4;1,728;1,728;0,001;0,6;0,6;0;;;;;;;;
29,42;1,729;1,729;0;0,6;0,6;0;;;;;;;;
29,44;1,729;1,729;0;0,6;0,6;0;;;;;;;;
29,46;1,729;1,729;0;0,6;0,6;0;;;;;;;;
29,48;1,695;1,695;0,026;0,602;0,6;0;;;;;;;;
29,5;1,678;1,678;0,041;0,602;0,6;0;;;;;;;;
29,52;1,705;1,705;0,018;0,602;0,6;0;;;;;;;;
29,54;1,722;1,722;0,004;0,602;0,6;0;;;;;;;;
29,56;1,727;1,727;0;0,602;0,6;0;;;;;;;;
29,58;1,727;1,727;-0,001;0,602;0,6;0;;;;;;;;
29,6;1,727;1,727;0;0,602;0,6;0;;;;;;;;
29,62;1,726;1,726;0;0,602;0,6;0;;;;;;;;
