Tiempo ,CONTROL,VELOCIDA,REFERENC
-0.1,0,0,0
-0.095,0,0,0
-0.09,0,0,0
-0.085,0,0,0
-0.08,0,0,0
-0.075,0,0,0
-0.07,0,0,0
-0.065,0,0,0
-0.06,0,0,0
-0.055,0,0,0
-0.05,0,0,0
-0.045,0,0,0
-0.04,0,0,0
-0.035,0,0,0
-0.03,0,0,0
-0.025,0,0,0
-0.02,0,0,0
-0.015,0,0,0
-0.01,0,0,0
-0.005,0,0,0
0,5.092,0.025,4
0.005,5.011,0.278,4
0.01,4.604,0.772,4
0.015,4.304,1.16,4
0.02,4.045,1.497,4
0.025,3.842,1.775,4
0.03,3.754,1.95,4
0.035,3.658,2.122,4
0.04,3.606,2.253,4
0.045,3.623,2.322,4
0.05,3.533,2.473,4
0.055,3.527,2.55,4
0.06,3.436,2.69,4
0.065,3.509,2.695,4
0.07,3.416,2.83,4
0.075,3.488,2.83,4
0.08,3.38,2.97,4
0.085,3.43,2.98,4
0.09,3.396,3.055,4
0.095,3.466,3.045,4
0.1,3.368,3.168,4
0.105,3.399,3.182,4
0.11,3.343,3.265,4
0.115,3.273,3.355,4
0.12,3.335,3.338,4
0.125,3.298,3.398,4
0.13,3.303,3.422,4
0.135,3.274,3.473,4
0.14,3.271,3.5,4
0.145,3.253,3.537,4
0.15,3.253,3.56,4
0.155,3.177,3.64,4
0.16,3.292,3.568,4
0.165,3.178,3.677,4
0.17,3.14,3.722,4
0.175,3.275,3.63,4
0.18,3.157,3.74,4
0.185,3.108,3.79,4
0.19,3.179,3.745,4
0.195,3.169,3.765,4
0.2,3.142,3.798,4
0.205,3.167,3.787,4
0.21,3.125,3.83,4
0.215,3.059,3.89,4
0.22,3.113,3.852,4
0.225,3.145,3.835,4
0.23,3.049,3.918,4
0.235,3.083,3.895,4
0.24,3.131,3.862,4
0.245,3.088,3.902,4
0.25,3.056,3.932,4
0.255,3.114,3.89,4
0.26,3.108,3.9,4
0.265,3.012,3.98,4
0.27,3.02,3.975,4
0.275,3.088,3.923,4
0.28,3.023,3.977,4
0.285,2.979,4.012,4
0.29,3.017,3.983,4
0.295,3.031,3.972,4
0.3,2.943,4.043,4
0.305,2.963,4.025,4
0.31,3.028,3.972,4
0.315,3.03,3.972,4
0.32,2.974,4.017,4
0.325,2.995,4,4
0.33,3.056,3.952,4
0.335,2.976,4.017,4
0.34,2.917,4.062,4
0.345,2.952,4.033,4
0.35,2.998,3.995,4
0.355,2.931,4.047,4
0.36,2.941,4.037,4
0.365,3.009,3.983,4
0.37,3.01,3.983,4
0.375,2.889,4.078,4
0.38,2.878,4.082,4
0.385,2.937,4.033,4
0.39,2.948,4.023,4
0.395,2.908,4.053,4
0.4,2.953,4.015,4
0.405,2.997,3.98,4
0.41,2.934,4.03,4
0.415,2.884,4.068,4
0.42,2.919,4.037,4
0.425,2.952,4.01,4
0.43,2.893,4.055,4
0.435,2.912,4.037,4
0.44,2.964,3.995,4
0.445,2.962,3.997,4
0.45,2.846,4.088,4
0.455,2.841,4.088,4
0.46,2.916,4.025,4
0.465,2.93,4.012,4
0.47,2.901,4.035,4
0.475,2.918,4.02,4
0.48,2.965,3.983,4
0.485,2.902,4.033,4
0.49,2.848,4.072,4
0.495,2.886,4.04,4
0.5,2.944,3.993,4
0.505,2.884,4.04,4
0.51,2.888,4.035,4
0.515,2.94,3.993,4
0.52,2.94,3.993,4
0.525,2.829,4.08,4
0.53,2.827,4.078,4
0.535,2.912,4.008,4
0.54,2.928,3.995,4
0.545,2.877,4.035,4
0.55,2.894,4.02,4
0.555,2.937,3.985,4
0.56,2.884,4.027,4
0.565,2.837,4.062,4
0.57,2.891,4.017,4
0.575,2.928,3.988,4
0.58,2.868,4.035,4
0.585,2.882,4.023,4
0.59,2.932,3.983,4
0.595,2.924,3.99,4
0.6,2.819,4.072,4
0.605,2.817,4.07,4
0.61,2.89,4.01,4
0.615,2.902,4,4
0.62,2.883,4.015,4
0.625,2.901,4,4
0.63,2.962,3.952,4
0.635,2.891,4.01,4
0.64,2.836,4.053,4
0.645,2.865,4.027,4
0.65,2.905,3.995,4
0.655,2.835,4.05,4
0.66,2.857,4.03,4
0.665,2.936,3.967,4
0.67,2.941,3.965,4
0.675,2.847,4.04,4
0.68,2.822,4.057,4
0.685,2.883,4.008,4
0.69,2.876,4.012,4
0.695,2.837,4.043,4
0.7,2.892,3.997,4
0.705,2.953,3.95,4
0.71,2.888,4.003,4
0.715,2.869,4.017,4
0.72,2.903,3.99,4
0.725,2.897,3.995,4
0.73,2.811,4.062,4
0.735,2.83,4.045,4
0.74,2.904,3.985,4
0.745,2.927,3.967,4
0.75,2.865,4.017,4
0.755,2.883,4.003,4
0.76,2.918,3.975,4
0.765,2.878,4.008,4
0.77,2.83,4.045,4
0.775,2.885,4,4
0.78,2.904,3.985,4
0.785,2.854,4.025,4
0.79,2.868,4.012,4
0.795,2.935,3.96,4
0.8,2.943,3.955,4
0.805,2.841,4.037,4
0.81,2.825,4.047,4
0.815,2.887,3.997,4
0.82,2.877,4.005,4
0.825,2.842,4.033,4
0.83,2.904,3.983,4
0.835,2.966,3.935,4
0.84,2.893,3.995,4
0.845,2.874,4.01,4
0.85,2.908,3.983,4
0.855,2.913,3.98,4
0.86,2.802,4.068,4
0.865,2.823,4.047,4
0.87,2.904,3.983,4
0.875,2.914,3.975,4
0.88,2.877,4.005,4
0.885,2.909,3.98,4
0.89,2.965,3.938,4
0.895,2.885,4.003,4
0.9,2.837,4.04,4
0.905,2.873,4.01,4
0.91,2.905,3.985,4
0.915,2.841,4.035,4
0.92,2.868,4.012,4
0.925,2.928,3.965,4
0.93,2.94,3.957,4
0.935,2.859,4.023,4
0.94,2.842,4.035,4
0.945,2.891,3.995,4
0.95,2.885,4,4
0.955,2.843,4.033,4
0.96,2.889,3.995,4
0.965,2.957,3.943,4
0.97,2.896,3.993,4
0.975,2.874,4.01,4
0.98,2.909,3.983,4
0.985,2.913,3.98,4
0.99,2.818,4.055,4
0.995,2.825,4.047,4
1,2.911,3.977,4
1.005,2.932,3.963,4
1.01,2.88,4.005,4
1.015,2.88,4.005,4
1.02,2.921,3.972,4
1.025,2.878,4.008,4
1.03,2.832,4.043,4
1.035,2.884,4,4
1.04,2.92,3.972,4
1.045,2.867,4.015,4
1.05,2.888,3.997,4
1.055,2.936,3.96,4
1.06,2.936,3.963,4
1.065,2.819,4.055,4
1.07,2.823,4.05,4
1.075,2.884,4,4
1.08,2.9,3.988,4
1.085,2.868,4.012,4
1.09,2.909,3.98,4
1.095,2.978,3.928,4
1.1,2.896,3.995,4
1.105,2.845,4.035,4
1.11,2.875,4.01,4
1.115,2.906,3.985,4
1.12,2.83,4.045,4
1.125,2.856,4.023,4
1.13,2.938,3.957,4
1.135,2.944,3.955,4
1.14,2.844,4.035,4
1.145,2.826,4.047,4
1.15,2.887,3.997,4
1.155,2.887,3.997,4
1.16,2.849,4.027,4
1.165,2.905,3.983,4
1.17,2.96,3.94,4
1.175,2.894,3.995,4
1.18,2.871,4.012,4
1.185,2.893,3.995,4
1.19,2.893,3.995,4
1.195,2.817,4.055,4
1.2,2.852,4.025,4
1.205,2.927,3.965,4
1.21,2.949,3.95,4
1.215,2.849,4.03,4
1.22,2.838,4.037,4
1.225,2.884,4,4
1.23,2.874,4.008,4
1.235,2.841,4.033,4
1.24,2.9,3.985,4
1.245,2.965,3.935,4
1.25,2.896,3.993,4
1.255,2.87,4.012,4
1.26,2.892,3.995,4
1.265,2.905,3.985,4
1.27,2.807,4.062,4
1.275,2.832,4.04,4
1.28,2.925,3.965,4
1.285,2.947,3.95,4
1.29,2.86,4.02,4
1.295,2.849,4.027,4
1.3,2.902,3.985,4
1.305,2.871,4.01,4
1.31,2.832,4.04,4
1.315,2.903,3.983,4
1.32,2.952,3.945,4
1.325,2.879,4.005,4
1.33,2.869,4.012,4
1.335,2.907,3.983,4
1.34,2.892,3.995,4
1.345,2.818,4.053,4
1.35,2.834,4.037,4
1.355,2.915,3.972,4
1.36,2.943,3.952,4
1.365,2.862,4.017,4
1.37,2.845,4.03,4
1.375,2.888,3.995,4
1.38,2.869,4.01,4
1.385,2.84,4.033,4
1.39,2.892,3.99,4
1.395,2.957,3.94,4
1.4,2.89,3.995,4
1.405,2.868,4.012,4
1.41,2.89,3.995,4
1.415,2.909,3.98,4
1.42,2.808,4.06,4
1.425,2.827,4.043,4
1.43,2.92,3.967,4
1.435,2.945,3.95,4
1.44,2.858,4.02,4
1.445,2.85,4.025,4
1.45,2.906,3.98,4
1.455,2.869,4.01,4
1.46,2.83,4.04,4
1.465,2.895,3.988,4
1.47,2.95,3.945,4
1.475,2.896,3.99,4
1.48,2.868,4.012,4
1.485,2.899,3.988,4
1.49,2.893,3.993,4
1.495,2.81,4.057,4
1.5,2.833,4.037,4
1.505,2.917,3.97,4
1.51,2.944,3.95,4
1.515,2.861,4.017,4
1.52,2.847,4.027,4
1.525,2.884,3.997,4
1.53,2.874,4.005,4
1.535,2.839,4.033,4
1.54,2.894,3.988,4
1.545,2.959,3.938,4
1.55,2.893,3.993,4
1.555,2.855,4.023,4
1.56,2.885,3.997,4
1.565,2.905,3.983,4
1.57,2.81,4.057,4
1.575,2.832,4.037,4
1.58,2.925,3.963,4
1.585,2.947,3.947,4
1.59,2.848,4.027,4
1.595,2.84,4.033,4
1.6,2.889,3.993,4
1.605,2.867,4.01,4
1.61,2.834,4.035,4
1.615,2.903,3.98,4
1.62,2.958,3.938,4
1.625,2.895,3.99,4
1.63,2.87,4.01,4
1.635,2.892,3.993,4
1.64,2.889,3.995,4
1.645,2.806,4.06,4
1.65,2.834,4.035,4
1.655,2.915,3.97,4
1.66,2.943,3.95,4
1.665,2.856,4.02,4
1.67,2.842,4.03,4
1.675,2.879,4,4
1.68,2.872,4.005,4
1.685,2.834,4.035,4
1.69,2.892,3.988,4
1.695,2.96,3.935,4
1.7,2.887,3.995,4
1.705,2.853,4.023,4
1.71,2.886,3.995,4
1.715,2.903,3.983,4
1.72,2.805,4.06,4
1.725,2.826,4.04,4
1.73,2.923,3.963,4
1.735,2.935,3.955,4
1.74,2.864,4.012,4
1.745,2.848,4.025,4
1.75,2.904,3.98,4
1.755,2.863,4.012,4
1.76,2.83,4.037,4
1.765,2.886,3.993,4
1.77,2.941,3.95,4
1.775,2.889,3.993,4
1.78,2.871,4.008,4
1.785,2.902,3.983,4
1.79,2.897,3.988,4
1.795,2.811,4.055,4
1.8,2.821,4.045,4
1.805,2.904,3.977,4
1.81,2.938,3.952,4
1.815,2.86,4.015,4
1.82,2.85,4.023,4
1.825,2.9,3.983,4
1.83,2.869,4.008,4
1.835,2.824,4.043,4
1.84,2.875,4,4
1.845,2.936,3.952,4
1.85,2.872,4.005,4
1.855,2.862,4.012,4
1.86,2.9,3.983,4
1.865,2.904,3.98,4
1.87,2.796,4.065,4
1.875,2.808,4.053,4
1.88,2.895,3.983,4
1.885,2.918,3.965,4
1.89,2.866,4.008,4
1.895,2.875,4,4
1.9,2.936,3.952,4
1.905,2.862,4.012,4
1.91,2.816,4.047,4
1.915,2.865,4.008,4
1.92,2.906,3.975,4
1.925,2.853,4.017,4
1.93,2.874,4,4
1.935,2.913,3.97,4
1.94,2.915,3.97,4
1.945,2.814,4.05,4
1.95,2.805,4.055,4
1.955,2.868,4.003,4
1.96,2.891,3.985,4
1.965,2.85,4.017,4
1.97,2.881,3.993,4
1.975,2.949,3.94,4
1.98,2.885,3.993,4
1.985,2.828,4.037,4
1.99,2.864,4.008,4
1.995,2.892,3.985,4
2,2.826,4.037,4
2.005,2.837,4.027,4
2.01,2.905,3.972,4
2.015,2.929,3.955,4
2.02,2.83,4.035,4
2.025,2.815,4.045,4
2.03,2.87,4,4
2.035,2.863,4.005,4
2.04,2.828,4.033,4
2.045,2.883,3.988,4
2.05,2.939,3.945,4
2.055,2.878,3.995,4
2.06,2.856,4.012,4
2.065,2.887,3.988,4
2.07,2.885,3.99,4
2.075,2.789,4.065,4
2.08,2.814,4.043,4
2.085,2.891,3.98,4
2.09,2.905,3.97,4
2.095,2.862,4.005,4
2.1,2.869,4,4
2.105,2.92,3.96,4
2.11,2.858,4.01,4
2.115,2.816,4.043,4
2.12,2.855,4.01,4
2.125,2.899,3.975,4
2.13,2.84,4.023,4
2.135,2.858,4.008,4
2.14,2.925,3.955,4
2.145,2.918,3.963,4
2.15,2.814,4.045,4
2.155,2.802,4.053,4
2.16,2.866,4,4
2.165,2.866,4,4
2.17,2.824,4.033,4
2.175,2.883,3.985,4
2.18,2.942,3.94,4
2.185,2.881,3.99,4
2.19,2.85,4.015,4
2.195,2.884,3.988,4
2.2,2.875,3.995,4
2.205,2.786,4.065,4
2.21,2.817,4.037,4
2.215,2.895,3.975,4
2.22,2.903,3.97,4
2.225,2.847,4.015,4
2.23,2.866,4,4
2.235,2.907,3.967,4
2.24,2.858,4.008,4
2.245,2.819,4.037,4
2.25,2.862,4.003,4
2.255,2.89,3.98,4
2.26,2.834,4.025,4
2.265,2.845,4.015,4
2.27,2.908,3.965,4
2.275,2.92,3.957,4
2.28,2.814,4.043,4
2.285,2.801,4.05,4
2.29,2.859,4.003,4
2.295,2.859,4.003,4
2.3,2.817,4.035,4
2.305,2.876,3.988,4
2.31,2.934,3.943,4
2.315,2.861,4.003,4
2.32,2.845,4.015,4
2.325,2.892,3.977,4
2.33,2.89,3.98,4
2.335,2.779,4.068,4
2.34,2.798,4.05,4
2.345,2.868,3.993,4
2.35,2.878,3.985,4
2.355,2.838,4.017,4
2.36,2.888,3.977,4
2.365,2.94,3.938,4
2.37,2.864,4,4
2.375,2.819,4.035,4
2.38,2.859,4.003,4
2.385,2.871,3.993,4
2.39,2.792,4.055,4
2.395,2.814,4.035,4
2.4,2.895,3.97,4
2.405,2.907,3.963,4
2.41,2.851,4.008,4
2.415,2.841,4.015,4
2.42,2.914,3.957,4
2.425,2.853,4.008,4
2.43,2.794,4.053,4
2.435,2.846,4.01,4
2.44,2.893,3.972,4
2.445,2.818,4.033,4
2.45,2.842,4.012,4
2.455,2.911,3.957,4
2.46,2.933,3.943,4
2.465,2.818,4.035,4
2.47,2.806,4.043,4
2.475,2.861,3.997,4
2.48,2.849,4.008,4
2.485,2.8,4.045,4
2.49,2.862,3.995,4
2.495,2.916,3.952,4
2.5,2.849,4.008,4
2.505,2.845,4.01,4
2.51,2.905,3.963,4
2.515,2.901,3.967,4
2.52,2.794,4.053,4
2.525,2.791,4.053,4
2.53,2.862,3.995,4
2.535,2.859,3.997,4
2.54,2.814,4.033,4
2.545,2.87,3.988,4
2.55,2.922,3.947,4
2.555,2.861,3.997,4
2.56,2.858,4,4
2.565,2.883,3.98,4
2.57,2.885,3.98,4
2.575,2.793,4.053,4
2.58,2.783,4.057,4
2.585,2.853,4,4
2.59,2.873,3.985,4
2.595,2.835,4.015,4
2.6,2.869,3.988,4
2.605,2.921,3.947,4
2.61,2.87,3.99,4
2.615,2.836,4.017,4
2.62,2.873,3.988,4
2.625,2.874,3.988,4
2.63,2.788,4.055,4
2.635,2.785,4.055,4
2.64,2.865,3.99,4
2.645,2.888,3.972,4
2.65,2.841,4.01,4
2.655,2.873,3.985,4
2.66,2.928,3.943,4
2.665,2.871,3.99,4
2.67,2.826,4.025,4
2.675,2.867,3.993,4
2.68,2.873,3.988,4
2.685,2.791,4.053,4
2.69,2.804,4.04,4
2.695,2.881,3.977,4
2.7,2.889,3.972,4
2.705,2.843,4.01,4
2.71,2.868,3.99,4
2.715,2.92,3.95,4
2.72,2.865,3.995,4
2.725,2.827,4.025,4
2.73,2.854,4.003,4
2.735,2.873,3.988,4
2.74,2.794,4.05,4
2.745,2.82,4.027,4
2.75,2.882,3.977,4
2.755,2.919,3.95,4
2.76,2.839,4.015,4
2.765,2.854,4.003,4
2.77,2.898,3.967,4
2.775,2.865,3.995,4
2.78,2.808,4.04,4
2.785,2.847,4.008,4
2.79,2.882,3.98,4
2.795,2.806,4.04,4
2.8,2.82,4.027,4
2.805,2.901,3.963,4
2.81,2.913,3.955,4
2.815,2.836,4.017,4
2.82,2.841,4.012,4
2.825,2.888,3.975,4
2.83,2.851,4.005,4
2.835,2.806,4.04,4
2.84,2.852,4.003,4
2.845,2.881,3.98,4
2.85,2.808,4.037,4
2.855,2.835,4.015,4
2.86,2.907,3.957,4
2.865,2.91,3.957,4
2.87,2.823,4.027,4
2.875,2.834,4.017,4
2.88,2.878,3.983,4
2.885,2.85,4.005,4
2.89,2.811,4.035,4
2.895,2.857,3.997,4
2.9,2.883,3.977,4
2.905,2.82,4.027,4
2.91,2.838,4.012,4
2.915,2.904,3.96,4
2.92,2.923,3.947,4
2.925,2.827,4.025,4
2.93,2.819,4.03,4
2.935,2.868,3.99,4
2.94,2.853,4.003,4
2.945,2.805,4.04,4
2.95,2.847,4.005,4
2.955,2.898,3.965,4
2.96,2.833,4.017,4
2.965,2.841,4.01,4
2.97,2.911,3.955,4
2.975,2.927,3.945,4
2.98,2.815,4.035,4
2.985,2.803,4.043,4
2.99,2.861,3.995,4
2.995,2.846,4.008,4
3,2.81,4.035,4
3.005,2.869,3.988,4
3.01,2.918,3.95,4
3.015,2.841,4.012,4
3.02,2.856,4,4
3.025,2.907,3.96,4
3.03,2.909,3.96,4
3.035,2.797,4.05,4
3.04,2.797,4.047,4
3.045,2.858,3.997,4
3.05,2.855,4,4
3.055,2.826,4.023,4
3.06,2.873,3.985,4
3.065,2.922,3.947,4
3.07,2.861,3.997,4
3.075,2.855,4.003,4
3.08,2.896,3.97,4
3.085,2.895,3.972,4
3.09,2.8,4.047,4
3.095,2.791,4.053,4
3.1,2.861,3.995,4
3.105,2.865,3.993,4
3.11,2.83,4.02,4
3.115,2.877,3.983,4
3.12,2.939,3.935,4
3.125,2.872,3.99,4
3.13,2.841,4.015,4
3.135,2.869,3.993,4
3.14,2.885,3.98,4
3.145,2.79,4.055,4
3.15,2.8,4.045,4
3.155,2.88,3.98,4
3.16,2.898,3.967,4
3.165,2.845,4.01,4
3.17,2.88,3.983,4
3.175,2.929,3.945,4
3.18,2.865,3.997,4
3.185,2.827,4.027,4
3.19,2.864,3.997,4
3.195,2.88,3.985,4
3.2,2.794,4.053,4
3.205,2.826,4.025,4
3.21,2.902,3.965,4
3.215,2.91,3.96,4
3.22,2.852,4.008,4
3.225,2.858,4.003,4
3.23,2.912,3.96,4
3.235,2.86,4.003,4
3.24,2.815,4.037,4
3.245,2.857,4.003,4
3.25,2.899,3.97,4
3.255,2.833,4.023,4
3.26,2.848,4.01,4
3.265,2.908,3.963,4
3.27,2.927,3.95,4
3.275,2.834,4.025,4
3.28,2.816,4.037,4
3.285,2.871,3.993,4
3.29,2.869,3.995,4
3.295,2.821,4.033,4
3.3,2.873,3.99,4
3.305,2.928,3.947,4
3.31,2.871,3.995,4
3.315,2.858,4.005,4
3.32,2.909,3.965,4
3.325,2.902,3.972,4
3.33,2.795,4.057,4
3.335,2.801,4.05,4
3.34,2.878,3.988,4
3.345,2.888,3.98,4
3.35,2.848,4.012,4
3.355,2.892,3.977,4
3.36,2.941,3.94,4
3.365,2.881,3.99,4
3.37,2.84,4.023,4
3.375,2.87,3.997,4
3.38,2.883,3.988,4
3.385,2.804,4.05,4
3.39,2.83,4.027,4
3.395,2.902,3.97,4
3.4,2.923,3.955,4
3.405,2.855,4.01,4
3.41,2.851,4.012,4
3.415,2.889,3.983,4
3.42,2.864,4.003,4
3.425,2.823,4.035,4
3.43,2.862,4.003,4
3.435,2.926,3.952,4
3.44,2.849,4.015,4
3.445,2.864,4.003,4
3.45,2.918,3.96,4
3.455,2.927,3.955,4
3.46,2.811,4.047,4
3.465,2.808,4.047,4
3.47,2.863,4.003,4
3.475,2.876,3.993,4
3.48,2.838,4.023,4
3.485,2.897,3.975,4
3.49,2.95,3.935,4
3.495,2.884,3.99,4
3.5,2.849,4.017,4
3.505,2.88,3.993,4
3.51,2.89,3.985,4
3.515,2.808,4.05,4
3.52,2.824,4.035,4
3.525,2.911,3.965,4
3.53,2.92,3.96,4
3.535,2.862,4.008,4
3.54,2.864,4.005,4
3.545,2.902,3.975,4
3.55,2.875,3.997,4
3.555,2.818,4.043,4
3.56,2.869,4,4
3.565,2.921,3.96,4
3.57,2.869,4.003,4
3.575,2.875,3.997,4
3.58,2.914,3.967,4
3.585,2.896,3.983,4
3.59,2.808,4.053,4
3.595,2.808,4.05,4
3.6,2.882,3.99,4
3.605,2.901,3.975,4
3.61,2.855,4.012,4
3.615,2.893,3.983,4
3.62,2.945,3.943,4
3.625,2.884,3.993,4
3.63,2.821,4.043,4
3.635,2.869,4.003,4
3.64,2.895,3.983,4
3.645,2.829,4.035,4
3.65,2.852,4.015,4
3.655,2.928,3.955,4
3.66,2.94,3.947,4
3.665,2.825,4.04,4
3.67,2.829,4.035,4
3.675,2.872,4,4
3.68,2.869,4.003,4
3.685,2.84,4.025,4
3.69,2.902,3.975,4
3.695,2.961,3.93,4
3.7,2.885,3.993,4
3.705,2.864,4.01,4
3.71,2.885,3.993,4
3.715,2.892,3.988,4
3.72,2.816,4.047,4
3.725,2.829,4.035,4
3.73,2.91,3.97,4
3.735,2.935,3.952,4
3.74,2.861,4.012,4
3.745,2.85,4.02,4
3.75,2.903,3.977,4
3.755,2.87,4.005,4
3.76,2.831,4.035,4
3.765,2.877,3.997,4
3.77,2.951,3.94,4
3.775,2.881,3.997,4
3.78,2.868,4.008,4
3.785,2.906,3.977,4
3.79,2.901,3.983,4
3.795,2.803,4.06,4
3.8,2.818,4.045,4
3.805,2.905,3.975,4
3.81,2.932,3.955,4
3.815,2.861,4.012,4
3.82,2.877,4,4
3.825,2.902,3.98,4
3.83,2.868,4.008,4
3.835,2.829,4.037,4
3.84,2.878,3.997,4
3.845,2.93,3.957,4
3.85,2.871,4.005,4
3.855,2.871,4.005,4
3.86,2.912,3.972,4
3.865,2.917,3.97,4
3.87,2.81,4.055,4
3.875,2.813,4.05,4
3.88,2.894,3.985,4
3.885,2.917,3.967,4
3.89,2.871,4.005,4
3.895,2.88,3.997,4
3.9,2.935,3.955,4
3.905,2.873,4.005,4
3.91,2.815,4.05,4
3.915,2.873,4.003,4
3.92,2.934,3.955,4
3.925,2.863,4.012,4
3.93,2.872,4.005,4
3.935,2.929,3.96,4
3.94,2.916,3.972,4
3.945,2.808,4.057,4
3.95,2.808,4.055,4
3.955,2.888,3.99,4
3.96,2.908,3.975,4
3.965,2.865,4.01,4
3.97,2.886,3.993,4
3.975,2.932,3.957,4
3.98,2.877,4.003,4
3.985,2.828,4.04,4
3.99,2.871,4.005,4
3.995,2.912,3.972,4
4,2.863,4.012,4
4.005,2.871,4.005,4
4.01,2.913,3.972,4
4.015,2.921,3.967,4
4.02,2.814,4.053,4
4.025,2.808,4.055,4
4.03,2.884,3.993,4
4.035,2.907,3.975,4
4.04,2.864,4.01,4
4.045,2.889,3.99,4
4.05,2.96,3.935,4
4.055,2.877,4.003,4
4.06,2.82,4.047,4
4.065,2.871,4.005,4
4.07,2.919,3.967,4
4.075,2.857,4.017,4
4.08,2.872,4.005,4
4.085,2.932,3.957,4
4.09,2.919,3.97,4
4.095,2.812,4.055,4
4.1,2.805,4.057,4
4.105,2.891,3.988,4
4.11,2.899,3.983,4
4.115,2.861,4.012,4
4.12,2.889,3.99,4
4.125,2.944,3.947,4
4.13,2.884,3.997,4
4.135,2.832,4.037,4
4.14,2.869,4.008,4
4.145,2.907,3.977,4
4.15,2.853,4.02,4
4.155,2.865,4.01,4
4.16,2.919,3.967,4
4.165,2.924,3.965,4
4.17,2.811,4.055,4
4.175,2.808,4.055,4
4.18,2.881,3.995,4
4.185,2.901,3.98,4
4.19,2.863,4.01,4
4.195,2.892,3.988,4
4.2,2.966,3.93,4
4.205,2.877,4.003,4
4.21,2.81,4.055,4
4.215,2.861,4.012,4
4.22,2.908,3.975,4
4.225,2.846,4.025,4
4.23,2.86,4.012,4
4.235,2.93,3.957,4
4.24,2.923,3.965,4
4.245,2.813,4.053,4
4.25,2.803,4.057,4
4.255,2.877,3.997,4
4.26,2.89,3.988,4
4.265,2.852,4.017,4
4.27,2.886,3.99,4
4.275,2.938,3.95,4
4.28,2.884,3.995,4
4.285,2.833,4.035,4
4.29,2.866,4.008,4
4.295,2.897,3.983,4
4.3,2.844,4.025,4
4.305,2.855,4.015,4
4.31,2.915,3.967,4
4.315,2.933,3.955,4
4.32,2.821,4.045,4
4.325,2.808,4.053,4
4.33,2.866,4.005,4
4.335,2.882,3.993,4
4.34,2.847,4.02,4
4.345,2.89,3.985,4
4.35,2.971,3.923,4
4.355,2.886,3.993,4
4.36,2.829,4.037,4
4.365,2.859,4.012,4
4.37,2.887,3.99,4
4.375,2.814,4.047,4
4.38,2.846,4.02,4
4.385,2.925,3.957,4
4.39,2.928,3.957,4
4.395,2.837,4.03,4
4.4,2.823,4.04,4
4.405,2.865,4.005,4
4.41,2.855,4.012,4
4.415,2.835,4.027,4
4.42,2.885,3.988,4
4.425,2.937,3.947,4
4.43,2.882,3.993,4
4.435,2.864,4.008,4
4.44,2.886,3.99,4
4.445,2.88,3.995,4
4.45,2.8,4.057,4
4.455,2.813,4.045,4
4.46,2.903,3.972,4
4.465,2.924,3.957,4
4.47,2.859,4.01,4
4.475,2.849,4.017,4
4.48,2.883,3.99,4
4.485,2.858,4.01,4
4.49,2.819,4.04,4
4.495,2.871,3.997,4
4.5,2.919,3.96,4
4.505,2.861,4.008,4
4.51,2.86,4.008,4
4.515,2.911,3.967,4
4.52,2.91,3.97,4
4.525,2.79,4.065,4
4.53,2.802,4.053,4
4.535,2.876,3.993,4
4.54,2.882,3.988,4
4.545,2.851,4.012,4
4.55,2.898,3.975,4
4.555,2.954,3.932,4
4.56,2.869,4.003,4
4.565,2.817,4.043,4
4.57,2.86,4.008,4
4.575,2.878,3.993,4
4.58,2.815,4.043,4
4.585,2.844,4.017,4
4.59,2.914,3.963,4
4.595,2.919,3.96,4
4.6,2.835,4.027,4
4.605,2.814,4.043,4
4.61,2.876,3.993,4
4.615,2.857,4.008,4
4.62,2.818,4.037,4
4.625,2.873,3.993,4
4.63,2.928,3.95,4
4.635,2.874,3.995,4
4.64,2.855,4.01,4
4.645,2.896,3.977,4
4.65,2.891,3.983,4
4.655,2.789,4.062,4
4.66,2.802,4.05,4
4.665,2.895,3.975,4
4.67,2.899,3.972,4
4.675,2.847,4.015,4
4.68,2.871,3.995,4
4.685,2.923,3.955,4
4.69,2.858,4.008,4
4.695,2.819,4.037,4
4.7,2.865,4,4
4.705,2.884,3.985,4
4.71,2.818,4.037,4
4.715,2.841,4.017,4
4.72,2.914,3.96,4
4.725,2.932,3.947,4
4.73,2.82,4.037,4
4.735,2.824,4.033,4
4.74,2.871,3.995,4
4.745,2.852,4.01,4
4.75,2.816,4.037,4
4.755,2.874,3.99,4
4.76,2.926,3.95,4
4.765,2.865,4,4
4.77,2.852,4.01,4
4.775,2.903,3.97,4
4.78,2.898,3.975,4
4.785,2.791,4.06,4
4.79,2.784,4.062,4
4.795,2.867,3.995,4
4.8,2.877,3.988,4
4.805,2.836,4.02,4
4.81,2.886,3.98,4
4.815,2.954,3.928,4
4.82,2.863,4.003,4
4.825,2.827,4.03,4
4.83,2.864,4,4
4.835,2.88,3.988,4
4.84,2.785,4.062,4
4.845,2.807,4.043,4
4.85,2.894,3.972,4
4.855,2.905,3.965,4
4.86,2.853,4.008,4
4.865,2.862,4,4
4.87,2.923,3.952,4
4.875,2.858,4.005,4
4.88,2.807,4.045,4
4.885,2.855,4.005,4
4.89,2.884,3.983,4
4.895,2.817,4.035,4
4.9,2.838,4.017,4
4.905,2.914,3.957,4
4.91,2.923,3.952,4
4.915,2.829,4.027,4
4.92,2.815,4.037,4
4.925,2.873,3.99,4
4.93,2.855,4.005,4
4.935,2.81,4.04,4
4.94,2.855,4.003,4
4.945,2.913,3.957,4
4.95,2.845,4.012,4
4.955,2.844,4.012,4
4.96,2.907,3.963,4
4.965,2.923,3.952,4
4.97,2.813,4.04,4
4.975,2.795,4.053,4
4.98,2.865,3.995,4
4.985,2.866,3.995,4
4.99,2.821,4.03,4
4.995,2.874,3.988,4
5,2.926,3.947,4
5.005,2.865,3.997,4
5.01,2.862,4,4
5.015,2.913,3.96,4
5.02,2.909,3.965,4
5.025,2.806,4.047,4
5.03,2.803,4.047,4
5.035,2.864,3.997,4
5.04,2.861,4,4
5.045,2.829,4.025,4
5.05,2.875,3.988,4
5.055,2.93,3.945,4
5.06,2.87,3.995,4
5.065,2.854,4.008,4
5.07,2.889,3.98,4
5.075,2.884,3.985,4
5.08,2.798,4.053,4
5.085,2.792,4.055,4
5.09,2.862,3.997,4
5.095,2.878,3.985,4
5.1,2.834,4.02,4
5.105,2.868,3.993,4
5.11,2.933,3.943,4
5.115,2.875,3.99,4
5.12,2.834,4.023,4
5.125,2.862,4,4
5.13,2.881,3.985,4
5.135,2.792,4.055,4
5.14,2.805,4.043,4
5.145,2.876,3.985,4
5.15,2.896,3.97,4
5.155,2.834,4.02,4
5.16,2.868,3.993,4
5.165,2.923,3.95,4
5.17,2.862,4,4
5.175,2.823,4.03,4
5.18,2.863,3.997,4
5.185,2.873,3.99,4
5.19,2.794,4.053,4
5.195,2.813,4.035,4
5.2,2.894,3.97,4
5.205,2.896,3.97,4
5.21,2.843,4.012,4
5.215,2.862,3.997,4
5.22,2.907,3.963,4
5.225,2.861,4,4
5.23,2.819,4.033,4
5.235,2.856,4.003,4
5.24,2.875,3.988,4
5.245,2.811,4.037,4
5.25,2.822,4.027,4
5.255,2.897,3.967,4
5.26,2.912,3.957,4
5.265,2.841,4.015,4
5.27,2.843,4.012,4
5.275,2.894,3.972,4
5.28,2.86,4,4
5.285,2.812,4.037,4
5.29,2.851,4.005,4
5.295,2.889,3.975,4
5.3,2.814,4.035,4
5.305,2.825,4.025,4
5.31,2.907,3.96,4
5.315,2.922,3.95,4
5.32,2.826,4.027,4
5.325,2.827,4.025,4
5.33,2.886,3.977,4
5.335,2.853,4.005,4
5.34,2.811,4.037,4
5.345,2.86,3.997,4
5.35,2.895,3.97,4
5.355,2.82,4.03,4
5.36,2.841,4.012,4
5.365,2.91,3.957,4
5.37,2.916,3.955,4
5.375,2.826,4.027,4
5.38,2.824,4.027,4
5.385,2.874,3.988,4
5.39,2.849,4.008,4
5.395,2.813,4.035,4
5.4,2.859,3.997,4
5.405,2.898,3.967,4
5.41,2.836,4.017,4
5.415,2.841,4.012,4
5.42,2.911,3.957,4
5.425,2.92,3.952,4
5.43,2.82,4.033,4
5.435,2.815,4.035,4
5.44,2.89,3.975,4
5.445,2.91,3.96,4
5.45,2.91,3.963,4
5.455,3.002,3.893,4
5.46,3.069,3.845,4
5.465,3.04,3.875,4
5.47,3.105,3.83,4
5.475,3.247,3.728,4
5.48,3.171,3.8,4
5.485,3.16,3.817,4
5.49,3.239,3.765,4
5.495,3.282,3.742,4
5.5,3.288,3.75,4
5.505,3.339,3.722,4
5.51,3.32,3.75,4
5.515,3.303,3.775,4
5.52,3.4,3.71,4
5.525,3.425,3.705,4
5.53,3.346,3.78,4
5.535,3.405,3.745,4
5.54,3.475,3.702,4
5.545,3.429,3.753,4
5.55,3.444,3.753,4
5.555,3.475,3.74,4
5.56,3.427,3.79,4
5.565,3.488,3.753,4
5.57,3.541,3.722,4
5.575,3.436,3.817,4
5.58,3.46,3.807,4
5.585,3.552,3.745,4
5.59,3.545,3.763,4
5.595,3.515,3.798,4
5.6,3.543,3.785,4
5.605,3.534,3.803,4
5.61,3.527,3.817,4
5.615,3.605,3.765,4
5.62,3.61,3.772,4
5.625,3.544,3.835,4
5.63,3.576,3.817,4
5.635,3.591,3.815,4
5.64,3.519,3.88,4
5.645,3.552,3.86,4
5.65,3.663,3.78,4
5.655,3.615,3.828,4
5.66,3.597,3.85,4
5.665,3.638,3.825,4
5.67,3.623,3.845,4
5.675,3.568,3.895,4
5.68,3.61,3.868,4
5.685,3.634,3.855,4
5.69,3.55,3.928,4
5.695,3.59,3.9,4
5.7,3.644,3.862,4
5.705,3.649,3.865,4
5.71,3.629,3.887,4
5.715,3.674,3.858,4
5.72,3.683,3.858,4
5.725,3.618,3.915,4
5.73,3.645,3.898,4
5.735,3.719,3.845,4
5.74,3.648,3.907,4
5.745,3.638,3.92,4
5.75,3.687,3.885,4
5.755,3.701,3.88,4
5.76,3.628,3.943,4
5.765,3.644,3.932,4
5.77,3.713,3.882,4
5.775,3.665,3.925,4
5.78,3.644,3.945,4
5.785,3.689,3.913,4
5.79,3.698,3.91,4
5.795,3.623,3.972,4
5.8,3.618,3.977,4
5.805,3.694,3.92,4
5.81,3.673,3.94,4
5.815,3.622,3.983,4
5.82,3.665,3.95,4
5.825,3.7,3.925,4
5.83,3.599,4.008,4
5.835,3.605,4.003,4
5.84,3.675,3.947,4
5.845,3.675,3.95,4
5.85,3.633,3.985,4
5.855,3.682,3.947,4
5.86,3.714,3.925,4
5.865,3.639,3.988,4
5.87,3.652,3.977,4
5.875,3.724,3.923,4
5.88,3.729,3.923,4
5.885,3.653,3.985,4
5.89,3.683,3.963,4
5.895,3.753,3.91,4
5.9,3.694,3.96,4
5.905,3.655,3.993,4
5.91,3.703,3.955,4
5.915,3.706,3.955,4
5.92,3.619,4.025,4
5.925,3.621,4.023,4
5.93,3.693,3.965,4
5.935,3.692,3.967,4
5.94,3.646,4.005,4
5.945,3.7,3.963,4
5.95,3.76,3.918,4
5.955,3.695,3.972,4
5.96,3.687,3.98,4
5.965,3.739,3.94,4
5.97,3.74,3.943,4
5.975,3.647,4.017,4
5.98,3.636,4.025,4
5.985,3.689,3.983,4
5.99,3.69,3.983,4
5.995,3.65,4.015,4
6,3.694,3.98,4
6.005,3.749,3.938,4
6.01,3.692,3.985,4
6.015,3.684,3.993,4
6.02,3.755,3.938,4
6.025,3.752,3.943,4
6.03,3.66,4.017,4
6.035,3.646,4.027,4
6.04,3.711,3.975,4
6.045,3.7,3.985,4
6.05,3.65,4.025,4
6.055,3.712,3.975,4
6.06,3.765,3.935,4
6.065,3.686,4,4
6.07,3.702,3.988,4
6.075,3.763,3.94,4
6.08,3.764,3.943,4
6.085,3.661,4.025,4
6.09,3.66,4.025,4
6.095,3.722,3.975,4
6.1,3.692,4,4
6.105,3.67,4.017,4
6.11,3.729,3.97,4
6.115,3.757,3.95,4
6.12,3.699,3.997,4
6.125,3.728,3.975,4
6.13,3.765,3.947,4
6.135,3.755,3.957,4
6.14,3.671,4.025,4
6.145,3.673,4.023,4
6.15,3.72,3.985,4
6.155,3.714,3.99,4
6.16,3.679,4.017,4
6.165,3.72,3.985,4
6.17,3.782,3.938,4
6.175,3.725,3.985,4
6.18,3.7,4.005,4
6.185,3.738,3.975,4
6.19,3.727,3.985,4
6.195,3.638,4.055,4
6.2,3.632,4.057,4
6.205,3.724,3.983,4
6.21,3.741,3.97,4
6.215,3.689,4.012,4
6.22,3.713,3.993,4
6.225,3.762,3.955,4
6.23,3.71,3.997,4
6.235,3.656,4.04,4
6.24,3.698,4.005,4
6.245,3.73,3.98,4
6.25,3.661,4.035,4
6.255,3.688,4.012,4
6.26,3.757,3.957,4
6.265,3.757,3.96,4
6.27,3.647,4.047,4
6.275,3.647,4.045,4
6.28,3.702,4,4
6.285,3.702,4,4
6.29,3.68,4.017,4
6.295,3.73,3.977,4
6.3,3.783,3.938,4
6.305,3.706,4,4
6.31,3.674,4.025,4
6.315,3.692,4.01,4
6.32,3.714,3.993,4
6.325,3.65,4.043,4
6.33,3.67,4.025,4
6.335,3.752,3.96,4
6.34,3.77,3.947,4
6.345,3.677,4.023,4
6.35,3.657,4.037,4
6.355,3.715,3.99,4
6.36,3.69,4.01,4
6.365,3.651,4.04,4
6.37,3.719,3.985,4
6.375,3.778,3.94,4
6.38,3.711,3.995,4
6.385,3.692,4.01,4
6.39,3.733,3.977,4
6.395,3.725,3.985,4
6.4,3.62,4.068,4
6.405,3.645,4.045,4
6.41,3.732,3.975,4
6.415,3.743,3.967,4
6.42,3.69,4.01,4
6.425,3.703,4,4
6.43,3.747,3.965,4
6.435,3.705,4,4
6.44,3.673,4.025,4
6.445,3.729,3.98,4
6.45,3.753,3.963,4
6.455,3.684,4.017,4
6.46,3.703,4.003,4
6.465,3.776,3.945,4
6.47,3.789,3.938,4
6.475,3.687,4.02,4
6.48,3.686,4.02,4
6.485,3.742,3.975,4
6.49,3.721,3.993,4
6.495,3.671,4.033,4
6.5,3.736,3.98,4
6.505,3.785,3.943,4
6.51,3.725,3.993,4
6.515,3.715,4,4
6.52,3.78,3.95,4
6.525,3.773,3.957,4
6.53,3.644,4.06,4
6.535,3.653,4.05,4
6.54,3.734,3.985,4
6.545,3.731,3.988,4
6.55,3.69,4.02,4
6.555,3.744,3.977,4
6.56,3.793,3.94,4
6.565,3.707,4.01,4
6.57,3.662,4.045,4
6.575,3.701,4.012,4
6.58,3.725,3.993,4
6.585,3.649,4.053,4
6.59,3.691,4.017,4
6.595,3.763,3.96,4
6.6,3.759,3.965,4
6.605,3.652,4.05,4
6.61,3.637,4.06,4
6.615,3.694,4.012,4
6.62,3.709,4,4
6.625,3.674,4.027,4
6.63,3.711,3.997,4
6.635,3.778,3.945,4
6.64,3.714,3.997,4
6.645,3.653,4.045,4
6.65,3.686,4.017,4
6.655,3.723,3.988,4
6.66,3.657,4.04,4
6.665,3.667,4.03,4
6.67,3.742,3.97,4
6.675,3.754,3.963,4
6.68,3.637,4.055,4
6.685,3.631,4.057,4
6.69,3.701,4,4
6.695,3.695,4.005,4
6.7,3.665,4.027,4
6.705,3.721,3.983,4
6.71,3.783,3.935,4
6.715,3.694,4.008,4
6.72,3.649,4.043,4
6.725,3.685,4.012,4
6.73,3.71,3.993,4
6.735,3.643,4.045,4
6.74,3.676,4.017,4
6.745,3.742,3.965,4
6.75,3.747,3.963,4
6.755,3.653,4.037,4
6.76,3.632,4.053,4
6.765,3.686,4.008,4
6.77,3.695,4,4
6.775,3.657,4.03,4
6.78,3.697,3.997,4
6.785,3.764,3.945,4
6.79,3.707,3.993,4
6.795,3.665,4.025,4
6.8,3.693,4.003,4
6.805,3.709,3.99,4
6.81,3.626,4.055,4
6.815,3.648,4.035,4
6.82,3.736,3.965,4
6.825,3.754,3.952,4
6.83,3.658,4.03,4
6.835,3.649,4.035,4
6.84,3.692,4,4
6.845,3.676,4.012,4
6.85,3.634,4.045,4
6.855,3.708,3.985,4
6.86,3.75,3.952,4
6.865,3.692,4,4
6.87,3.679,4.01,4
6.875,3.714,3.983,4
6.88,3.699,3.995,4
6.885,3.613,4.062,4
6.89,3.625,4.05,4
6.895,3.693,3.995,4
6.9,3.725,3.97,4
6.905,3.685,4.003,4
6.91,3.701,3.99,4
6.915,3.756,3.947,4
6.92,3.686,4.005,4
6.925,3.631,4.047,4
6.93,3.663,4.02,4
6.935,3.71,3.983,4
6.94,3.644,4.035,4
6.945,3.664,4.017,4
6.95,3.737,3.96,4
6.955,3.752,3.95,4
6.96,3.643,4.037,4
6.965,3.625,4.05,4
6.97,3.686,4,4
6.975,3.679,4.005,4
6.98,3.644,4.033,4
6.985,3.703,3.985,4
6.99,3.748,3.95,4
6.995,3.687,4,4
7,3.668,4.015,4
7.005,3.706,3.985,4
7.01,3.697,3.993,4
7.015,3.608,4.062,4
7.02,3.629,4.043,4
7.025,3.713,3.975,4
7.03,3.718,3.972,4
7.035,3.665,4.015,4
7.04,3.68,4.003,4
7.045,3.715,3.975,4
7.05,3.672,4.01,4
7.055,3.64,4.035,4
7.06,3.676,4.005,4
7.065,3.711,3.977,4
7.07,3.648,4.027,4
7.075,3.662,4.015,4
7.08,3.732,3.96,4
7.085,3.734,3.96,4
7.09,3.628,4.045,4
7.095,3.622,4.047,4
7.1,3.683,3.997,4
7.105,3.677,4.003,4
7.11,3.638,4.033,4
7.115,3.694,3.988,4
7.12,3.762,3.935,4
7.125,3.679,4.003,4
7.13,3.67,4.01,4
7.135,3.708,3.98,4
7.14,3.702,3.985,4
7.145,3.594,4.07,4
7.15,3.616,4.05,4
7.155,3.69,3.99,4
7.16,3.693,3.988,4
7.165,3.662,4.012,4
7.17,3.706,3.977,4
7.175,3.768,3.93,4
7.18,3.677,4.005,4
7.185,3.628,4.043,4
7.19,3.674,4.005,4
7.195,3.683,3.997,4
7.2,3.606,4.057,4
7.205,3.628,4.037,4
7.21,3.713,3.97,4
7.215,3.727,3.96,4
7.22,3.672,4.005,4
7.225,3.672,4.005,4
7.23,3.719,3.967,4
7.235,3.67,4.008,4
7.24,3.615,4.05,4
7.245,3.663,4.01,4
7.25,3.708,3.975,4
7.255,3.632,4.035,4
7.26,3.649,4.02,4
7.265,3.725,3.96,4
7.27,3.74,3.95,4
7.275,3.641,4.03,4
7.28,3.626,4.04,4
7.285,3.681,3.995,4
7.29,3.666,4.008,4
7.295,3.617,4.045,4
7.3,3.675,3.997,4
7.305,3.733,3.952,4
7.31,3.656,4.015,4
7.315,3.661,4.01,4
7.32,3.728,3.957,4
7.325,3.718,3.967,4
7.33,3.611,4.053,4
7.335,3.611,4.05,4
7.34,3.672,4,4
7.345,3.662,4.008,4
7.35,3.63,4.033,4
7.355,3.682,3.99,4
7.36,3.741,3.945,4
7.365,3.677,3.997,4
7.37,3.667,4.005,4
7.375,3.705,3.975,4
7.38,3.697,3.983,4
7.385,3.609,4.053,4
7.39,3.602,4.055,4
7.395,3.679,3.993,4
7.4,3.683,3.99,4
7.405,3.638,4.025,4
7.41,3.682,3.99,4
7.415,3.746,3.94,4
7.42,3.683,3.993,4
7.425,3.658,4.012,4
7.43,3.689,3.988,4
7.435,3.699,3.98,4
7.44,3.598,4.06,4
7.445,3.598,4.057,4
7.45,3.684,3.988,4
7.455,3.685,3.988,4
7.46,3.637,4.025,4
7.465,3.684,3.988,4
7.47,3.736,3.947,4
7.475,3.685,3.99,4
7.48,3.65,4.017,4
7.485,3.69,3.985,4
7.49,3.688,3.988,4
7.495,3.599,4.057,4
7.5,3.599,4.055,4
7.505,3.672,3.995,4
7.51,3.692,3.98,4
7.515,3.652,4.012,4
7.52,3.683,3.988,4
7.525,3.738,3.945,4
7.53,3.677,3.995,4
7.535,3.652,4.015,4
7.54,3.677,3.995,4
7.545,3.674,3.997,4
7.55,3.604,4.053,4
7.555,3.607,4.047,4
7.56,3.674,3.993,4
7.565,3.697,3.975,4
7.57,3.657,4.008,4
7.575,3.679,3.99,4
7.58,3.737,3.945,4
7.585,3.686,3.988,4
7.59,3.642,4.023,4
7.595,3.676,3.995,4
7.6,3.686,3.988,4
7.605,3.597,4.057,4
7.61,3.597,4.055,4
7.615,3.677,3.99,4
7.62,3.693,3.977,4
7.625,3.64,4.02,4
7.63,3.677,3.99,4
7.635,3.742,3.94,4
7.64,3.675,3.995,4
7.645,3.647,4.017,4
7.65,3.69,3.983,4
7.655,3.682,3.99,4
7.66,3.583,4.068,4
7.665,3.608,4.045,4
7.67,3.682,3.985,4
7.675,3.683,3.985,4
7.68,3.649,4.012,4
7.685,3.696,3.975,4
7.69,3.742,3.94,4
7.695,3.676,3.995,4
7.7,3.644,4.02,4
7.705,3.681,3.99,4
7.71,3.675,3.995,4
7.715,3.589,4.062,4
7.72,3.608,4.045,4
7.725,3.675,3.99,4
7.73,3.695,3.975,4
7.735,3.649,4.012,4
7.74,3.683,3.985,4
7.745,3.738,3.943,4
7.75,3.681,3.99,4
7.755,3.653,4.012,4
7.76,3.681,3.99,4
7.765,3.688,3.985,4
7.77,3.599,4.055,4
7.775,3.593,4.057,4
7.78,3.682,3.985,4
7.785,3.689,3.98,4
7.79,3.636,4.023,4
7.795,3.689,3.98,4
7.8,3.748,3.935,4
7.805,3.682,3.99,4
7.81,3.65,4.015,4
7.815,3.697,3.977,4
7.82,3.699,3.977,4
7.825,3.591,4.062,4
7.83,3.6,4.053,4
7.835,3.674,3.993,4
7.84,3.677,3.99,4
7.845,3.64,4.02,4
7.85,3.693,3.977,4
7.855,3.726,3.952,4
7.86,3.668,4,4
7.865,3.662,4.005,4
7.87,3.703,3.972,4
7.875,3.695,3.98,4
7.88,3.597,4.057,4
7.885,3.6,4.053,4
7.89,3.671,3.995,4
7.895,3.677,3.99,4
7.9,3.64,4.02,4
7.905,3.683,3.985,4
7.91,3.735,3.945,4
7.915,3.675,3.995,4
7.92,3.659,4.008,4
7.925,3.697,3.977,4
7.93,3.701,3.975,4
7.935,3.607,4.05,4
7.94,3.601,4.053,4
7.945,3.671,3.995,4
7.95,3.675,3.993,4
7.955,3.633,4.025,4
7.96,3.68,3.988,4
7.965,3.738,3.943,4
7.97,3.668,4,4
7.975,3.659,4.008,4
7.98,3.709,3.967,4
7.985,3.715,3.965,4
7.99,3.608,4.05,4
7.995,3.602,4.053,4
8,3.682,3.988,4
8.005,3.67,3.997,4
8.01,3.631,4.027,4
8.015,3.681,3.988,4
8.02,3.73,3.95,4
8.025,3.662,4.005,4
8.03,3.659,4.008,4
8.035,3.719,3.96,4
8.04,3.709,3.97,4
8.045,3.611,4.047,4
8.05,3.615,4.043,4
8.055,3.667,4,4
8.06,3.667,4,4
8.065,3.638,4.023,4
8.07,3.685,3.985,4
8.075,3.727,3.952,4
8.08,3.66,4.008,4
8.085,3.669,4,4
8.09,3.707,3.97,4
8.095,3.712,3.967,4
8.1,3.621,4.04,4
8.105,3.606,4.05,4
8.11,3.673,3.995,4
8.115,3.677,3.993,4
8.12,3.636,4.025,4
8.125,3.682,3.988,4
8.13,3.737,3.945,4
8.135,3.67,4,4
8.14,3.658,4.01,4
8.145,3.715,3.965,4
8.15,3.717,3.965,4
8.155,3.597,4.06,4
8.16,3.577,4.072,4
8.165,3.627,4.03,4
8.17,3.61,4.043,4
8.175,3.543,4.092,4
8.18,3.531,4.098,4
8.185,3.519,4.102,4
8.19,3.458,4.145,4
8.195,3.43,4.16,4
8.2,3.407,4.17,4
8.205,3.397,4.17,4
8.21,3.403,4.157,4
8.215,3.319,4.215,4
8.22,3.265,4.247,4
8.225,3.339,4.177,4
8.23,3.325,4.18,4
8.235,3.192,4.275,4
8.24,3.214,4.245,4
8.245,3.215,4.233,4
8.25,3.259,4.188,4
8.255,3.183,4.238,4
8.26,3.114,4.28,4
8.265,3.161,4.23,4
8.27,3.144,4.233,4
8.275,3.175,4.198,4
8.28,3.054,4.283,4
8.285,3.04,4.28,4
8.29,3.131,4.195,4
8.295,3.091,4.218,4
8.3,3.058,4.233,4
8.305,3.006,4.263,4
8.31,3.047,4.218,4
8.315,3.095,4.17,4
8.32,3.011,4.227,4
8.325,2.997,4.227,4
8.33,2.97,4.238,4
8.335,3.01,4.195,4
8.34,3.056,4.15,4
8.345,2.912,4.255,4
8.35,2.938,4.222,4
8.355,3.011,4.155,4
8.36,2.979,4.173,4
8.365,2.937,4.198,4
8.37,2.941,4.185,4
8.375,2.936,4.18,4
8.38,2.999,4.122,4
8.385,2.956,4.15,4
8.39,2.883,4.2,4
8.395,2.947,4.14,4
8.4,3.009,4.085,4
8.405,2.918,4.153,4
8.41,2.876,4.177,4
8.415,2.936,4.122,4
8.42,2.944,4.11,4
8.425,2.906,4.135,4
8.43,2.898,4.135,4
8.435,2.915,4.115,4
8.44,2.921,4.105,4
8.445,2.914,4.105,4
8.45,2.885,4.122,4
8.455,2.888,4.115,4
8.46,2.9,4.1,4
8.465,2.903,4.092,4
8.47,2.878,4.108,4
8.475,2.888,4.095,4
8.48,2.914,4.07,4
8.485,2.881,4.092,4
8.49,2.866,4.1,4
8.495,2.898,4.07,4
8.5,2.916,4.053,4
8.505,2.875,4.082,4
8.51,2.844,4.102,4
8.515,2.908,4.047,4
8.52,2.953,4.01,4
8.525,2.873,4.072,4
8.53,2.827,4.105,4
8.535,2.884,4.055,4
8.54,2.951,4,4
8.545,2.897,4.043,4
8.55,2.837,4.088,4
8.555,2.863,4.062,4
8.56,2.927,4.01,4
8.565,2.881,4.045,4
8.57,2.856,4.062,4
8.575,2.881,4.04,4
8.58,2.901,4.023,4
8.585,2.813,4.09,4
8.59,2.856,4.053,4
8.595,2.93,3.993,4
8.6,2.917,4.003,4
8.605,2.795,4.098,4
8.61,2.802,4.088,4
8.615,2.89,4.015,4
8.62,2.918,3.993,4
8.625,2.854,4.043,4
8.63,2.858,4.037,4
8.635,2.888,4.012,4
8.64,2.858,4.035,4
8.645,2.83,4.055,4
8.65,2.885,4.01,4
8.655,2.951,3.957,4
8.66,2.89,4.008,4
8.665,2.835,4.05,4
8.67,2.867,4.023,4
8.675,2.894,4,4
8.68,2.824,4.055,4
8.685,2.853,4.03,4
8.69,2.925,3.972,4
8.695,2.929,3.97,4
8.7,2.81,4.065,4
8.705,2.799,4.07,4
8.71,2.872,4.01,4
8.715,2.897,3.99,4
8.72,2.849,4.027,4
8.725,2.883,4,4
8.73,2.925,3.967,4
8.735,2.866,4.015,4
8.74,2.81,4.057,4
8.745,2.871,4.008,4
8.75,2.915,3.972,4
8.755,2.853,4.023,4
8.76,2.867,4.01,4
8.765,2.905,3.98,4
8.77,2.897,3.988,4
8.775,2.792,4.07,4
8.78,2.81,4.053,4
8.785,2.89,3.988,4
8.79,2.907,3.975,4
8.795,2.867,4.008,4
8.8,2.876,4,4
8.805,2.93,3.957,4
8.81,2.863,4.012,4
8.815,2.814,4.05,4
8.82,2.865,4.008,4
8.825,2.926,3.96,4
8.83,2.861,4.012,4
8.835,2.863,4.01,4
8.84,2.911,3.972,4
8.845,2.909,3.975,4
8.85,2.799,4.062,4
8.855,2.808,4.053,4
8.86,2.891,3.985,4
8.865,2.914,3.967,4
8.87,2.852,4.017,4
8.875,2.864,4.008,4
8.88,2.911,3.97,4
8.885,2.862,4.01,4
8.89,2.829,4.035,4
8.895,2.878,3.995,4
8.9,2.92,3.963,4
8.905,2.865,4.008,4
8.91,2.871,4.003,4
8.915,2.912,3.97,4
8.92,2.901,3.98,4
8.925,2.8,4.06,4
8.93,2.809,4.05,4
8.935,2.886,3.988,4
8.94,2.906,3.972,4
8.945,2.873,4,4
8.95,2.882,3.993,4
8.955,2.937,3.95,4
8.96,2.867,4.008,4
8.965,2.815,4.047,4
8.97,2.86,4.01,4
8.975,2.92,3.963,4
8.98,2.862,4.01,4
8.985,2.858,4.012,4
8.99,2.921,3.963,4
8.995,2.911,3.972,4
9,2.8,4.06,4
9.005,2.81,4.05,4
9.01,2.893,3.983,4
9.015,2.91,3.97,4
9.02,2.854,4.015,4
9.025,2.869,4.003,4
9.03,2.914,3.967,4
9.035,2.862,4.01,4
9.04,2.819,4.043,4
9.045,2.874,3.997,4
9.05,2.923,3.96,4
9.055,2.858,4.012,4
9.06,2.873,4,4
9.065,2.908,3.972,4
9.07,2.913,3.97,4
9.075,2.796,4.062,4
9.08,2.802,4.055,4
9.085,2.889,3.985,4
9.09,2.912,3.967,4
9.095,2.863,4.008,4
9.1,2.881,3.993,4
9.105,2.943,3.945,4
9.11,2.872,4.003,4
9.115,2.815,4.047,4
9.12,2.863,4.008,4
9.125,2.914,3.967,4
9.13,2.852,4.017,4
9.135,2.86,4.01,4
9.14,2.917,3.965,4
9.145,2.916,3.967,4
9.15,2.8,4.06,4
9.155,2.806,4.053,4
9.16,2.886,3.988,4
9.165,2.902,3.975,4
9.17,2.853,4.015,4
9.175,2.871,4,4
9.18,2.922,3.96,4
9.185,2.87,4.003,4
9.19,2.819,4.043,4
9.195,2.871,4,4
9.2,2.903,3.975,4
9.205,2.853,4.015,4
9.21,2.865,4.005,4
9.215,2.916,3.965,4
9.22,2.918,3.965,4
9.225,2.805,4.055,4
9.23,2.798,4.057,4
9.235,2.872,3.997,4
9.24,2.894,3.98,4
9.245,2.86,4.008,4
9.25,2.885,3.988,4
9.255,2.957,3.932,4
9.26,2.871,4.003,4
9.265,2.816,4.045,4
9.27,2.858,4.01,4
9.275,2.903,3.975,4
9.28,2.834,4.03,4
9.285,2.845,4.02,4
9.29,2.924,3.957,4
9.295,2.929,3.955,4
9.3,2.814,4.047,4
9.305,2.804,4.053,4
9.31,2.875,3.995,4
9.315,2.878,3.993,4
9.32,2.84,4.023,4
9.325,2.884,3.988,4
9.33,2.942,3.943,4
9.335,2.875,3.997,4
9.34,2.827,4.035,4
9.345,2.86,4.008,4
9.35,2.879,3.993,4
9.355,2.816,4.043,4
9.36,2.848,4.015,4
9.365,2.921,3.957,4
9.37,2.933,3.95,4
9.375,2.831,4.033,4
9.38,2.816,4.043,4
9.385,2.864,4.003,4
9.39,2.864,4.003,4
9.395,2.835,4.025,4
9.4,2.888,3.983,4
9.405,2.953,3.932,4
9.41,2.871,4,4
9.415,2.845,4.02,4
9.42,2.87,4,4
9.425,2.889,3.985,4
9.43,2.797,4.057,4
9.435,2.816,4.04,4
9.44,2.903,3.97,4
9.445,2.931,3.95,4
9.45,2.841,4.023,4
9.455,2.833,4.027,4
9.46,2.883,3.988,4
9.465,2.855,4.01,4
9.47,2.815,4.04,4
9.475,2.871,3.995,4
9.48,2.922,3.955,4
9.485,2.864,4.003,4
9.49,2.858,4.008,4
9.495,2.899,3.975,4
9.5,2.884,3.988,4
9.505,2.792,4.06,4
9.51,2.795,4.055,4
9.515,2.875,3.99,4
9.52,2.901,3.97,4
9.525,2.855,4.008,4
9.53,2.867,3.997,4
9.535,2.909,3.965,4
9.54,2.863,4.003,4
9.545,2.812,4.043,4
9.55,2.851,4.01,4
9.555,2.885,3.983,4
9.56,2.832,4.025,4
9.565,2.846,4.012,4
9.57,2.913,3.96,4
9.575,2.925,3.952,4
9.58,2.809,4.045,4
9.585,2.8,4.05,4
9.59,2.858,4.003,4
9.595,2.858,4.003,4
9.6,2.826,4.027,4
9.605,2.885,3.98,4
9.61,2.944,3.935,4
9.615,2.868,3.997,4
9.62,2.839,4.02,4
9.625,2.87,3.995,4
9.63,2.876,3.99,4
9.635,2.781,4.065,4
9.64,2.812,4.037,4
9.645,2.893,3.972,4
9.65,2.898,3.97,4
9.655,2.849,4.01,4
9.66,2.858,4.003,4
9.665,2.912,3.96,4
9.67,2.854,4.008,4
9.675,2.808,4.043,4
9.68,2.844,4.012,4
9.685,2.895,3.972,4
9.69,2.832,4.023,4
9.695,2.844,4.012,4
9.7,2.91,3.96,4
9.705,2.909,3.963,4
9.71,2.809,4.043,4
9.715,2.794,4.053,4
9.72,2.858,4,4
9.725,2.861,3.997,4
9.73,2.816,4.033,4
9.735,2.875,3.985,4
9.74,2.927,3.945,4
9.745,2.87,3.993,4
9.75,2.845,4.012,4
9.755,2.882,3.983,4
9.76,2.877,3.988,4
9.765,2.775,4.068,4
9.77,2.794,4.05,4
9.775,2.874,3.985,4
9.78,2.888,3.975,4
9.785,2.841,4.012,4
9.79,2.876,3.985,4
9.795,2.921,3.95,4
9.8,2.857,4.003,4
9.805,2.815,4.035,4
9.81,2.855,4.003,4
9.815,2.871,3.99,4
9.82,2.804,4.043,4
9.825,2.817,4.03,4
9.83,2.899,3.965,4
9.835,2.914,3.955,4
9.84,2.837,4.017,4
9.845,2.842,4.012,4
9.85,2.886,3.977,4
9.855,2.849,4.008,4
9.86,2.797,4.047,4
9.865,2.849,4.005,4
9.87,2.893,3.97,4
9.875,2.828,4.023,4
9.88,2.836,4.015,4
9.885,2.909,3.957,4
9.89,2.931,3.943,4
9.895,2.812,4.037,4
9.9,2.81,4.037,4
9.905,2.872,3.988,4
9.91,2.847,4.008,4
9.915,2.799,4.045,4
9.92,2.866,3.99,4
9.925,2.918,3.95,4
9.93,2.848,4.008,4
9.935,2.847,4.008,4
9.94,2.907,3.96,4
9.945,2.91,3.96,4
9.95,2.787,4.057,4
9.955,2.79,4.053,4
9.96,2.854,4,4
9.965,2.851,4.003,4
9.97,2.822,4.025,4
9.975,2.875,3.983,4
9.98,2.927,3.943,4
9.985,2.864,3.995,4
9.99,2.842,4.012,4
9.995,2.882,3.98,4
10,2.887,3.977,4
10.005,2.786,4.057,4
10.01,2.792,4.05,4
10.015,2.856,3.997,4
10.02,2.869,3.988,4
10.025,2.841,4.01,4
10.03,2.872,3.985,4
10.035,2.937,3.935,4
10.04,2.871,3.99,4
10.045,2.83,4.023,4
10.05,2.857,4,4
10.055,2.876,3.985,4
10.06,2.785,4.057,4
10.065,2.797,4.045,4
10.07,2.878,3.98,4
10.075,2.888,3.972,4
10.08,2.842,4.01,4
10.085,2.873,3.985,4
10.09,2.926,3.945,4
10.095,2.849,4.008,4
10.1,2.813,4.035,4
10.105,2.853,4.003,4
10.11,2.869,3.99,4
10.115,2.789,4.053,4
10.12,2.808,4.035,4
10.125,2.886,3.972,4
10.13,2.898,3.965,4
10.135,2.845,4.008,4
10.14,2.858,3.997,4
10.145,2.909,3.957,4
10.15,2.848,4.008,4
10.155,2.805,4.04,4
10.16,2.848,4.005,4
10.165,2.873,3.985,4
10.17,2.81,4.035,4
10.175,2.824,4.023,4
10.18,2.893,3.967,4
10.185,2.908,3.957,4
10.19,2.837,4.015,4
10.195,2.833,4.017,4
10.2,2.889,3.972,4
10.205,2.846,4.008,4
10.21,2.801,4.043,4
10.215,2.849,4.003,4
10.22,2.894,3.967,4
10.225,2.816,4.03,4
10.23,2.833,4.015,4
10.235,2.903,3.96,4
10.24,2.909,3.957,4
10.245,2.821,4.027,4
10.25,2.81,4.035,4
10.255,2.872,3.985,4
10.26,2.847,4.005,4
10.265,2.802,4.04,4
10.27,2.857,3.995,4
10.275,2.896,3.965,4
10.28,2.831,4.017,4
10.285,2.843,4.008,4
10.29,2.91,3.955,4
10.295,2.903,3.963,4
10.3,2.812,4.035,4
10.305,2.81,4.035,4
10.31,2.859,3.995,4
10.315,2.843,4.008,4
10.32,2.811,4.033,4
10.325,2.867,3.988,4
10.33,2.903,3.96,4
10.335,2.844,4.008,4
10.34,2.857,3.997,4
10.345,2.898,3.965,4
10.35,2.897,3.967,4
10.355,2.797,4.047,4
10.36,2.791,4.05,4
10.365,2.858,3.995,4
10.37,2.855,3.997,4
10.375,2.81,4.033,4
10.38,2.863,3.99,4
10.385,2.921,3.945,4
10.39,2.854,4,4
10.395,2.838,4.012,4
10.4,2.892,3.97,4
10.405,2.89,3.972,4
10.41,2.783,4.057,4
10.415,2.786,4.053,4
10.42,2.863,3.99,4
10.425,2.87,3.985,4
10.43,2.823,4.023,4
10.435,2.869,3.985,4
10.44,2.928,3.94,4
10.445,2.852,4.003,4
10.45,2.832,4.017,4
10.455,2.876,3.983,4
10.46,2.874,3.985,4
10.465,2.785,4.055,4
10.47,2.795,4.045,4
10.475,2.869,3.985,4
10.48,2.882,3.975,4
10.485,2.836,4.012,4
10.49,2.867,3.988,4
10.495,2.916,3.95,4
10.5,2.868,3.99,4
10.505,2.82,4.027,4
10.51,2.857,3.997,4
10.515,2.873,3.985,4
10.52,2.794,4.047,4
10.525,2.801,4.04,4
10.53,2.882,3.975,4
10.535,2.896,3.965,4
10.54,2.834,4.015,4
10.545,2.859,3.995,4
10.55,2.914,3.952,4
10.555,2.872,3.988,4
10.56,2.818,4.03,4
10.565,2.855,4,4
10.57,2.877,3.983,4
10.575,2.788,4.053,4
10.58,2.811,4.033,4
10.585,2.895,3.965,4
10.59,2.913,3.952,4
10.595,2.836,4.015,4
10.6,2.855,4,4
10.605,2.893,3.97,4
10.61,2.856,4,4
10.615,2.812,4.035,4
10.62,2.857,3.997,4
10.625,2.88,3.98,4
10.63,2.808,4.037,4
10.635,2.831,4.017,4
10.64,2.903,3.96,4
10.645,2.916,3.952,4
10.65,2.838,4.015,4
10.655,2.844,4.01,4
10.66,2.872,3.988,4
10.665,2.854,4.003,4
10.67,2.809,4.037,4
10.675,2.858,3.997,4
10.68,2.896,3.967,4
10.685,2.834,4.017,4
10.69,2.843,4.01,4
10.695,2.909,3.957,4
10.7,2.921,3.95,4
10.705,2.825,4.027,4
10.71,2.808,4.04,4
10.715,2.86,3.997,4
10.72,2.853,4.003,4
10.725,2.815,4.033,4
10.73,2.867,3.99,4
10.735,2.919,3.95,4
10.74,2.858,4,4
10.745,2.855,4.003,4
10.75,2.903,3.965,4
10.755,2.905,3.965,4
10.76,2.785,4.06,4
10.765,2.794,4.05,4
10.77,2.865,3.993,4
10.775,2.872,3.988,4
10.78,2.837,4.015,4
10.785,2.894,3.97,4
10.79,2.944,3.932,4
10.795,2.875,3.99,4
10.8,2.843,4.015,4
10.805,2.874,3.99,4
10.81,2.875,3.99,4
10.815,2.779,4.065,4
10.82,2.811,4.037,4
10.825,2.885,3.977,4
10.83,2.903,3.965,4
10.835,2.86,4,4
10.84,2.879,3.985,4
10.845,2.931,3.945,4
10.85,2.867,3.997,4
10.855,2.816,4.037,4
10.86,2.849,4.01,4
10.865,2.887,3.98,4
10.87,2.821,4.033,4
10.875,2.835,4.02,4
10.88,2.914,3.957,4
10.885,2.923,3.952,4
10.89,2.836,4.023,4
10.895,2.822,4.033,4
10.9,2.874,3.99,4
10.905,2.856,4.005,4
10.91,2.814,4.037,4
10.915,2.866,3.995,4
10.92,2.927,3.947,4
10.925,2.863,4,4
10.93,2.86,4.003,4
10.935,2.911,3.963,4
10.94,2.904,3.97,4
10.945,2.797,4.055,4
10.95,2.793,4.055,4
10.955,2.876,3.988,4
10.96,2.883,3.983,4
10.965,2.84,4.017,4
10.97,2.887,3.98,4
10.975,2.93,3.947,4
10.98,2.878,3.99,4
10.985,2.834,4.025,4
10.99,2.868,3.997,4
10.995,2.881,3.988,4
11,2.814,4.04,4
11.005,2.831,4.025,4
11.01,2.913,3.96,4
11.015,2.928,3.95,4
11.02,2.845,4.017,4
11.025,2.831,4.027,4
11.03,2.871,3.995,4
11.035,2.855,4.008,4
11.04,2.826,4.03,4
11.045,2.875,3.99,4
11.05,2.93,3.947,4
11.055,2.863,4.003,4
11.06,2.863,4.003,4
11.065,2.904,3.97,4
11.07,2.903,3.972,4
11.075,2.796,4.057,4
11.08,2.808,4.045,4
11.085,2.879,3.988,4
11.09,2.893,3.977,4
11.095,2.856,4.008,4
