Tiempo ,VELOCIDA,CORRIENT,ENTRADA
-0.2,0,0,0
-0.19,0,0,0
-0.18,0,0,0
-0.17,0,0,0
-0.16,0,0,0
-0.15,0,0,0
-0.14,0,0,0
-0.13,0,0,0
-0.12,0,0,0
-0.11,0,0,0
-0.1,0,0,0
-0.09,0,0,0
-0.08,0,0,0
-0.07,0,0,0
-0.06,0,0,0
-0.05,0,0,0
-0.04,0,0,0
-0.03,0,0,0
-0.02,0,0,0
-0.01,0,0,0
0,0.027,-0.004,0
0.01,0.025,-0.007,0
0.02,0.022,-0.007,0
0.03,0.025,-0.007,0
0.04,0.022,-0.007,0
0.05,0.022,-0.007,0
0.06,0.025,-0.007,0
0.07,0.022,-0.007,0
0.08,0.022,-0.007,0
0.09,0.022,-0.007,0
0.1,0.022,-0.007,0
0.11,0.022,-0.007,0
0.12,0.022,-0.007,0
0.13,0.022,-0.007,0
0.14,0.022,-0.007,0
0.15,0.022,-0.007,0
0.16,0.022,-0.007,0
0.17,0.022,-0.007,0
0.18,0.02,-0.007,0
0.19,0.02,-0.007,0
0.2,0.02,-0.007,0
0.21,0.022,-0.007,0
0.22,0.02,-0.007,0
0.23,0.02,-0.007,0
0.24,0.02,-0.007,0
0.25,0.02,-0.007,0
0.26,0.02,-0.007,0
0.27,0.02,-0.007,0
0.28,0.018,-0.007,0
0.29,0.02,-0.006,0
0.3,0.018,-0.007,0
0.31,0.02,-0.007,0
0.32,0.018,-0.007,0
0.33,0.018,-0.007,0
0.34,0.02,-0.007,0
0.35,0.018,-0.007,0
0.36,0.02,-0.007,0
0.37,0.018,-0.007,0
0.38,0.018,-0.007,0
0.39,0.018,-0.007,0
0.4,0.018,-0.007,0
0.41,0.018,-0.007,0
0.42,0.018,-0.006,0
0.43,0.018,-0.007,0
0.44,0.02,-0.006,0
0.45,0.018,-0.006,0
0.46,0.015,-0.007,0
0.47,0.018,-0.007,0
0.48,0.018,-0.007,0
0.49,0.018,-0.006,0
0.5,0.018,-0.005,0
0.51,0.018,-0.007,0
0.52,0.26,0.543,3
0.53,0.875,0.506,3
0.54,1.298,0.435,3
0.55,1.555,0.4,3
0.56,1.793,0.369,3
0.57,2.015,0.366,3
0.58,2.15,0.35,3
0.59,2.262,0.32,3
0.6,2.425,0.307,3
0.61,2.533,0.299,3
0.62,2.643,0.282,3
0.63,2.74,0.282,3
0.64,2.848,0.27,3
0.65,2.92,0.262,3
0.66,2.982,0.249,3
0.67,3.085,0.235,3
0.68,3.15,0.229,3
0.69,3.17,0.219,3
0.7,3.2,0.219,3
0.71,3.265,0.216,3
0.72,3.35,0.204,3
0.73,3.385,0.208,3
0.74,3.483,0.192,3
0.75,3.425,0.191,3
0.76,3.495,0.189,3
0.77,3.582,0.186,3
0.78,3.618,0.177,3
0.79,3.598,0.172,3
0.8,3.638,0.176,3
0.81,3.69,0.172,3
0.82,3.665,0.157,3
0.83,3.665,0.173,3
0.84,3.758,0.172,3
0.85,3.74,0.151,3
0.86,3.728,0.169,3
0.87,3.812,0.162,3
0.88,3.745,0.152,3
0.89,3.825,0.157,3
0.9,3.837,0.16,3
0.91,3.812,0.145,3
0.92,3.885,0.162,3
0.93,3.85,0.147,3
0.94,3.86,0.148,3
0.95,3.92,0.156,3
0.96,3.85,0.146,3
0.97,3.887,0.149,3
0.98,3.932,0.14,3
0.99,3.925,0.146,3
1,3.955,0.153,3
1.01,3.905,0.142,3
1.02,3.947,0.152,3
1.03,3.93,0.139,3
1.04,3.915,0.142,3
1.05,3.967,0.144,3
1.06,3.923,0.132,3
1.07,4.003,0.144,3
1.08,3.96,0.127,3
1.09,3.975,0.141,3
1.1,4.023,0.137,3
1.11,3.977,0.14,3
1.12,4.027,0.144,3
1.13,3.963,0.132,3
1.14,4.04,0.142,3
1.15,3.993,0.127,3
1.16,3.997,0.14,3
1.17,4.037,0.134,3
1.18,3.985,0.139,3
1.19,4.02,0.14,3
1.2,3.963,0.13,3
1.21,4.015,0.141,3
1.22,3.975,0.126,3
1.23,3.99,0.14,3
1.24,4,0.134,3
1.25,3.98,0.147,3
1.26,4.04,0.142,3
1.27,4.003,0.144,3
1.28,4.043,0.15,3
1.29,4.003,0.132,3
1.3,4.068,0.143,3
1.31,4.027,0.124,3
1.32,4.02,0.137,3
1.33,4.037,0.131,3
1.34,3.988,0.137,3
1.35,4.035,0.139,3
1.36,3.967,0.14,3
1.37,4.05,0.152,3
1.38,4.008,0.133,3
1.39,4.078,0.142,3
1.4,4.033,0.124,3
1.41,4.02,0.141,3
1.42,4.043,0.132,3
1.43,3.993,0.14,3
1.44,4.043,0.141,3
1.45,4.01,0.141,3
1.46,4.06,0.15,3
1.47,4.027,0.131,3
1.48,4.08,0.141,3
1.49,4.023,0.123,3
1.5,4.025,0.136,3
1.51,4.025,0.132,3
1.52,4.01,0.141,3
1.53,4.07,0.144,3
1.54,4.033,0.14,3
1.55,4.075,0.142,3
1.56,4.01,0.127,3
1.57,4.057,0.136,3
1.58,4,0.125,3
1.59,4.043,0.144,3
1.6,4.04,0.132,3
1.61,4.04,0.146,3
1.62,4.098,0.135,3
1.63,4.025,0.136,3
1.64,4.055,0.137,3
1.65,3.97,0.133,3
1.66,4.05,0.145,3
1.67,4.023,0.132,3
1.68,4.095,0.145,3
1.69,4.047,0.123,3
1.7,4.03,0.14,3
1.71,4.04,0.13,3
1.72,4.015,0.141,3
1.73,4.075,0.142,3
1.74,4.045,0.14,3
1.75,4.088,0.14,3
1.76,4.017,0.125,3
1.77,4.068,0.135,3
1.78,4,0.124,3
1.79,4.07,0.142,3
1.8,4.05,0.128,3
1.81,4.057,0.139,3
1.82,4.09,0.13,3
1.83,4.027,0.132,3
1.84,4.062,0.136,3
1.85,4.017,0.138,3
1.86,4.078,0.145,3
1.87,4.043,0.128,3
1.88,4.095,0.138,3
1.89,4.02,0.119,3
1.9,4.045,0.135,3
1.91,4.043,0.13,3
1.92,4.053,0.142,3
1.93,4.102,0.133,3
1.94,4.045,0.132,3
1.95,4.07,0.135,3
1.96,3.997,0.133,3
1.97,4.065,0.145,3
1.98,4.04,0.131,3
1.99,4.102,0.14,3
2,4.05,0.122,3
2.01,3.783,-0.437,0
2.02,3.153,-0.366,0
2.03,2.715,-0.315,0
2.04,2.405,-0.281,0
2.05,2.188,-0.25,0
2.06,1.94,-0.228,0
2.07,1.793,-0.215,0
2.08,1.675,-0.195,0
2.09,1.53,-0.181,0
2.1,1.417,-0.168,0
2.11,1.303,-0.149,0
2.12,1.2,-0.141,0
2.13,1.09,-0.13,0
2.14,1.03,-0.116,0
2.15,0.935,-0.114,0
2.16,0.838,-0.101,0
2.17,0.795,-0.093,0
2.18,0.715,-0.087,0
2.19,0.642,-0.079,0
2.2,0.597,-0.068,0
2.21,0.548,-0.064,0
2.22,0.502,-0.062,0
2.23,0.465,-0.056,0
2.24,0.41,-0.05,0
2.25,0.368,-0.043,0
2.26,0.322,-0.037,0
2.27,0.285,-0.034,0
2.28,0.25,-0.03,0
2.29,0.215,-0.025,0
2.3,0.178,-0.021,0
2.31,0.142,-0.018,0
2.32,0.113,-0.014,0
2.33,0.085,-0.01,0
2.34,0.062,-0.008,0
2.35,0.032,-0.004,0
2.36,0.02,-0.002,0
2.37,0.018,-0.002,0
2.38,0.02,-0.002,0
2.39,0.018,-0.002,0
2.4,0.022,-0.002,0
2.41,0.02,-0.002,0
2.42,0.022,-0.002,0
2.43,0.018,-0.002,0
2.44,0.022,-0.002,0
2.45,0.02,-0.002,0
2.46,0.022,-0.002,0
2.47,0.022,-0.002,0
2.48,0.022,-0.002,0
2.49,0.022,-0.002,0
2.5,0.02,-0.002,0
2.51,0.022,-0.002,0
2.52,0.022,-0.002,0
2.53,0.022,-0.002,0
2.54,0.022,-0.002,0
2.55,0.022,-0.002,0
2.56,0.022,-0.002,0
2.57,0.025,-0.002,0
2.58,0.022,-0.002,0
2.59,0.025,-0.002,0
2.6,0.02,-0.002,0
2.61,0.025,-0.002,0
2.62,0.022,-0.002,0
2.63,0.025,-0.002,0
2.64,0.022,-0.002,0
2.65,0.025,-0.002,0
2.66,0.025,-0.002,0
2.67,0.027,-0.002,0
2.68,0.025,-0.002,0
2.69,0.025,-0.002,0
2.7,0.027,-0.002,0
2.71,0.025,-0.002,0
2.72,0.025,-0.002,0
2.73,0.025,-0.002,0
2.74,0.027,-0.002,0
2.75,0.025,-0.002,0
2.76,0.027,-0.002,0
2.77,0.025,-0.002,0
2.78,0.027,-0.002,0
2.79,0.025,-0.002,0
2.8,0.027,-0.002,0
2.81,0.027,-0.002,0
2.82,0.03,-0.002,0
2.83,0.027,-0.002,0
2.84,0.027,-0.002,0
2.85,0.027,-0.002,0
2.86,0.027,-0.002,0
2.87,0.03,-0.002,0
2.88,0.027,-0.002,0
2.89,0.027,-0.002,0
2.9,0.03,-0.002,0
2.91,0.027,-0.002,0
2.92,0.027,-0.002,0
2.93,0.027,-0.002,0
2.94,0.027,-0.002,0
2.95,0.032,-0.002,0
2.96,0.027,-0.002,0
2.97,0.032,-0.002,0
2.98,0.027,-0.002,0
2.99,0.032,-0.002,0
3,0.03,-0.002,0
3.01,0.032,-0.002,0
3.02,0.28,0.544,3
3.03,0.908,0.479,3
3.04,1.32,0.44,3
3.05,1.615,0.401,3
3.06,1.812,0.379,3
3.07,2.025,0.363,3
3.08,2.2,0.353,3
3.09,2.31,0.329,3
3.1,2.422,0.319,3
3.11,2.513,0.305,3
3.12,2.65,0.282,3
3.13,2.727,0.276,3
3.14,2.825,0.268,3
3.15,2.895,0.257,3
3.16,2.99,0.243,3
3.17,3.047,0.241,3
3.18,3.16,0.233,3
3.19,3.21,0.229,3
3.2,3.305,0.226,3
3.21,3.352,0.216,3
3.22,3.388,0.204,3
3.23,3.39,0.202,3
3.24,3.447,0.199,3
3.25,3.533,0.203,3
3.26,3.543,0.198,3
3.27,3.525,0.179,3
3.28,3.582,0.184,3
3.29,3.65,0.183,3
3.3,3.668,0.171,3
3.31,3.63,0.177,3
3.32,3.72,0.182,3
3.33,3.787,0.169,3
3.34,3.72,0.16,3
3.35,3.772,0.175,3
3.36,3.84,0.163,3
3.37,3.75,0.161,3
3.38,3.868,0.167,3
3.39,3.828,0.156,3
3.4,3.858,0.159,3
3.41,3.878,0.17,3
3.42,3.84,0.142,3
3.43,3.895,0.159,3
3.44,3.918,0.161,3
3.45,3.852,0.146,3
3.46,3.955,0.156,3
3.47,3.93,0.142,3
3.48,3.915,0.159,3
3.49,3.955,0.156,3
3.5,3.902,0.14,3
3.51,3.988,0.151,3
3.52,3.96,0.136,3
3.53,3.97,0.154,3
3.54,4.012,0.151,3
3.55,3.938,0.15,3
3.56,3.993,0.16,3
3.57,3.935,0.138,3
3.58,3.985,0.149,3
3.59,3.988,0.139,3
3.6,3.965,0.144,3
3.61,4.008,0.147,3
3.62,3.945,0.134,3
3.63,4.017,0.147,3
3.64,3.972,0.13,3
3.65,4.005,0.144,3
3.66,4.023,0.136,3
3.67,3.977,0.142,3
3.68,4.03,0.146,3
3.69,3.96,0.136,3
3.7,4.033,0.15,3
3.71,3.983,0.134,3
3.72,4.037,0.15,3
3.73,4.023,0.135,3
3.74,4.02,0.15,3
3.75,4.08,0.145,3
3.76,4.035,0.143,3
3.77,4.072,0.15,3
3.78,4.033,0.132,3
3.79,4.082,0.143,3
3.8,4.03,0.124,3
3.81,4.035,0.142,3
3.82,4.045,0.134,3
3.83,4.015,0.14,3
3.84,4.06,0.144,3
3.85,4.015,0.143,3
3.86,4.072,0.154,3
3.87,4.035,0.135,3
3.88,4.102,0.147,3
3.89,4.055,0.126,3
3.9,4.047,0.14,3
3.91,4.075,0.132,3
3.92,4.017,0.138,3
3.93,4.062,0.143,3
3.94,3.995,0.138,3
3.95,4.075,0.152,3
3.96,4.04,0.135,3
3.97,4.1,0.147,3
3.98,4.06,0.125,3
3.99,4.05,0.142,3
4,4.062,0.132,3
4.01,4.027,0.138,3
4.02,4.07,0.143,3
4.03,4.027,0.142,3
4.04,4.088,0.152,3
4.05,4.043,0.132,3
4.06,4.113,0.145,3
4.07,4.055,0.124,3
4.08,4.05,0.14,3
4.09,4.055,0.132,3
4.1,4.023,0.142,3
4.11,4.085,0.143,3
4.12,4.043,0.141,3
4.13,4.095,0.147,3
4.14,4.043,0.128,3
4.15,4.085,0.14,3
4.16,4.033,0.122,3
4.17,4.047,0.145,3
4.18,4.047,0.133,3
4.19,4.05,0.146,3
4.2,4.108,0.138,3
4.21,4.06,0.137,3
4.22,4.085,0.142,3
4.23,4.017,0.126,3
4.24,4.065,0.142,3
4.25,4.017,0.13,3
4.26,4.09,0.147,3
4.27,4.07,0.127,3
4.28,4.068,0.143,3
4.29,4.102,0.133,3
4.3,4.04,0.133,3
4.31,4.07,0.139,3
4.32,4.02,0.138,3
4.33,4.078,0.152,3
4.34,4.047,0.133,3
4.35,4.105,0.145,3
4.36,4.06,0.123,3
4.37,4.053,0.138,3
4.38,4.055,0.13,3
4.39,4.027,0.142,3
4.4,4.09,0.144,3
4.41,4.05,0.141,3
4.42,4.098,0.146,3
4.43,4.04,0.128,3
4.44,4.088,0.14,3
4.45,4.02,0.123,3
4.46,4.055,0.146,3
4.47,4.053,0.133,3
4.48,4.057,0.147,3
4.49,4.115,0.138,3
4.5,4.053,0.136,3
4.51,4.075,0.14,3
4.52,4,0.128,3
4.53,4.06,0.146,3
4.54,4.027,0.132,3
4.55,4.1,0.148,3
4.56,4.07,0.126,3
4.57,4.06,0.142,3
4.58,4.08,0.132,3
4.59,4.027,0.137,3
4.6,4.068,0.142,3
4.61,4.033,0.142,3
4.62,4.09,0.151,3
4.63,4.053,0.131,3
4.64,4.105,0.143,3
4.65,4.037,0.124,3
4.66,4.05,0.141,3
4.67,4.045,0.132,3
4.68,4.033,0.147,3
4.69,4.102,0.142,3
4.7,4.057,0.14,3
4.71,4.095,0.144,3
4.72,4.017,0.127,3
4.73,4.06,0.141,3
4.74,4.01,0.129,3
4.75,4.07,0.15,3
4.76,4.06,0.132,3
4.77,4.062,0.145,3
4.78,4.098,0.134,3
4.79,4.045,0.135,3
4.8,4.062,0.141,3
4.81,3.988,0.134,3
4.82,4.068,0.15,3
4.83,4.03,0.133,3
4.84,4.105,0.147,3
4.85,4.055,0.124,3
4.86,4.043,0.141,3
4.87,4.053,0.132,3
4.88,4.015,0.14,3
4.89,4.082,0.145,3
4.9,4.05,0.142,3
4.91,4.09,0.148,3
4.92,4.033,0.128,3
4.93,4.075,0.141,3
4.94,4.015,0.123,3
4.95,4.05,0.145,3
4.96,4.045,0.133,3
4.97,4.045,0.149,3
4.98,4.095,0.139,3
4.99,4.05,0.135,3
5,4.07,0.141,3
5.01,4,0.13,3
5.02,4.053,0.147,3
5.03,4.01,0.133,3
5.04,4.095,0.15,3
5.05,4.057,0.127,3
5.06,4.055,0.141,3
5.07,4.072,0.132,3
5.08,4.012,0.135,3
5.09,4.06,0.142,3
5.1,4.012,0.14,3
5.11,4.085,0.15,3
5.12,4.04,0.132,3
5.13,4.085,0.141,3
5.14,4.025,0.122,3
5.15,4.033,0.144,3
5.16,4.04,0.134,3
5.17,4.037,0.148,3
5.18,4.095,0.141,3
5.19,4.053,0.137,3
5.2,4.072,0.142,3
5.21,4,0.127,3
5.22,4.053,0.145,3
5.23,4.003,0.131,3
5.24,4.078,0.149,3
5.25,4.053,0.13,3
5.26,4.053,0.144,3
5.27,4.085,0.133,3
5.28,4.017,0.134,3
5.29,4.053,0.142,3
5.3,4.01,0.14,3
5.31,4.072,0.152,3
5.32,4.035,0.133,3
5.33,4.088,0.146,3
5.34,4.033,0.123,3
5.35,4.035,0.14,3
5.36,4.037,0.132,3
5.37,4.02,0.146,3
5.38,4.075,0.145,3
5.39,4.043,0.14,3
5.4,4.075,0.146,3
5.41,4.02,0.128,3
5.42,4.06,0.141,3
5.43,3.995,0.127,3
5.44,4.05,0.15,3
5.45,4.043,0.133,3
5.46,4.045,0.146,3
5.47,4.098,0.137,3
5.48,4.033,0.136,3
5.49,4.053,0.141,3
5.5,3.98,0.132,3
5.51,4.045,0.149,3
5.52,4.02,0.135,3
5.53,4.082,0.149,3
5.54,4.05,0.126,3
5.55,4.037,0.142,3
5.56,4.053,0.132,3
5.57,4.008,0.138,3
5.58,4.055,0.144,3
5.59,4.015,0.143,3
5.6,4.07,0.152,3
5.61,4.027,0.131,3
5.62,4.085,0.145,3
5.63,4.015,0.123,3
5.64,4.025,0.142,3
5.65,4.025,0.133,3
5.66,4.015,0.147,3
5.67,4.088,0.144,3
5.68,4.037,0.139,3
5.69,4.075,0.144,3
5.7,4.005,0.128,3
5.71,4.043,0.141,3
5.72,3.997,0.128,3
5.73,4.055,0.152,3
5.74,4.04,0.132,3
5.75,4.05,0.146,3
5.76,4.08,0.135,3
5.77,4.025,0.134,3
5.78,4.045,0.141,3
5.79,3.97,0.134,3
5.8,4.05,0.15,3
5.81,4.017,0.134,3
5.82,4.088,0.147,3
5.83,4.04,0.126,3
5.84,4.033,0.142,3
5.85,4.045,0.132,3
5.86,4,0.139,3
5.87,4.055,0.144,3
5.88,4.027,0.144,3
5.89,4.075,0.15,3
5.9,4.027,0.131,3
5.91,4.068,0.144,3
5.92,4.012,0.122,3
5.93,4.027,0.144,3
5.94,4.025,0.133,3
5.95,4.02,0.149,3
5.96,4.075,0.142,3
5.97,4.037,0.138,3
5.98,4.065,0.144,3
5.99,3.997,0.13,3
6,4.043,0.143,3
6.01,3.733,-0.446,0
6.02,3.075,-0.367,0
6.03,2.67,-0.314,0
6.04,2.352,-0.276,0
6.05,2.138,-0.254,0
6.06,1.945,-0.237,0
6.07,1.812,-0.208,0
6.08,1.618,-0.198,0
6.09,1.532,-0.183,0
6.1,1.375,-0.166,0
6.11,1.31,-0.158,0
6.12,1.188,-0.14,0
6.13,1.105,-0.13,0
6.14,0.985,-0.123,0
6.15,0.925,-0.108,0
6.16,0.85,-0.105,0
6.17,0.763,-0.097,0
6.18,0.7,-0.086,0
6.19,0.655,-0.079,0
6.2,0.587,-0.072,0
6.21,0.527,-0.066,0
6.22,0.472,-0.06,0
6.23,0.43,-0.055,0
6.24,0.4,-0.051,0
6.25,0.36,-0.046,0
6.26,0.322,-0.041,0
6.27,0.29,-0.038,0
6.28,0.248,-0.034,0
6.29,0.207,-0.03,0
6.3,0.183,-0.024,0
6.31,0.142,-0.021,0
6.32,0.115,-0.018,0
6.33,0.087,-0.014,0
6.34,0.065,-0.011,0
6.35,0.04,-0.009,0
6.36,0.015,-0.004,0
6.37,0.008,-0.004,0
6.38,0.01,-0.003,0
6.39,0.008,-0.004,0
6.4,0.01,-0.004,0
6.41,0.008,-0.004,0
6.42,0.01,-0.004,0
6.43,0.01,-0.003,0
6.44,0.008,-0.004,0
6.45,0.012,-0.004,0
6.46,0.008,-0.004,0
6.47,0.01,-0.004,0
6.48,0.008,-0.004,0
6.49,0.01,-0.004,0
6.5,0.005,-0.004,0
6.51,0.01,-0.003,0
6.52,0.008,-0.004,0
6.53,0.01,-0.003,0
6.54,0.008,-0.004,0
6.55,0.012,-0.004,0
6.56,0.01,-0.004,0
6.57,0.01,-0.003,0
6.58,0.005,-0.004,0
6.59,0.01,-0.004,0
6.6,0.008,-0.004,0
6.61,0.008,-0.002,0
6.62,0.01,-0.003,0
6.63,0.01,-0.003,0
6.64,0.01,-0.004,0
6.65,0.008,-0.004,0
6.66,0.01,-0.002,0
6.67,0.008,-0.003,0
6.68,0.01,-0.002,0
6.69,0.008,-0.004,0
6.7,0.01,-0.004,0
6.71,0.005,-0.003,0
6.72,0.01,-0.003,0
6.73,0.008,-0.003,0
6.74,0.01,-0.004,0
6.75,0.01,-0.003,0
6.76,0.01,-0.002,0
6.77,0.01,-0.002,0
6.78,0.01,-0.003,0
6.79,0.01,-0.004,0
6.8,0.01,-0.003,0
6.81,0.01,-0.002,0
6.82,0.01,-0.003,0
6.83,0.01,-0.002,0
6.84,0.01,-0.002,0
6.85,0.012,-0.003,0
6.86,0.01,-0.002,0
6.87,0.012,-0.002,0
6.88,0.01,-0.002,0
6.89,0.012,-0.002,0
6.9,0.01,-0.003,0
6.91,0.012,-0.002,0
6.92,0.01,-0.003,0
6.93,0.012,-0.002,0
6.94,0.01,-0.002,0
6.95,0.012,-0.003,0
6.96,0.01,-0.002,0
6.97,0.012,-0.002,0
6.98,0.01,-0.002,0
6.99,0.012,-0.002,0
7,0.012,-0.002,0
7.01,0.012,-0.002,0
7.02,0.262,0.548,3
7.03,0.87,0.488,3
7.04,1.298,0.451,3
7.05,1.58,0.412,3
7.06,1.83,0.379,3
7.07,2.013,0.363,3
7.08,2.155,0.345,3
7.09,2.283,0.329,3
7.1,2.453,0.312,3
7.11,2.557,0.306,3
7.12,2.632,0.297,3
7.13,2.775,0.282,3
7.14,2.867,0.27,3
7.15,2.95,0.262,3
7.16,2.995,0.265,3
7.17,3.095,0.244,3
7.18,3.142,0.24,3
7.19,3.18,0.227,3
7.2,3.207,0.221,3
7.21,3.253,0.221,3
7.22,3.352,0.215,3
7.23,3.42,0.211,3
7.24,3.477,0.203,3
7.25,3.44,0.191,3
7.26,3.512,0.191,3
7.27,3.595,0.195,3
7.28,3.632,0.185,3
7.29,3.602,0.177,3
7.3,3.642,0.186,3
7.31,3.705,0.182,3
7.32,3.677,0.161,3
7.33,3.685,0.178,3
7.34,3.755,0.184,3
7.35,3.758,0.155,3
7.36,3.737,0.175,3
7.37,3.823,0.172,3
7.38,3.763,0.154,3
7.39,3.832,0.167,3
7.4,3.848,0.168,3
7.41,3.828,0.148,3
7.42,3.89,0.169,3
7.43,3.865,0.151,3
7.44,3.878,0.153,3
7.45,3.925,0.164,3
7.46,3.865,0.149,3
7.47,3.893,0.156,3
7.48,3.952,0.147,3
7.49,3.93,0.15,3
7.5,3.965,0.162,3
7.51,3.913,0.146,3
7.52,3.943,0.159,3
7.53,3.945,0.142,3
7.54,3.932,0.146,3
7.55,3.98,0.151,3
7.56,3.943,0.137,3
7.57,4.012,0.15,3
7.58,3.985,0.132,3
7.59,3.988,0.151,3
7.6,4.035,0.144,3
7.61,3.993,0.146,3
7.62,4.03,0.154,3
7.63,3.988,0.137,3
7.64,4.047,0.152,3
7.65,4.012,0.132,3
7.66,4.012,0.15,3
7.67,4.055,0.141,3
7.68,4.012,0.142,3
7.69,4.047,0.149,3
7.7,3.995,0.132,3
7.71,4.06,0.146,3
7.72,4.003,0.125,3
7.73,4.008,0.145,3
7.74,4.033,0.136,3
7.75,4,0.139,3
7.76,4.035,0.145,3
7.77,3.975,0.138,3
7.78,4.03,0.152,3
7.79,3.997,0.135,3
7.8,4.055,0.153,3
7.81,4.045,0.134,3
7.82,4.035,0.148,3
7.83,4.088,0.14,3
7.84,4.035,0.139,3
7.85,4.068,0.144,3
7.86,4.003,0.129,3
7.87,4.047,0.145,3
7.88,3.997,0.126,3
7.89,4.053,0.147,3
7.9,4.037,0.133,3
7.91,4.035,0.15,3
7.92,4.095,0.143,3
7.93,4.045,0.14,3
7.94,4.082,0.144,3
7.95,4.015,0.128,3
7.96,4.065,0.142,3
7.97,4.008,0.125,3
7.98,4.047,0.147,3
7.99,4.043,0.134,3
8,4.047,0.147,3
8.01,4.108,0.139,3
8.02,4.053,0.136,3
8.03,4.075,0.141,3
8.04,4.005,0.127,3
8.05,4.06,0.144,3
8.06,4.02,0.128,3
8.07,4.078,0.149,3
8.08,4.06,0.13,3
8.09,4.062,0.146,3
8.1,4.098,0.133,3
8.11,4.043,0.133,3
8.12,4.065,0.14,3
8.13,4.005,0.134,3
8.14,4.068,0.15,3
8.15,4.037,0.133,3
8.16,4.105,0.147,3
8.17,4.06,0.124,3
8.18,4.057,0.14,3
8.19,4.068,0.13,3
8.2,4.02,0.138,3
8.21,4.078,0.142,3
8.22,4.033,0.14,3
8.23,4.098,0.147,3
8.24,4.05,0.128,3
8.25,4.095,0.141,3
8.26,4.037,0.12,3
8.27,4.05,0.144,3
8.28,4.053,0.132,3
8.29,4.053,0.147,3
8.3,4.113,0.139,3
8.31,4.068,0.135,3
8.32,4.088,0.139,3
8.33,4.012,0.126,3
8.34,4.075,0.144,3
8.35,4.023,0.13,3
8.36,4.1,0.148,3
8.37,4.075,0.126,3
8.38,4.07,0.142,3
8.39,4.1,0.132,3
8.4,4.035,0.134,3
8.41,4.078,0.14,3
8.42,4.04,0.14,3
8.43,4.098,0.149,3
8.44,4.06,0.13,3
8.45,4.102,0.142,3
8.46,4.037,0.121,3
8.47,4.057,0.141,3
8.48,4.057,0.131,3
8.49,4.062,0.148,3
8.5,4.108,0.14,3
8.51,4.07,0.135,3
8.52,4.092,0.139,3
8.53,4.02,0.127,3
8.54,4.072,0.145,3
8.55,4.03,0.132,3
8.56,4.105,0.15,3
8.57,4.08,0.126,3
8.58,4.072,0.14,3
8.59,4.098,0.131,3
8.6,4.033,0.135,3
8.61,4.08,0.14,3
8.62,4.03,0.139,3
8.63,4.1,0.149,3
8.64,4.06,0.129,3
8.65,4.102,0.141,3
8.66,4.045,0.12,3
8.67,4.053,0.143,3
8.68,4.055,0.132,3
8.69,4.06,0.146,3
8.7,4.117,0.139,3
8.71,4.07,0.134,3
8.72,4.092,0.138,3
8.73,4.008,0.124,3
8.74,4.08,0.144,3
8.75,4.03,0.13,3
8.76,4.102,0.147,3
8.77,4.078,0.125,3
8.78,4.068,0.14,3
8.79,4.092,0.13,3
8.8,4.035,0.133,3
8.81,4.085,0.139,3
8.82,4.045,0.14,3
8.83,4.098,0.146,3
8.84,4.062,0.127,3
8.85,4.105,0.141,3
8.86,4.037,0.12,3
8.87,4.057,0.14,3
8.88,4.053,0.131,3
8.89,4.057,0.146,3
8.9,4.117,0.138,3
8.91,4.07,0.134,3
8.92,4.09,0.139,3
8.93,4.015,0.126,3
8.94,4.068,0.143,3
8.95,4.035,0.131,3
8.96,4.108,0.149,3
8.97,4.078,0.125,3
8.98,4.068,0.139,3
8.99,4.088,0.128,3
9,4.033,0.134,3
9.01,3.825,-0.437,0
9.02,3.105,-0.37,0
9.03,2.695,-0.323,0
9.04,2.372,-0.283,0
9.05,2.188,-0.255,0
9.06,1.98,-0.23,0
9.07,1.803,-0.211,0
9.08,1.673,-0.204,0
9.09,1.567,-0.182,0
9.1,1.41,-0.172,0
9.11,1.335,-0.152,0
9.12,1.205,-0.146,0
9.13,1.117,-0.131,0
9.14,1.055,-0.124,0
9.15,0.935,-0.114,0
9.16,0.878,-0.104,0
9.17,0.805,-0.097,0
9.18,0.715,-0.09,0
9.19,0.665,-0.08,0
9.2,0.63,-0.073,0
9.21,0.567,-0.069,0
9.22,0.515,-0.062,0
9.23,0.465,-0.057,0
9.24,0.423,-0.051,0
9.25,0.38,-0.045,0
9.26,0.335,-0.041,0
9.27,0.292,-0.036,0
9.28,0.255,-0.032,0
9.29,0.22,-0.031,0
9.3,0.192,-0.025,0
9.31,0.162,-0.022,0
9.32,0.132,-0.018,0
9.33,0.103,-0.014,0
9.34,0.08,-0.013,0
9.35,0.06,-0.009,0
9.36,0.037,-0.007,0
9.37,0.035,-0.004,0
9.38,0.032,-0.004,0
9.39,0.032,-0.005,0
9.4,0.032,-0.005,0
9.41,0.035,-0.005,0
9.42,0.032,-0.005,0
9.43,0.032,-0.005,0
9.44,0.032,-0.006,0
9.45,0.032,-0.005,0
9.46,0.032,-0.005,0
9.47,0.035,-0.005,0
9.48,0.032,-0.005,0
9.49,0.032,-0.005,0
9.5,0.032,-0.005,0
9.51,0.032,-0.006,0
9.52,0.035,-0.005,0
9.53,0.032,-0.005,0
9.54,0.032,-0.005,0
9.55,0.032,-0.005,0
9.56,0.032,-0.006,0
9.57,0.032,-0.006,0
9.58,0.032,-0.005,0
9.59,0.032,-0.006,0
9.6,0.032,-0.006,0
9.61,0.032,-0.006,0
9.62,0.03,-0.006,0
9.63,0.03,-0.006,0
9.64,0.032,-0.006,0
9.65,0.03,-0.006,0
9.66,0.03,-0.007,0
9.67,0.027,-0.006,0
9.68,0.03,-0.006,0
9.69,0.03,-0.006,0
9.7,0.03,-0.006,0
9.71,0.03,-0.007,0
9.72,0.03,-0.007,0
9.73,0.027,-0.006,0
9.74,0.027,-0.007,0
9.75,0.03,-0.006,0
9.76,0.027,-0.007,0
9.77,0.03,-0.007,0
9.78,0.027,-0.007,0
9.79,0.03,-0.006,0
9.8,0.027,-0.006,0
9.81,0.03,-0.007,0
9.82,0.027,-0.007,0
9.83,0.03,-0.006,0
9.84,0.025,-0.006,0
9.85,0.027,-0.005,0
9.86,0.027,-0.007,0
9.87,0.027,-0.007,0
9.88,0.027,-0.006,0
9.89,0.025,-0.006,0
9.9,0.025,-0.006,0
9.91,0.027,-0.007,0
9.92,0.027,-0.007,0
9.93,0.027,-0.006,0
9.94,0.025,-0.006,0
9.95,0.025,-0.006,0
9.96,0.025,-0.007,0
9.97,0.025,-0.007,0
9.98,0.025,-0.006,0
9.99,0.025,-0.006,0
10,0.022,-0.006,0
10.01,0.022,-0.006,0
10.02,0.025,-0.007,0
10.03,0.025,-0.006,0
10.04,0.025,-0.006,0
10.05,0.022,-0.006,0
10.06,0.025,-0.006,0
10.07,0.022,-0.007,0
10.08,0.022,-0.007,0
10.09,0.022,-0.006,0
10.1,0.022,-0.006,0
10.11,0.022,-0.005,0
10.12,0.02,-0.006,0
10.13,0.022,-0.006,0
10.14,0.022,-0.006,0
10.15,0.022,-0.005,0
10.16,0.025,-0.005,0
10.17,0.02,-0.006,0
10.18,0.022,-0.005,0
10.19,0.022,-0.007,0
10.2,0.022,-0.005,0
10.21,0.022,-0.005,0
10.22,0.02,-0.005,0
10.23,0.018,-0.006,0
10.24,0.022,-0.007,0
10.25,0.022,-0.006,0
10.26,0.022,-0.005,0
10.27,0.018,-0.006,0
10.28,0.02,-0.006,0
10.29,0.02,-0.006,0
10.3,0.02,-0.005,0
10.31,0.02,-0.005,0
10.32,0.02,-0.007,0
10.33,0.018,-0.005,0
10.34,0.018,-0.006,0
10.35,0.02,-0.005,0
10.36,0.018,-0.005,0
10.37,0.02,-0.006,0
10.38,0.015,-0.006,0
10.39,0.02,-0.006,0
10.4,0.018,-0.005,0
10.41,0.018,-0.006,0
10.42,0.015,-0.006,0
10.43,0.015,-0.005,0
10.44,0.018,-0.006,0
10.45,0.015,-0.005,0
10.46,0.015,-0.005,0
10.47,0.018,-0.006,0
10.48,0.015,-0.006,0
10.49,0.018,-0.006,0
10.5,0.018,-0.006,0
10.51,0.015,-0.006,0
10.52,0.015,-0.006,0
10.53,0.015,-0.005,0
10.54,0.018,-0.006,0
10.55,0.012,-0.007,0
10.56,0.015,-0.006,0
10.57,0.015,-0.006,0
10.58,0.018,-0.005,0
10.59,0.012,-0.006,0
10.6,0.015,-0.007,0
10.61,0.012,-0.005,0
10.62,0.015,-0.005,0
10.63,0.012,-0.005,0
10.64,0.015,-0.006,0
10.65,0.012,-0.007,0
10.66,0.012,-0.005,0
10.67,0.012,-0.005,0
10.68,0.015,-0.006,0
10.69,0.012,-0.006,0
10.7,0.012,-0.007,0
10.71,0.012,-0.006,0
10.72,0.012,-0.005,0
10.73,0.012,-0.005,0
10.74,0.012,-0.005,0
10.75,0.015,-0.005,0
10.76,0.012,-0.005,0
10.77,0.015,-0.006,0
10.78,0.012,-0.005,0
10.79,0.012,-0.006,0
10.8,0.01,-0.005,0
10.81,0.012,-0.005,0
10.82,0.01,-0.005,0
10.83,0.012,-0.004,0
10.84,0.01,-0.005,0
10.85,0.012,-0.005,0
10.86,0.012,-0.005,0
10.87,0.01,-0.005,0
10.88,0.012,-0.004,0
10.89,0.01,-0.005,0
10.9,0.01,-0.005,0
10.91,0.01,-0.004,0
10.92,0.01,-0.005,0
10.93,0.008,-0.004,0
10.94,0.01,-0.004,0
10.95,0.01,-0.005,0
10.96,0.01,-0.005,0
10.97,0.01,-0.005,0
10.98,0.01,-0.004,0
10.99,0.008,-0.004,0
11,0.012,-0.005,0
11.01,0.008,-0.004,0
11.02,0.01,-0.005,0
11.03,0.01,-0.004,0
11.04,0.01,-0.004,0
11.05,0.01,-0.005,0
11.06,0.01,-0.004,0
11.07,0.008,-0.005,0
11.08,0.01,-0.004,0
11.09,0.01,-0.004,0
11.1,0.01,-0.004,0
11.11,0.008,-0.005,0
11.12,0.008,-0.005,0
11.13,0.01,-0.004,0
11.14,0.008,-0.004,0
11.15,0.01,-0.005,0
11.16,0.008,-0.004,0
11.17,0.01,-0.004,0
11.18,0.008,-0.004,0
11.19,0.012,-0.004,0
11.2,0.01,-0.005,0
11.21,0.01,-0.004,0
11.22,0.008,-0.004,0
11.23,0.01,-0.004,0
11.24,0.008,-0.005,0
11.25,0.012,-0.004,0
11.26,0.008,-0.004,0
11.27,0.01,-0.005,0
11.28,0.01,-0.004,0
11.29,0.01,-0.004,0
11.3,0.008,-0.004,0
11.31,0.01,-0.004,0
11.32,0.008,-0.005,0
11.33,0.01,-0.004,0
11.34,0.01,-0.004,0
11.35,0.008,-0.004,0
11.36,0.01,-0.004,0
11.37,0.008,-0.004,0
11.38,0.01,-0.004,0
11.39,0.008,-0.004,0
11.4,0.01,-0.004,0
11.41,0.008,-0.004,0
11.42,0.01,-0.004,0
11.43,0.01,-0.005,0
11.44,0.01,-0.004,0
11.45,0.008,-0.004,0
11.46,0.01,-0.004,0
11.47,0.008,-0.004,0
11.48,0.01,-0.004,0
11.49,0.008,-0.004,0
11.5,0.01,-0.004,0
11.51,0.008,-0.004,0
11.52,0.01,-0.004,0
11.53,0.01,-0.004,0
11.54,0.008,-0.004,0
11.55,0.01,-0.004,0
11.56,0.008,-0.003,0
11.57,0.01,-0.004,0
11.58,0.008,-0.004,0
11.59,0.01,-0.004,0
11.6,0.008,-0.004,0
11.61,0.01,-0.004,0
11.62,0.008,-0.004,0
11.63,0.01,-0.003,0
11.64,0.008,-0.004,0
11.65,0.01,-0.003,0
11.66,0.008,-0.003,0
11.67,0.012,-0.003,0
11.68,0.008,-0.004,0
11.69,0.01,-0.003,0
11.7,0.008,-0.004,0
11.71,0.01,-0.003,0
11.72,0.008,-0.003,0
11.73,0.01,-0.004,0
11.74,0.01,-0.004,0
11.75,0.01,-0.003,0
11.76,0.01,-0.002,0
11.77,0.008,-0.003,0
11.78,0.012,-0.002,0
11.79,0.008,-0.003,0
11.8,0.012,-0.003,0
11.81,0.008,-0.002,0
11.82,0.012,-0.002,0
11.83,0.01,-0.003,0
11.84,0.01,-0.003,0
11.85,0.01,-0.003,0
11.86,0.012,-0.002,0
11.87,0.01,-0.002,0
11.88,0.012,-0.003,0
11.89,0.01,-0.003,0
11.9,0.01,-0.004,0
11.91,0.01,-0.002,0
11.92,0.01,-0.002,0
11.93,0.012,-0.003,0
11.94,0.01,-0.002,0
11.95,0.012,-0.004,0
11.96,0.01,-0.002,0
11.97,0.012,-0.003,0
11.98,0.012,-0.003,0
11.99,0.012,-0.002,0
12,0.01,-0.003,0
12.01,0.015,-0.002,0
12.02,0.012,-0.003,0
12.03,0.015,-0.003,0
12.04,0.01,-0.003,0
12.05,0.015,-0.003,0
12.06,0.012,-0.004,0
12.07,0.015,-0.002,0
12.08,0.012,-0.003,0
12.09,0.012,-0.003,0
12.1,0.012,-0.004,0
12.11,0.015,-0.004,0
12.12,0.012,-0.002,0
12.13,0.012,-0.002,0
12.14,0.012,-0.002,0
12.15,0.015,-0.002,0
12.16,0.015,-0.004,0
12.17,0.01,-0.003,0
12.18,0.015,-0.003,0
12.19,0.012,-0.003,0
12.2,0.018,-0.003,0
12.21,0.012,-0.004,0
12.22,0.02,-0.003,0
12.23,0.015,-0.002,0
12.24,0.015,-0.002,0
12.25,0.012,-0.003,0
12.26,0.018,-0.004,0
12.27,0.015,-0.002,0
12.28,0.018,-0.002,0
12.29,0.015,-0.002,0
12.3,0.018,-0.002,0
12.31,0.018,-0.002,0
12.32,0.015,-0.002,0
12.33,0.018,-0.003,0
12.34,0.018,-0.002,0
12.35,0.018,-0.002,0
12.36,0.018,-0.002,0
12.37,0.018,-0.002,0
12.38,0.015,-0.002,0
12.39,0.02,-0.002,0
12.4,0.015,-0.002,0
12.41,0.022,-0.002,0
12.42,0.015,-0.002,0
12.43,0.02,-0.002,0
12.44,0.018,-0.002,0
12.45,0.02,-0.002,0
12.46,0.018,-0.002,0
12.47,0.02,-0.002,0
12.48,0.018,-0.002,0
12.49,0.022,-0.002,0
12.5,0.02,-0.002,0
12.51,0.022,-0.002,0
12.52,0.02,-0.002,0
12.53,0.02,-0.002,0
12.54,0.02,-0.002,0
12.55,0.018,-0.002,0
12.56,0.02,-0.002,0
12.57,0.02,-0.002,0
12.58,0.022,-0.002,0
12.59,0.022,-0.002,0
12.6,0.022,-0.002,0
12.61,0.02,-0.002,0
12.62,0.022,-0.002,0
12.63,0.02,-0.002,0
12.64,0.025,-0.002,0
12.65,0.02,-0.002,0
12.66,0.025,-0.002,0
12.67,0.022,-0.002,0
12.68,0.025,-0.002,0
12.69,0.022,-0.002,0
12.7,0.022,-0.002,0
12.71,0.025,-0.002,0
12.72,0.025,-0.002,0
12.73,0.022,-0.002,0
12.74,0.025,-0.002,0
12.75,0.025,-0.002,0
12.76,0.025,-0.002,0
12.77,0.025,-0.002,0
12.78,0.022,-0.003,0
12.79,0.027,-0.002,0
12.8,0.022,-0.002,0
12.81,0.027,-0.002,0
12.82,0.025,-0.002,0
12.83,0.027,-0.002,0
12.84,0.022,-0.002,0
12.85,0.027,-0.002,0
12.86,0.025,-0.002,0
12.87,0.03,-0.002,0
12.88,0.025,-0.002,0
12.89,0.027,-0.002,0
12.9,0.025,-0.002,0
12.91,0.027,-0.002,0
12.92,0.027,-0.002,0
12.93,0.025,-0.002,0
12.94,0.027,-0.003,0
12.95,0.025,-0.002,0
12.96,0.027,-0.002,0
12.97,0.027,-0.003,0
12.98,0.027,-0.003,0
12.99,0.027,-0.003,0
13,0.032,-0.002,0
13.01,0.027,-0.002,0
13.02,0.032,-0.002,0
13.03,0.027,-0.003,0
13.04,0.03,-0.004,0
13.05,0.027,-0.002,0
13.06,0.027,-0.002,0
13.07,0.027,-0.002,0
13.08,0.03,-0.002,0
13.09,0.03,-0.003,0
13.1,0.03,-0.002,0
13.11,0.027,-0.002,0
13.12,0.032,-0.002,0
13.13,0.03,-0.003,0
13.14,0.032,-0.002,0
13.15,0.032,-0.003,0
13.16,0.03,-0.002,0
13.17,0.03,-0.002,0
13.18,0.027,-0.002,0
13.19,0.032,-0.003,0
13.2,0.03,-0.004,0
13.21,0.03,-0.003,0
13.22,0.03,-0.002,0
13.23,0.032,-0.002,0
13.24,0.03,-0.002,0
13.25,0.035,-0.003,0
13.26,0.027,-0.003,0
13.27,0.035,-0.002,0
13.28,0.03,-0.002,0
13.29,0.035,-0.002,0
13.3,0.032,-0.003,0
13.31,0.035,-0.003,0
13.32,0.032,-0.002,0
13.33,0.032,-0.002,0
13.34,0.032,-0.003,0
13.35,0.032,-0.003,0
13.36,0.032,-0.003,0
13.37,0.035,-0.003,0
13.38,0.035,-0.002,0
13.39,0.032,-0.003,0
13.4,0.035,-0.003,0
13.41,0.032,-0.004,0
13.42,0.037,-0.003,0
13.43,0.03,-0.002,0
13.44,0.037,-0.003,0
13.45,0.03,-0.002,0
13.46,0.035,-0.003,0
13.47,0.032,-0.003,0
13.48,0.035,-0.003,0
13.49,0.032,-0.003,0
13.5,0.032,-0.003,0
13.51,0.032,-0.004,0
13.52,0.035,-0.004,0
13.53,0.035,-0.004,0
13.54,0.035,-0.004,0
13.55,0.035,-0.004,0
13.56,0.035,-0.004,0
13.57,0.032,-0.004,0
13.58,0.035,-0.004,0
13.59,0.037,-0.004,0
13.6,0.035,-0.004,0
13.61,0.037,-0.004,0
13.62,0.032,-0.004,0
13.63,0.037,-0.004,0
13.64,0.035,-0.004,0
13.65,0.037,-0.004,0
13.66,0.035,-0.004,0
13.67,0.035,-0.004,0
13.68,0.035,-0.004,0
13.69,0.035,-0.004,0
13.7,0.032,-0.004,0
13.71,0.037,-0.005,0
13.72,0.035,-0.004,0
13.73,0.035,-0.004,0
13.74,0.032,-0.004,0
13.75,0.035,-0.004,0
13.76,0.035,-0.005,0
13.77,0.035,-0.005,0
13.78,0.035,-0.004,0
13.79,0.035,-0.004,0
13.8,0.037,-0.004,0
13.81,0.035,-0.004,0
13.82,0.035,-0.005,0
13.83,0.035,-0.004,0
13.84,0.037,-0.004,0
13.85,0.032,-0.004,0
13.86,0.035,-0.004,0
13.87,0.035,-0.005,0
13.88,0.037,-0.004,0
13.89,0.035,-0.004,0
13.9,0.037,-0.004,0
13.91,0.035,-0.004,0
13.92,0.035,-0.005,0
13.93,0.035,-0.005,0
13.94,0.035,-0.005,0
13.95,0.035,-0.004,0
13.96,0.032,-0.005,0
13.97,0.035,-0.004,0
13.98,0.035,-0.005,0
13.99,0.037,-0.005,0
14,0.035,-0.004,0
14.01,0.035,-0.005,0
14.02,0.035,-0.005,0
14.03,0.035,-0.004,0
14.04,0.035,-0.005,0
14.05,0.035,-0.004,0
14.06,0.035,-0.005,0
14.07,0.037,-0.004,0
14.08,0.035,-0.005,0
14.09,0.037,-0.005,0
14.1,0.035,-0.004,0
14.11,0.035,-0.004,0
14.12,0.035,-0.005,0
14.13,0.035,-0.005,0
14.14,0.035,-0.005,0
14.15,0.035,-0.004,0
14.16,0.035,-0.005,0
14.17,0.035,-0.005,0
14.18,0.035,-0.005,0
14.19,0.035,-0.005,0
14.2,0.037,-0.004,0
14.21,0.032,-0.005,0
14.22,0.035,-0.006,0
14.23,0.032,-0.005,0
14.24,0.035,-0.005,0
14.25,0.032,-0.004,0
14.26,0.035,-0.004,0
14.27,0.032,-0.005,0
14.28,0.035,-0.005,0
14.29,0.035,-0.005,0
14.3,0.035,-0.004,0
14.31,0.032,-0.005,0
14.32,0.035,-0.005,0
14.33,0.035,-0.005,0
14.34,0.035,-0.005,0
14.35,0.035,-0.005,0
14.36,0.035,-0.005,0
14.37,0.032,-0.005,0
14.38,0.032,-0.006,0
14.39,0.032,-0.006,0
14.4,0.035,-0.006,0
14.41,0.032,-0.006,0
14.42,0.032,-0.006,0
14.43,0.035,-0.006,0
14.44,0.032,-0.007,0
14.45,0.035,-0.006,0
14.46,0.03,-0.006,0
14.47,0.032,-0.006,0
14.48,0.032,-0.007,0
14.49,0.032,-0.007,0
14.5,0.03,-0.006,0
14.51,0.032,-0.007,0
14.52,0.032,-0.007,0
14.53,0.03,-0.007,0
14.54,0.035,-0.007,0
14.55,0.032,-0.007,0
14.56,0.03,-0.007,0
14.57,0.03,-0.007,0
14.58,0.032,-0.007,0
14.59,0.032,-0.007,0
14.6,0.03,-0.007,0
14.61,0.03,-0.006,0
14.62,0.032,-0.006,0
14.63,0.03,-0.006,0
14.64,0.03,-0.007,0
14.65,0.03,-0.007,0
14.66,0.032,-0.007,0
14.67,0.027,-0.007,0
14.68,0.03,-0.007,0
14.69,0.03,-0.007,0
14.7,0.03,-0.007,0
14.71,0.03,-0.007,0
14.72,0.03,-0.007,0
14.73,0.03,-0.006,0
14.74,0.03,-0.007,0
14.75,0.027,-0.007,0
14.76,0.03,-0.007,0
14.77,0.027,-0.007,0
14.78,0.027,-0.005,0
14.79,0.027,-0.007,0
14.8,0.03,-0.007,0
14.81,0.03,-0.006,0
14.82,0.027,-0.007,0
14.83,0.027,-0.007,0
14.84,0.025,-0.007,0
14.85,0.025,-0.007,0
14.86,0.027,-0.006,0
14.87,0.027,-0.007,0
14.88,0.025,-0.007,0
14.89,0.025,-0.007,0
14.9,0.025,-0.007,0
14.91,0.027,-0.007,0
14.92,0.027,-0.007,0
14.93,0.025,-0.007,0
14.94,0.025,-0.007,0
14.95,0.025,-0.006,0
14.96,0.025,-0.006,0
14.97,0.025,-0.007,0
14.98,0.025,-0.005,0
14.99,0.027,-0.006,0
15,0.022,-0.007,0
15.01,0.022,-0.007,0
15.02,0.025,-0.007,0
15.03,0.025,-0.006,0
15.04,0.025,-0.006,0
15.05,0.022,-0.007,0
15.06,0.022,-0.007,0
15.07,0.022,-0.007,0
15.08,0.022,-0.007,0
15.09,0.022,-0.006,0
15.1,0.025,-0.007,0
15.11,0.022,-0.007,0
15.12,0.022,-0.007,0
15.13,0.022,-0.006,0
15.14,0.022,-0.006,0
15.15,0.022,-0.006,0
15.16,0.022,-0.006,0
15.17,0.022,-0.007,0
15.18,0.022,-0.006,0
15.19,0.022,-0.005,0
15.2,0.02,-0.007,0
15.21,0.02,-0.006,0
15.22,0.022,-0.006,0
15.23,0.02,-0.006,0
15.24,0.02,-0.006,0
15.25,0.02,-0.006,0
15.26,0.018,-0.006,0
15.27,0.018,-0.007,0
15.28,0.018,-0.007,0
15.29,0.02,-0.007,0
15.3,0.02,-0.006,0
15.31,0.018,-0.006,0
15.32,0.02,-0.007,0
15.33,0.018,-0.006,0
15.34,0.02,-0.006,0
15.35,0.02,-0.007,0
15.36,0.02,-0.006,0
15.37,0.02,-0.007,0
15.38,0.018,-0.007,0
15.39,0.018,-0.006,0
15.4,0.018,-0.007,0
15.41,0.015,-0.006,0
15.42,0.018,-0.007,0
15.43,0.018,-0.007,0
15.44,0.015,-0.005,0
15.45,0.018,-0.006,0
15.46,0.015,-0.006,0
15.47,0.015,-0.007,0
15.48,0.018,-0.007,0
15.49,0.018,-0.007,0
15.5,0.015,-0.006,0
15.51,0.015,-0.006,0
15.52,0.018,-0.007,0
15.53,0.015,-0.007,0
15.54,0.015,-0.005,0
15.55,0.015,-0.006,0
15.56,0.015,-0.005,0
15.57,0.015,-0.006,0
15.58,0.012,-0.007,0
15.59,0.015,-0.005,0
15.6,0.015,-0.005,0
15.61,0.015,-0.005,0
15.62,0.015,-0.006,0
15.63,0.015,-0.006,0
15.64,0.012,-0.006,0
15.65,0.015,-0.006,0
15.66,0.012,-0.005,0
15.67,0.012,-0.006,0
15.68,0.015,-0.006,0
15.69,0.01,-0.005,0
15.7,0.012,-0.005,0
15.71,0.012,-0.005,0
15.72,0.012,-0.005,0
15.73,0.01,-0.006,0
15.74,0.015,-0.005,0
15.75,0.012,-0.005,0
15.76,0.01,-0.005,0
15.77,0.01,-0.005,0
15.78,0.015,-0.005,0
15.79,0.01,-0.005,0
15.8,0.01,-0.006,0
15.81,0.01,-0.005,0
15.82,0.01,-0.005,0
15.83,0.01,-0.006,0
15.84,0.01,-0.005,0
15.85,0.012,-0.005,0
15.86,0.01,-0.005,0
15.87,0.012,-0.005,0
15.88,0.008,-0.005,0
15.89,0.012,-0.005,0
15.9,0.01,-0.005,0
15.91,0.01,-0.004,0
15.92,0.008,-0.004,0
15.93,0.012,-0.005,0
15.94,0.008,-0.004,0
15.95,0.01,-0.005,0
15.96,0.01,-0.005,0
15.97,0.01,-0.004,0
15.98,0.01,-0.005,0
15.99,0.01,-0.005,0
16,0.008,-0.004,0
16.01,0.01,-0.004,0
16.02,0.008,-0.004,0
16.03,0.01,-0.005,0
16.04,0.01,-0.005,0
16.05,0.008,-0.005,0
16.06,0.01,-0.004,0
16.07,0.008,-0.004,0
16.08,0.01,-0.005,0
16.09,0.008,-0.005,0
16.1,0.01,-0.005,0
16.11,0.008,-0.004,0
16.12,0.01,-0.004,0
16.13,0.008,-0.004,0
16.14,0.01,-0.004,0
16.15,0.008,-0.005,0
16.16,0.01,-0.005,0
16.17,0.008,-0.004,0
16.18,0.008,-0.005,0
16.19,0.008,-0.004,0
16.2,0.008,-0.004,0
16.21,0.008,-0.004,0
16.22,0.008,-0.004,0
16.23,0.01,-0.005,0
16.24,0.008,-0.004,0
16.25,0.008,-0.004,0
16.26,0.008,-0.004,0
16.27,0.01,-0.004,0
16.28,0.008,-0.004,0
16.29,0.01,-0.004,0
16.3,0.005,-0.005,0
16.31,0.01,-0.004,0
16.32,0.008,-0.004,0
16.33,0.008,-0.004,0
16.34,0.008,-0.004,0
16.35,0.01,-0.004,0
16.36,0.008,-0.004,0
16.37,0.01,-0.004,0
16.38,0.008,-0.004,0
16.39,0.008,-0.004,0
16.4,0.008,-0.004,0
16.41,0.008,-0.005,0
16.42,0.008,-0.004,0
16.43,0.008,-0.004,0
16.44,0.008,-0.004,0
16.45,0.008,-0.004,0
16.46,0.008,-0.004,0
16.47,0.008,-0.004,0
16.48,0.01,-0.004,0
16.49,0.008,-0.004,0
16.5,0.01,-0.004,0
16.51,0.008,-0.004,0
16.52,0.01,-0.003,0
16.53,0.008,-0.004,0
16.54,0.01,-0.003,0
16.55,0.008,-0.004,0
16.56,0.008,-0.004,0
16.57,0.005,-0.004,0
16.58,0.01,-0.003,0
16.59,0.008,-0.003,0
16.6,0.008,-0.003,0
16.61,0.008,-0.003,0
16.62,0.01,-0.003,0
16.63,0.008,-0.004,0
16.64,0.008,-0.002,0
16.65,0.01,-0.003,0
16.66,0.008,-0.002,0
16.67,0.01,-0.003,0
16.68,0.008,-0.004,0
16.69,0.01,-0.003,0
16.7,0.008,-0.002,0
16.71,0.01,-0.003,0
16.72,0.008,-0.003,0
16.73,0.01,-0.003,0
16.74,0.005,-0.002,0
16.75,0.01,-0.002,0
16.76,0.01,-0.003,0
16.77,0.01,-0.002,0
16.78,0.008,-0.003,0
16.79,0.012,-0.002,0
16.8,0.008,-0.002,0
16.81,0.01,-0.002,0
16.82,0.01,-0.003,0
16.83,0.01,-0.002,0
16.84,0.01,-0.002,0
16.85,0.01,-0.002,0
16.86,0.01,-0.003,0
16.87,0.008,-0.003,0
16.88,0.012,-0.003,0
16.89,0.01,-0.003,0
16.9,0.012,-0.003,0
16.91,0.01,-0.003,0
16.92,0.012,-0.002,0
16.93,0.01,-0.004,0
16.94,0.012,-0.003,0
16.95,0.01,-0.002,0
16.96,0.012,-0.003,0
16.97,0.01,-0.002,0
16.98,0.012,-0.004,0
16.99,0.012,-0.002,0
17,0.012,-0.002,0
17.01,0.012,-0.002,0
17.02,0.01,-0.002,0
17.03,0.012,-0.003,0
17.04,0.012,-0.003,0
17.05,0.012,-0.003,0
17.06,0.012,-0.002,0
17.07,0.012,-0.002,0
17.08,0.01,-0.003,0
17.09,0.015,-0.002,0
17.1,0.01,-0.002,0
17.11,0.015,-0.002,0
17.12,0.01,-0.002,0
17.13,0.018,-0.002,0
17.14,0.012,-0.002,0
17.15,0.015,-0.002,0
17.16,0.012,-0.002,0
17.17,0.015,-0.002,0
17.18,0.012,-0.003,0
17.19,0.015,-0.002,0
17.2,0.012,-0.002,0
17.21,0.015,-0.002,0
17.22,0.015,-0.002,0
17.23,0.015,-0.002,0
17.24,0.015,-0.003,0
17.25,0.015,-0.002,0
17.26,0.015,-0.003,0
17.27,0.015,-0.002,0
17.28,0.018,-0.002,0
17.29,0.018,-0.003,0
17.3,0.015,-0.002,0
17.31,0.015,-0.003,0
17.32,0.02,-0.002,0
17.33,0.012,-0.002,0
17.34,0.018,-0.002,0
17.35,0.012,-0.002,0
17.36,0.02,-0.002,0
17.37,0.018,-0.002,0
17.38,0.018,-0.003,0
17.39,0.018,-0.002,0
17.4,0.018,-0.002,0
17.41,0.018,-0.002,0
17.42,0.018,-0.002,0
17.43,0.018,-0.002,0
17.44,0.018,-0.002,0
17.45,0.018,-0.002,0
17.46,0.018,-0.002,0
17.47,0.02,-0.002,0
17.48,0.018,-0.002,0
17.49,0.02,-0.002,0
17.5,0.018,-0.002,0
17.51,0.022,-0.002,0
17.52,0.02,-0.002,0
17.53,0.02,-0.002,0
17.54,0.02,-0.002,0
17.55,0.025,-0.002,0
17.56,0.02,-0.002,0
17.57,0.022,-0.002,0
17.58,0.018,-0.002,0
17.59,0.022,-0.002,0
17.6,0.022,-0.002,0
17.61,0.022,-0.002,0
17.62,0.022,-0.002,0
17.63,0.02,-0.002,0
17.64,0.02,-0.002,0
17.65,0.022,-0.002,0
17.66,0.022,-0.002,0
17.67,0.02,-0.002,0
17.68,0.022,-0.002,0
17.69,0.02,-0.002,0
17.7,0.025,-0.002,0
17.71,0.02,-0.002,0
17.72,0.025,-0.002,0
17.73,0.02,-0.002,0
17.74,0.027,-0.002,0
17.75,0.022,-0.002,0
17.76,0.027,-0.002,0
17.77,0.025,-0.002,0
17.78,0.025,-0.002,0
17.79,0.022,-0.003,0
17.8,0.027,-0.002,0
17.81,0.025,-0.002,0
17.82,0.025,-0.002,0
17.83,0.027,-0.002,0
17.84,0.027,-0.002,0
17.85,0.025,-0.002,0
17.86,0.025,-0.002,0
17.87,0.027,-0.002,0
17.88,0.025,-0.002,0
17.89,0.027,-0.002,0
17.9,0.022,-0.002,0
17.91,0.027,-0.003,0
17.92,0.025,-0.002,0
17.93,0.03,-0.002,0
17.94,0.025,-0.003,0
17.95,0.03,-0.002,0
17.96,0.025,-0.003,0
17.97,0.027,-0.002,0
17.98,0.027,-0.003,0
17.99,0.027,-0.002,0
18,0.025,-0.002,0
18.01,0.027,-0.002,0
18.02,0.03,-0.004,0
18.03,0.027,-0.002,0
18.04,0.027,-0.003,0
18.05,0.027,-0.002,0
18.06,0.027,-0.003,0
18.07,0.027,-0.004,0
18.08,0.03,-0.003,0
18.09,0.027,-0.002,0
18.1,0.032,-0.003,0
18.11,0.027,-0.003,0
18.12,0.03,-0.004,0
18.13,0.027,-0.003,0
18.14,0.032,-0.002,0
18.15,0.027,-0.002,0
18.16,0.032,-0.003,0
18.17,0.027,-0.004,0
18.18,0.03,-0.003,0
18.19,0.03,-0.003,0
18.2,0.032,-0.002,0
18.21,0.03,-0.002,0
18.22,0.03,-0.003,0
18.23,0.03,-0.003,0
18.24,0.032,-0.004,0
18.25,0.03,-0.002,0
18.26,0.032,-0.003,0
18.27,0.032,-0.003,0
18.28,0.032,-0.003,0
18.29,0.032,-0.003,0
18.3,0.032,-0.003,0
18.31,0.032,-0.003,0
18.32,0.032,-0.004,0
18.33,0.035,-0.003,0
18.34,0.032,-0.004,0
18.35,0.035,-0.003,0
18.36,0.032,-0.004,0
18.37,0.035,-0.003,0
18.38,0.032,-0.004,0
18.39,0.035,-0.004,0
18.4,0.032,-0.003,0
18.41,0.032,-0.003,0
18.42,0.032,-0.004,0
18.43,0.035,-0.004,0
18.44,0.035,-0.004,0
18.45,0.035,-0.003,0
18.46,0.035,-0.003,0
18.47,0.032,-0.004,0
18.48,0.032,-0.004,0
18.49,0.032,-0.004,0
18.5,0.035,-0.004,0
18.51,0.035,-0.003,0
18.52,0.035,-0.004,0
18.53,0.032,-0.004,0
18.54,0.037,-0.004,0
18.55,0.035,-0.004,0
18.56,0.035,-0.004,0
18.57,0.032,-0.004,0
18.58,0.035,-0.004,0
18.59,0.035,-0.004,0
18.6,0.037,-0.004,0
18.61,0.035,-0.004,0
18.62,0.035,-0.004,0
18.63,0.035,-0.004,0
18.64,0.035,-0.004,0
18.65,0.035,-0.004,0
18.66,0.035,-0.004,0
18.67,0.035,-0.004,0
18.68,0.035,-0.004,0
18.69,0.035,-0.005,0
18.7,0.032,-0.004,0
18.71,0.035,-0.005,0
18.72,0.035,-0.004,0
18.73,0.037,-0.004,0
18.74,0.035,-0.005,0
18.75,0.037,-0.004,0
18.76,0.035,-0.004,0
18.77,0.037,-0.004,0
18.78,0.032,-0.004,0
18.79,0.037,-0.005,0
18.8,0.035,-0.005,0
18.81,0.035,-0.004,0
18.82,0.035,-0.005,0
18.83,0.035,-0.004,0
18.84,0.035,-0.005,0
18.85,0.035,-0.005,0
18.86,0.035,-0.004,0
18.87,0.035,-0.004,0
18.88,0.035,-0.004,0
18.89,0.035,-0.005,0
18.9,0.037,-0.005,0
18.91,0.035,-0.004,0
18.92,0.035,-0.004,0
18.93,0.032,-0.004,0
18.94,0.035,-0.005,0
18.95,0.035,-0.005,0
18.96,0.037,-0.005,0
18.97,0.035,-0.005,0
18.98,0.035,-0.004,0
18.99,0.032,-0.005,0
19,0.035,-0.005,0
19.01,0.035,-0.005,0
19.02,0.035,-0.005,0
19.03,0.037,-0.005,0
19.04,0.035,-0.005,0
19.05,0.035,-0.005,0
19.06,0.035,-0.005,0
19.07,0.037,-0.005,0
19.08,0.035,-0.004,0
19.09,0.035,-0.005,0
19.1,0.035,-0.005,0
19.11,0.035,-0.004,0
19.12,0.035,-0.005,0
19.13,0.037,-0.005,0
19.14,0.035,-0.005,0
19.15,0.037,-0.005,0
19.16,0.032,-0.005,0
19.17,0.035,-0.005,0
19.18,0.032,-0.005,0
19.19,0.035,-0.005,0
19.2,0.035,-0.005,0
19.21,0.035,-0.005,0
19.22,0.035,-0.006,0
19.23,0.035,-0.005,0
19.24,0.035,-0.005,0
19.25,0.035,-0.006,0
19.26,0.035,-0.005,0
19.27,0.032,-0.006,0
19.28,0.035,-0.005,0
19.29,0.032,-0.005,0
19.3,0.035,-0.005,0
19.31,0.032,-0.005,0
19.32,0.035,-0.005,0
19.33,0.035,-0.005,0
19.34,0.035,-0.004,0
19.35,0.032,-0.005,0
19.36,0.035,-0.005,0
19.37,0.032,-0.005,0
19.38,0.035,-0.005,0
19.39,0.032,-0.005,0
19.4,0.035,-0.005,0
19.41,0.032,-0.005,0
19.42,0.035,-0.006,0
19.43,0.032,-0.006,0
19.44,0.032,-0.005,0
19.45,0.032,-0.006,0
19.46,0.032,-0.005,0
19.47,0.032,-0.006,0
19.48,0.032,-0.006,0
19.49,0.035,-0.005,0
19.5,0.032,-0.006,0
19.51,0.032,-0.005,0
19.52,0.03,-0.007,0
19.53,0.032,-0.006,0
19.54,0.032,-0.006,0
19.55,0.032,-0.005,0
19.56,0.032,-0.005,0
19.57,0.032,-0.007,0
19.58,0.03,-0.007,0
19.59,0.032,-0.006,0
19.6,0.032,-0.006,0
19.61,0.032,-0.006,0
19.62,0.032,-0.007,0
19.63,0.03,-0.007,0
19.64,0.03,-0.007,0
19.65,0.03,-0.007,0
19.66,0.03,-0.006,0
19.67,0.03,-0.007,0
19.68,0.03,-0.007,0
19.69,0.032,-0.006,0
19.7,0.03,-0.006,0
19.71,0.027,-0.007,0
19.72,0.03,-0.007,0
19.73,0.027,-0.007,0
19.74,0.03,-0.006,0
19.75,0.03,-0.007,0
19.76,0.03,-0.006,0
19.77,0.027,-0.007,0
19.78,0.027,-0.007,0
19.79,0.027,-0.007,0
19.8,0.027,-0.007,0
19.81,0.025,-0.007,0
19.82,0.027,-0.006,0
19.83,0.027,-0.007,0
19.84,0.027,-0.007,0
19.85,0.027,-0.007,0
19.86,0.025,-0.007,0
19.87,0.027,-0.007,0
19.88,0.022,-0.007,0
19.89,0.027,-0.007,0
19.9,0.025,-0.007,0
19.91,0.025,-0.006,0
19.92,0.025,-0.007,0
19.93,0.025,-0.007,0
19.94,0.025,-0.007,0
19.95,0.027,-0.007,0
19.96,0.022,-0.006,0
19.97,0.025,-0.007,0
19.98,0.022,-0.007,0
19.99,0.025,-0.006,0
20,0.025,-0.006,0
20.01,0.025,-0.006,0
20.02,0.025,-0.006,0
20.03,0.025,-0.007,0
20.04,0.022,-0.007,0
20.05,0.025,-0.007,0
20.06,0.025,-0.006,0
20.07,0.022,-0.006,0
20.08,0.022,-0.006,0
20.09,0.02,-0.007,0
20.1,0.025,-0.007,0
20.11,0.022,-0.006,0
20.12,0.025,-0.006,0
20.13,0.025,-0.006,0
20.14,0.022,-0.006,0
20.15,0.02,-0.007,0
20.16,0.022,-0.006,0
20.17,0.02,-0.006,0
20.18,0.02,-0.006,0
20.19,0.02,-0.007,0
20.2,0.022,-0.007,0
20.21,0.022,-0.005,0
20.22,0.02,-0.005,0
20.23,0.02,-0.006,0
20.24,0.02,-0.006,0
20.25,0.022,-0.006,0
20.26,0.02,-0.006,0
20.27,0.02,-0.005,0
20.28,0.022,-0.006,0
20.29,0.02,-0.006,0
20.3,0.02,-0.007,0
20.31,0.018,-0.005,0
