Tiempo ;CONTROL;PID;ANGULO;REFERENCIA;PERTURBACION;;;;;;;
-0,4;0.0;0.0;0;0;0.0;;;;;;;
-0,38;0.0;0.0;0;0;0.0;;;;;;;
-0,36;0.0;0.0;0;0;0.0;;;;;;;
-0,34;0.0;0.0;0;0;0.0;;;;;;;
-0,32;0.0;0.0;0;0;0.0;;;;;;;
-0,3;0.0;0.0;0;0;0.0;;;;;;;
-0,28;0.0;0.0;0;0;0.0;;;;;;;
-0,26;0.0;0.0;0;0;0.0;;;;;;;
-0,24;0.0;0.0;0;0;0.0;;;;;;;
-0,22;0.0;0.0;0;0;0.0;;;;;;;
-0,2;0.0;0.0;0;0;0.0;;;;;;;
-0,18;0.0;0.0;0;0;0.0;;;;;;;
-0,16;0.0;0.0;0;0;0.0;;;;;;;
-0,14;0.0;0.0;0;0;0.0;;;;;;;
-0,12;0.0;0.0;0;0;0.0;;;;;;;
-0,1;0.0;0.0;0;0;0.0;;;;;;;
-0,08;0.0;0.0;0;0;0.0;;;;;;;
-0,06;0.0;0.0;0;0;0.0;;;;;;;
-0,04;0.0;0.0;0;0;0.0;;;;;;;
-0,02;0.0;0.0;0;0;0.0;;;;;;;
0;0.0;0.0;0;0;0.0;;Minimo;Maximo;error_max;error_min;Valor en 6s;Sobreimpulso
0,02;0.0;0.0;0;0;0.0;;0,59;0,6;0;1,666667;0,59;0,613
0,04;2.0;3.103;0;0,6;0.0;;;;;;;2,166666667
0,06;2.0;2.155;0;0,6;0.0;;;;;;;
0,08;1.474;1.474;0;0,6;0.0;;;;;;;
0,1;0.986;0.986;0;0,6;0.0;;;;;;;
0,12;0.638;0.638;0;0,6;0.0;;;;;;;
0,14;0.391;0.391;0;0,6;0.0;;;;;;;
0,16;0.209;0.209;0,002;0,6;0.0;;;;;;;
0,18;0.091;0.091;0,002;0,6;0.0;;;;;;;
0,2;0.002;0.002;0,003;0,6;0.0;;;;;;;
0,22;0.0;-0.056;0,005;0,6;0.0;;;;;;;
0,24;0.0;-0.093;0,007;0,6;0.0;;;;;;;
0,26;0.0;-0.104;0,007;0,6;0.0;;;;;;;
0,28;0.0;-0.117;0,009;0,6;0.0;;;;;;;
0,3;0.0;-0.12;0,01;0,6;0.0;;;;;;;
0,32;0.0;-0.125;0,014;0,6;0.0;;;;;;;
0,34;0.0;-0.115;0,016;0,6;0.0;;;;;;;
0,36;0.0;-0.101;0,017;0,6;0.0;;;;;;;
0,38;0.0;-0.086;0,019;0,6;0.0;;;;;;;
0,4;0.0;-0.069;0,021;0,6;0.0;;;;;;;
0,42;0.0;-0.051;0,023;0,6;0.0;;;;;;;
0,44;0.0;-0.033;0,024;0,6;0.0;;;;;;;
0,46;0.0;-0.014;0,026;0,6;0.0;;;;;;;
0,48;0.005;0.005;0,028;0,6;0.0;;;;;;;
0,5;0.025;0.025;0,03;0,6;0.0;;;;;;;
0,52;0.053;0.053;0,03;0,6;0.0;;;;;;;
0,54;0.07;0.07;0,031;0,6;0.0;;;;;;;
0,56;0.097;0.097;0,031;0,6;0.0;;;;;;;
0,58;0.113;0.113;0,033;0,6;0.0;;;;;;;
0,6;0.138;0.138;0,033;0,6;0.0;;;;;;;
0,62;0.162;0.162;0,033;0,6;0.0;;;;;;;
0,64;0.185;0.185;0,033;0,6;0.0;;;;;;;
0,66;0.206;0.206;0,033;0,6;0.0;;;;;;;
0,68;0.227;0.227;0,033;0,6;0.0;;;;;;;
0,7;0.247;0.247;0,033;0,6;0.0;;;;;;;
0,72;0.267;0.267;0,033;0,6;0.0;;;;;;;
0,74;0.296;0.296;0,031;0,6;0.0;;;;;;;
0,76;0.321;0.321;0,03;0,6;0.0;;;;;;;
0,78;0.336;0.336;0,03;0,6;0.0;;;;;;;
0,8;0.36;0.36;0,028;0,6;0.0;;;;;;;
0,82;0.383;0.383;0,026;0,6;0.0;;;;;;;
0,84;0.405;0.405;0,024;0,6;0.0;;;;;;;
0,86;0.425;0.425;0,023;0,6;0.0;;;;;;;
0,88;0.445;0.445;0,021;0,6;0.0;;;;;;;
0,9;0.465;0.465;0,019;0,6;0.0;;;;;;;
0,92;0.484;0.484;0,017;0,6;0.0;;;;;;;
0,94;0.494;0.494;0,017;0,6;0.0;;;;;;;
0,96;0.515;0.515;0,016;0,6;0.0;;;;;;;
0,98;0.536;0.536;0,014;0,6;0.0;;;;;;;
1;0.547;0.547;0,014;0,6;0.0;;;;;;;
1,02;0.56;0.56;0,014;0,6;0.0;;;;;;;
1,04;0.575;0.575;0,014;0,6;0.0;;;;;;;
1,06;0.582;0.582;0,016;0,6;0.0;;;;;;;
1,08;0.602;0.602;0,016;0,6;0.0;;;;;;;
1,1;0.613;0.613;0,017;0,6;0.0;;;;;;;
1,12;0.617;0.617;0,021;0,6;0.0;;;;;;;
1,14;0.626;0.626;0,024;0,6;0.0;;;;;;;
1,16;0.639;0.639;0,028;0,6;0.0;;;;;;;
1,18;0.653;0.653;0,031;0,6;0.0;;;;;;;
1,2;0.661;0.661;0,037;0,6;0.0;;;;;;;
1,22;0.663;0.663;0,044;0,6;0.0;;;;;;;
1,24;0.68;0.68;0,049;0,6;0.0;;;;;;;
1,26;0.68;0.68;0,058;0,6;0.0;;;;;;;
1,28;0.696;0.696;0,065;0,6;0.0;;;;;;;
1,3;0.704;0.704;0,073;0,6;0.0;;;;;;;
1,32;0.716;0.716;0,082;0,6;0.0;;;;;;;
1,34;0.722;0.722;0,093;0,6;0.0;;;;;;;
1,36;0.742;0.742;0,101;0,6;0.0;;;;;;;
1,38;0.744;0.744;0,113;0,6;0.0;;;;;;;
1,4;0.761;0.761;0,124;0,6;0.0;;;;;;;
1,42;0.78;0.78;0,134;0,6;0.0;;;;;;;
1,44;0.79;0.79;0,147;0,6;0.0;;;;;;;
1,46;0.804;0.804;0,159;0,6;0.0;;;;;;;
1,48;0.82;0.82;0,171;0,6;0.0;;;;;;;
1,5;0.837;0.837;0,183;0,6;0.0;;;;;;;
1,52;0.847;0.847;0,197;0,6;0.0;;;;;;;
1,54;0.869;0.869;0,209;0,6;0.0;;;;;;;
1,56;0.89;0.89;0,222;0,6;0.0;;;;;;;
1,58;0.911;0.911;0,234;0,6;0.0;;;;;;;
1,6;0.932;0.932;0,246;0,6;0.0;;;;;;;
1,62;0.952;0.952;0,258;0,6;0.0;;;;;;;
1,64;0.971;0.971;0,271;0,6;0.0;;;;;;;
1,66;0.991;0.991;0,283;0,6;0.0;;;;;;;
1,68;1.019;1.019;0,293;0,6;0.0;;;;;;;
1,7;1.034;1.034;0,305;0,6;0.0;;;;;;;
1,72;1.06;1.06;0,316;0,6;0.0;;;;;;;
1,74;1.082;1.082;0,326;0,6;0.0;;;;;;;
1,76;1.103;1.103;0,337;0,6;0.0;;;;;;;
1,78;1.131;1.131;0,346;0,6;0.0;;;;;;;
1,8;1.155;1.155;0,354;0,6;0.0;;;;;;;
1,82;1.176;1.176;0,363;0,6;0.0;;;;;;;
1,84;1.195;1.195;0,372;0,6;0.0;;;;;;;
1,86;1.221;1.221;0,379;0,6;0.0;;;;;;;
1,88;1.234;1.234;0,387;0,6;0.0;;;;;;;
1,9;1.256;1.256;0,394;0,6;0.0;;;;;;;
1,92;1.284;1.284;0,4;0,6;0.0;;;;;;;
1,94;1.298;1.298;0,407;0,6;0.0;;;;;;;
1,96;1.32;1.32;0,412;0,6;0.0;;;;;;;
1,98;1.33;1.33;0,419;0,6;0.0;;;;;;;
2;1.348;1.348;0,424;0,6;0.0;;;;;;;
2,02;1.364;1.364;0,429;0,6;0.0;;;;;;;
2,04;1.387;1.387;0,433;0,6;0.0;;;;;;;
2,06;1.397;1.397;0,438;0,6;0.0;;;;;;;
2,08;1.407;1.407;0,443;0,6;0.0;;;;;;;
2,1;1.425;1.425;0,447;0,6;0.0;;;;;;;
2,12;1.431;1.431;0,452;0,6;0.0;;;;;;;
2,14;1.447;1.447;0,456;0,6;0.0;;;;;;;
2,16;1.46;1.46;0,459;0,6;0.0;;;;;;;
2,18;1.462;1.462;0,464;0,6;0.0;;;;;;;
2,2;1.475;1.475;0,468;0,6;0.0;;;;;;;
2,22;1.486;1.486;0,471;0,6;0.0;;;;;;;
2,24;1.496;1.496;0,475;0,6;0.0;;;;;;;
2,26;1.496;1.496;0,48;0,6;0.0;;;;;;;
2,28;1.507;1.507;0,483;0,6;0.0;;;;;;;
2,3;1.516;1.516;0,487;0,6;0.0;;;;;;;
2,32;1.516;1.516;0,492;0,6;0.0;;;;;;;
2,34;1.526;1.526;0,496;0,6;0.0;;;;;;;
2,36;1.535;1.535;0,499;0,6;0.0;;;;;;;
2,38;1.543;1.543;0,503;0,6;0.0;;;;;;;
2,4;1.542;1.542;0,508;0,6;0.0;;;;;;;
2,42;1.551;1.551;0,511;0,6;0.0;;;;;;;
2,44;1.56;1.56;0,515;0,6;0.0;;;;;;;
2,46;1.558;1.558;0,52;0,6;0.0;;;;;;;
2,48;1.567;1.567;0,524;0,6;0.0;;;;;;;
2,5;1.575;1.575;0,527;0,6;0.0;;;;;;;
2,52;1.582;1.582;0,531;0,6;0.0;;;;;;;
2,54;1.58;1.58;0,536;0,6;0.0;;;;;;;
2,56;1.588;1.588;0,539;0,6;0.0;;;;;;;
2,58;1.596;1.596;0,543;0,6;0.0;;;;;;;
2,6;1.602;1.602;0,546;0,6;0.0;;;;;;;
2,62;1.608;1.608;0,55;0,6;0.0;;;;;;;
2,64;1.613;1.613;0,553;0,6;0.0;;;;;;;
2,66;1.618;1.618;0,557;0,6;0.0;;;;;;;
2,68;1.622;1.622;0,56;0,6;0.0;;;;;;;
2,7;1.635;1.635;0,562;0,6;0.0;;;;;;;
2,72;1.636;1.636;0,565;0,6;0.0;;;;;;;
2,74;1.638;1.638;0,569;0,6;0.0;;;;;;;
2,76;1.649;1.649;0,571;0,6;0.0;;;;;;;
2,78;1.649;1.649;0,574;0,6;0.0;;;;;;;
2,8;1.658;1.658;0,576;0,6;0.0;;;;;;;
2,82;1.657;1.657;0,579;0,6;0.0;;;;;;;
2,84;1.665;1.665;0,581;0,6;0.0;;;;;;;
2,86;1.672;1.672;0,583;0,6;0.0;;;;;;;
2,88;1.668;1.668;0,586;0,6;0.0;;;;;;;
2,9;1.675;1.675;0,588;0,6;0.0;;;;;;;
2,92;1.681;1.681;0,59;0,6;0.0;;;;;;;
2,94;1.685;1.685;0,592;0,6;0.0;;;;;;;
2,96;1.689;1.689;0,593;0,6;0.0;;;;;;;
2,98;1.692;1.692;0,595;0,6;0.0;;;;;;;
3;1.694;1.694;0,597;0,6;0.0;;;;;;;
3,02;1.696;1.696;0,599;0,6;0.0;;;;;;;
3,04;1.7;1.7;0,6;0,6;0.0;;;;;;;
3,06;1.699;1.699;0,602;0,6;0.0;;;;;;;
3,08;1.7;1.7;0,604;0,6;0.0;;;;;;;
3,1;1.711;1.711;0,604;0,6;0.0;;;;;;;
3,12;1.709;1.709;0,606;0,6;0.0;;;;;;;
3,14;1.709;1.709;0,607;0,6;0.0;;;;;;;
3,16;1.717;1.717;0,607;0,6;0.0;;;;;;;
3,18;1.714;1.714;0,609;0,6;0.0;;;;;;;
3,2;1.721;1.721;0,609;0,6;0.0;;;;;;;
3,22;1.718;1.718;0,611;0,6;0.0;;;;;;;
3,24;1.724;1.724;0,611;0,6;0.0;;;;;;;
3,26;1.728;1.728;0,611;0,6;0.0;;;;;;;
3,28;1.732;1.732;0,611;0,6;0.0;;;;;;;
3,3;1.725;1.725;0,613;0,6;0.0;;;;;;;
3,32;1.729;1.729;0,613;0,6;0.0;;;;;;;
3,34;1.732;1.732;0,613;0,6;0.0;;;;;;;
3,36;1.734;1.734;0,613;0,6;0.0;;;;;;;
3,38;1.735;1.735;0,613;0,6;0.0;;;;;;;
3,4;1.736;1.736;0,613;0,6;0.0;;;;;;;
3,42;1.737;1.737;0,613;0,6;0.0;;;;;;;
3,44;1.737;1.737;0,613;0,6;0.0;;;;;;;
3,46;1.737;1.737;0,613;0,6;0.0;;;;;;;
3,48;1.737;1.737;0,613;0,6;0.0;;;;;;;
3,5;1.737;1.737;0,613;0,6;0.0;;;;;;;
3,52;1.737;1.737;0,613;0,6;0.0;;;;;;;
3,54;1.736;1.736;0,613;0,6;0.0;;;;;;;
3,56;1.736;1.736;0,613;0,6;0.0;;;;;;;
3,58;1.736;1.736;0,613;0,6;0.0;;;;;;;
3,6;1.735;1.735;0,613;0,6;0.0;;;;;;;
3,62;1.735;1.735;0,613;0,6;0.0;;;;;;;
3,64;1.735;1.735;0,613;0,6;0.0;;;;;;;
3,66;1.734;1.734;0,613;0,6;0.0;;;;;;;
3,68;1.743;1.743;0,611;0,6;0.0;;;;;;;
3,7;1.74;1.74;0,611;0,6;0.0;;;;;;;
3,72;1.737;1.737;0,611;0,6;0.0;;;;;;;
3,74;1.735;1.735;0,611;0,6;0.0;;;;;;;
3,76;1.734;1.734;0,611;0,6;0.0;;;;;;;
3,78;1.733;1.733;0,611;0,6;0.0;;;;;;;
3,8;1.732;1.732;0,611;0,6;0.0;;;;;;;
3,82;1.74;1.74;0,609;0,6;0.0;;;;;;;
3,84;1.737;1.737;0,609;0,6;0.0;;;;;;;
3,86;1.734;1.734;0,609;0,6;0.0;;;;;;;
3,88;1.732;1.732;0,609;0,6;0.0;;;;;;;
3,9;1.731;1.731;0,609;0,6;0.0;;;;;;;
3,92;1.73;1.73;0,609;0,6;0.0;;;;;;;
3,94;1.729;1.729;0,609;0,6;0.0;;;;;;;
3,96;1.728;1.728;0,609;0,6;0.0;;;;;;;
3,98;1.736;1.736;0,607;0,6;0.0;;;;;;;
4;1.733;1.733;0,607;0,6;0.0;;;;;;;
4,02;1.731;1.731;0,607;0,6;0.0;;;;;;;
4,04;1.729;1.729;0,607;0,6;0.0;;;;;;;
4,06;1.727;1.727;0,607;0,6;0.0;;;;;;;
4,08;1.726;1.726;0,607;0,6;0.0;;;;;;;
4,1;1.725;1.725;0,607;0,6;0.0;;;;;;;
4,12;1.725;1.725;0,607;0,6;0.0;;;;;;;
4,14;1.724;1.724;0,607;0,6;0.0;;;;;;;
4,16;1.733;1.733;0,606;0,6;0.0;;;;;;;
4,18;1.73;1.73;0,606;0,6;0.0;;;;;;;
4,2;1.727;1.727;0,606;0,6;0.0;;;;;;;
4,22;1.725;1.725;0,606;0,6;0.0;;;;;;;
4,24;1.724;1.724;0,606;0,6;0.0;;;;;;;
4,26;1.723;1.723;0,606;0,6;0.0;;;;;;;
4,28;1.722;1.722;0,606;0,6;0.0;;;;;;;
4,3;1.722;1.722;0,606;0,6;0.0;;;;;;;
4,32;1.712;1.712;0,607;0,6;0.0;;;;;;;
4,34;1.715;1.715;0,607;0,6;0.0;;;;;;;
4,36;1.716;1.716;0,607;0,6;0.0;;;;;;;
4,38;1.717;1.717;0,607;0,6;0.0;;;;;;;
4,4;1.718;1.718;0,607;0,6;0.0;;;;;;;
4,42;1.718;1.718;0,607;0,6;0.0;;;;;;;
4,44;1.719;1.719;0,607;0,6;0.0;;;;;;;
4,46;1.719;1.719;0,607;0,6;0.0;;;;;;;
4,48;1.71;1.71;0,609;0,6;0.0;;;;;;;
4,5;1.713;1.713;0,609;0,6;0.0;;;;;;;
4,52;1.714;1.714;0,609;0,6;0.0;;;;;;;
4,54;1.716;1.716;0,609;0,6;0.0;;;;;;;
4,56;1.717;1.717;0,609;0,6;0.0;;;;;;;
4,58;1.708;1.708;0,611;0,6;0.0;;;;;;;
4,6;1.711;1.711;0,611;0,6;0.0;;;;;;;
4,62;1.713;1.713;0,611;0,6;0.0;;;;;;;
4,64;1.715;1.715;0,611;0,6;0.0;;;;;;;
4,66;1.716;1.716;0,611;0,6;0.0;;;;;;;
4,68;1.716;1.716;0,611;0,6;0.0;;;;;;;
4,7;1.708;1.708;0,613;0,6;0.0;;;;;;;
4,72;1.71;1.71;0,613;0,6;0.0;;;;;;;
4,74;1.712;1.712;0,613;0,6;0.0;;;;;;;
4,76;1.714;1.714;0,613;0,6;0.0;;;;;;;
4,78;1.715;1.715;0,613;0,6;0.0;;;;;;;
4,8;1.715;1.715;0,613;0,6;0.0;;;;;;;
4,82;1.715;1.715;0,613;0,6;0.0;;;;;;;
4,84;1.715;1.715;0,613;0,6;0.0;;;;;;;
4,86;1.715;1.715;0,613;0,6;0.0;;;;;;;
4,88;1.715;1.715;0,613;0,6;0.0;;;;;;;
4,9;1.715;1.715;0,613;0,6;0.0;;;;;;;
4,92;1.715;1.715;0,613;0,6;0.0;;;;;;;
4,94;1.714;1.714;0,613;0,6;0.0;;;;;;;
4,96;1.714;1.714;0,613;0,6;0.0;;;;;;;
4,98;1.714;1.714;0,613;0,6;0.0;;;;;;;
5;1.713;1.713;0,613;0,6;0.0;;;;;;;
5,02;1.713;1.713;0,613;0,6;0.0;;;;;;;
5,04;1.712;1.712;0,613;0,6;0.0;;;;;;;
5,06;1.721;1.721;0,611;0,6;0.0;;;;;;;
5,08;1.718;1.718;0,611;0,6;0.0;;;;;;;
5,1;1.715;1.715;0,611;0,6;0.0;;;;;;;
5,12;1.714;1.714;0,611;0,6;0.0;;;;;;;
5,14;1.712;1.712;0,611;0,6;0.0;;;;;;;
5,16;1.711;1.711;0,611;0,6;0.0;;;;;;;
5,18;1.71;1.71;0,611;0,6;0.0;;;;;;;
5,2;1.709;1.709;0,611;0,6;0.0;;;;;;;
5,22;1.718;1.718;0,609;0,6;0.0;;;;;;;
5,24;1.714;1.714;0,609;0,6;0.0;;;;;;;
5,26;1.712;1.712;0,609;0,6;0.0;;;;;;;
5,28;1.71;1.71;0,609;0,6;0.0;;;;;;;
5,3;1.709;1.709;0,609;0,6;0.0;;;;;;;
5,32;1.716;1.716;0,607;0,6;0.0;;;;;;;
5,34;1.713;1.713;0,607;0,6;0.0;;;;;;;
5,36;1.71;1.71;0,607;0,6;0.0;;;;;;;
5,38;1.717;1.717;0,606;0,6;0.0;;;;;;;
5,4;1.713;1.713;0,606;0,6;0.0;;;;;;;
5,42;1.71;1.71;0,606;0,6;0.0;;;;;;;
5,44;1.716;1.716;0,604;0,6;0.0;;;;;;;
5,46;1.712;1.712;0,604;0,6;0.0;;;;;;;
5,48;1.708;1.708;0,604;0,6;0.0;;;;;;;
5,5;1.715;1.715;0,602;0,6;0.0;;;;;;;
5,52;1.71;1.71;0,602;0,6;0.0;;;;;;;
5,54;1.707;1.707;0,602;0,6;0.0;;;;;;;
5,56;1.716;1.716;0,6;0,6;0.0;;;;;;;
5,58;1.711;1.711;0,6;0,6;0.0;;;;;;;
5,6;1.707;1.707;0,6;0,6;0.0;;;;;;;
5,62;1.704;1.704;0,6;0,6;0.0;;;;;;;
5,64;1.709;1.709;0,599;0,6;0.0;;;;;;;
5,66;1.706;1.706;0,599;0,6;0.0;;;;;;;
5,68;1.703;1.703;0,599;0,6;0.0;;;;;;;
5,7;1.71;1.71;0,597;0,6;0.0;;;;;;;
5,72;1.706;1.706;0,597;0,6;0.0;;;;;;;
5,74;1.703;1.703;0,597;0,6;0.0;;;;;;;
5,76;1.71;1.71;0,595;0,6;0.0;;;;;;;
5,78;1.706;1.706;0,595;0,6;0.0;;;;;;;
5,8;1.703;1.703;0,595;0,6;0.0;;;;;;;
5,82;1.71;1.71;0,593;0,6;0.0;;;;;;;
5,84;1.706;1.706;0,593;0,6;0.0;;;;;;;
5,86;1.702;1.702;0,593;0,6;0.0;;;;;;;
5,88;1.709;1.709;0,592;0,6;0.0;;;;0;;1,666666667;
5,9;1.705;1.705;0,592;0,6;0.0;;;;;;;
5,92;1.702;1.702;0,592;0,6;0.0;;;;;;;
5,94;1.709;1.709;0,59;0,6;0.0;;;;0,6;;0,59;
5,96;1.705;1.705;0,59;0,6;0.0;;;;;;;
5,98;1.702;1.702;0,59;0,6;0.0;;;;;;;
6;1.7;1.7;0,59;0,6;0.0;;;;;;;
6,02;1.698;1.698;0,59;0,6;0.0;;;;;;;
6,04;1.698;1.698;0,59;0,6;0.0;;;;;;;
6,06;1.697;1.697;0,59;0,6;0.0;;;;;;;
6,08;1.697;1.697;0,59;0,6;0.0;;;;;;;
6,1;1.697;1.697;0,59;0,6;0.0;;;;;;;
6,12;1.696;1.696;0,59;0,6;0.0;;;;;;;
6,14;1.697;1.697;0,59;0,6;0.0;;;;;;;
6,16;1.697;1.697;0,59;0,6;0.0;;;;;;;
6,18;1.697;1.697;0,59;0,6;0.0;;;;;;;
6,2;1.697;1.697;0,59;0,6;0.0;;;;;;;
6,22;1.697;1.697;0,59;0,6;0.0;;;;;;;
6,24;1.698;1.698;0,59;0,6;0.0;;;;;;;
6,26;1.698;1.698;0,59;0,6;0.0;;;;;;;
6,28;1.698;1.698;0,59;0,6;0.0;;;;;;;
6,3;1.699;1.699;0,59;0,6;0.0;;;;;;;
6,32;1.69;1.69;0,592;0,6;0.0;;;;;;;
6,34;1.693;1.693;0,592;0,6;0.0;;;;;;;
6,36;1.695;1.695;0,592;0,6;0.0;;;;;;;
6,38;1.697;1.697;0,592;0,6;0.0;;;;;;;
6,4;1.698;1.698;0,592;0,6;0.0;;;;;;;
6,42;1.699;1.699;0,592;0,6;0.0;;;;;;;
6,44;1.7;1.7;0,592;0,6;0.0;;;;;;;
6,46;1.692;1.692;0,593;0,6;0.0;;;;;;;
6,48;1.695;1.695;0,593;0,6;0.0;;;;;;;
6,5;1.698;1.698;0,593;0,6;0.0;;;;;;;
6,52;1.7;1.7;0,593;0,6;0.0;;;;;;;
6,54;1.701;1.701;0,593;0,6;0.0;;;;;;;
6,56;1.702;1.702;0,593;0,6;0.0;;;;;;;
6,58;1.703;1.703;0,593;0,6;0.0;;;;;;;
6,6;1.704;1.704;0,593;0,6;0.0;;;;;;;
6,62;1.704;1.704;0,593;0,6;0.0;;;;;;;
6,64;1.705;1.705;0,593;0,6;0.0;;;;;;;
6,66;1.705;1.705;0,593;0,6;0.0;;;;;;;
6,68;1.705;1.705;0,593;0,6;0.0;;;;;;;
6,7;1.706;1.706;0,593;0,6;0.0;;;;;;;
6,72;1.706;1.706;0,593;0,6;0.0;;;;;;;
6,74;1.706;1.706;0,593;0,6;0.0;;;;;;;
6,76;1.715;1.715;0,592;0,6;0.0;;;;;;;
6,78;1.713;1.713;0,592;0,6;0.0;;;;;;;
6,8;1.711;1.711;0,592;0,6;0.0;;;;;;;
6,82;1.71;1.71;0,592;0,6;0.0;;;;;;;
6,84;1.709;1.709;0,592;0,6;0.0;;;;;;;
6,86;1.709;1.709;0,592;0,6;0.0;;;;;;;
6,88;1.708;1.708;0,592;0,6;0.0;;;;;;;
6,9;1.708;1.708;0,592;0,6;0.0;;;;;;;
6,92;1.708;1.708;0,592;0,6;0.0;;;;;;;
6,94;1.708;1.708;0,592;0,6;0.0;;;;;;;
6,96;1.709;1.709;0,592;0,6;0.0;;;;;;;
6,98;1.718;1.718;0,59;0,6;0.0;;;;;;;
7;1.715;1.715;0,59;0,6;0.0;;;;;;;
7,02;1.713;1.713;0,59;0,6;0.0;;;;;;;
7,04;1.712;1.712;0,59;0,6;0.0;;;;;;;
7,06;1.711;1.711;0,59;0,6;0.0;;;;;;;
7,08;1.711;1.711;0,59;0,6;0.0;;;;;;;
7,1;1.711;1.711;0,59;0,6;0.0;;;;;;;
7,12;1.711;1.711;0,59;0,6;0.0;;;;;;;
7,14;1.711;1.711;0,59;0,6;0.0;;;;;;;
7,16;1.702;1.702;0,592;0,6;0.0;;;;;;;
7,18;1.705;1.705;0,592;0,6;0.0;;;;;;;
7,2;1.707;1.707;0,592;0,6;0.0;;;;;;;
7,22;1.709;1.709;0,592;0,6;0.0;;;;;;;
7,24;1.71;1.71;0,592;0,6;0.0;;;;;;;
7,26;1.711;1.711;0,592;0,6;0.0;;;;;;;
7,28;1.712;1.712;0,592;0,6;0.0;;;;;;;
7,3;1.712;1.712;0,592;0,6;0.0;;;;;;;
7,32;1.713;1.713;0,592;0,6;0.0;;;;;;;
7,34;1.713;1.713;0,592;0,6;0.0;;;;;;;
7,36;1.714;1.714;0,592;0,6;0.0;;;;;;;
7,38;1.714;1.714;0,592;0,6;0.0;;;;;;;
7,4;1.715;1.715;0,592;0,6;0.0;;;;;;;
7,42;1.715;1.715;0,592;0,6;0.0;;;;;;;
7,44;1.706;1.706;0,593;0,6;0.0;;;;;;;
7,46;1.709;1.709;0,593;0,6;0.0;;;;;;;
7,48;1.711;1.711;0,593;0,6;0.0;;;;;;;
7,5;1.713;1.713;0,593;0,6;0.0;;;;;;;
7,52;1.714;1.714;0,593;0,6;0.0;;;;;;;
7,54;1.715;1.715;0,593;0,6;0.0;;;;;;;
7,56;1.716;1.716;0,593;0,6;0.0;;;;;;;
7,58;1.717;1.717;0,593;0,6;0.0;;;;;;;
7,6;1.717;1.717;0,593;0,6;0.0;;;;;;;
7,62;1.718;1.718;0,593;0,6;0.0;;;;;;;
7,64;1.718;1.718;0,593;0,6;0.0;;;;;;;
7,66;1.71;1.71;0,595;0,6;0.0;;;;;;;
7,68;1.713;1.713;0,595;0,6;0.0;;;;;;;
7,7;1.715;1.715;0,595;0,6;0.0;;;;;;;
7,72;1.717;1.717;0,595;0,6;0.0;;;;;;;
7,74;1.718;1.718;0,595;0,6;0.0;;;;;;;
7,76;1.719;1.719;0,595;0,6;0.0;;;;;;;
7,78;1.72;1.72;0,595;0,6;0.0;;;;;;;
7,8;1.711;1.711;0,597;0,6;0.0;;;;;;;
7,82;1.714;1.714;0,597;0,6;0.0;;;;;;;
7,84;1.717;1.717;0,597;0,6;0.0;;;;;;;
7,86;1.718;1.718;0,597;0,6;0.0;;;;;;;
7,88;1.72;1.72;0,597;0,6;0.0;;;;;;;
7,9;1.721;1.721;0,597;0,6;0.0;;;;;;;
7,92;1.721;1.721;0,597;0,6;0.0;;;;;;;
7,94;1.713;1.713;0,599;0,6;0.0;;;;;;;
7,96;1.716;1.716;0,599;0,6;0.0;;;;;;;
7,98;1.718;1.718;0,599;0,6;0.0;;;;;;;
8;1.72;1.72;0,599;0,6;0.0;;;;;;;
8,02;1.721;1.721;0,599;0,6;0.0;;;;;;;
8,04;1.722;1.722;0,599;0,6;0.0;;;;;;;
8,06;1.723;1.723;0,599;0,6;0.0;;;;;;;
8,08;1.723;1.723;0,599;0,6;0.0;;;;;;;
8,1;1.724;1.724;0,599;0,6;0.0;;;;;;;
8,12;1.724;1.724;0,599;0,6;0.0;;;;;;;
8,14;1.724;1.724;0,599;0,6;0.0;;;;;;;
8,16;1.718;1.718;0,6;0,6;0.0;;;;;;;
8,18;1.72;1.72;0,6;0,6;0.0;;;;;;;
8,2;1.722;1.722;0,6;0,6;0.0;;;;;;;
8,22;1.723;1.723;0,6;0,6;0.0;;;;;;;
8,24;1.724;1.724;0,6;0,6;0.0;;;;;;;
8,26;1.724;1.724;0,6;0,6;0.0;;;;;;;
8,28;1.725;1.725;0,6;0,6;0.0;;;;;;;
8,3;1.725;1.725;0,6;0,6;0.0;;;;;;;
8,32;1.732;1.732;0,599;0,6;0.0;;;;;;;
8,34;1.73;1.73;0,599;0,6;0.0;;;;;;;
8,36;1.729;1.729;0,599;0,6;0.0;;;;;;;
8,38;1.728;1.728;0,599;0,6;0.0;;;;;;;
8,4;1.727;1.727;0,599;0,6;0.0;;;;;;;
8,42;1.726;1.726;0,599;0,6;0.0;;;;;;;
8,44;1.726;1.726;0,599;0,6;0.0;;;;;;;
8,46;1.726;1.726;0,599;0,6;0.0;;;;;;;
8,48;1.726;1.726;0,599;0,6;0.0;;;;;;;
8,5;1.726;1.726;0,599;0,6;0.0;;;;;;;
8,52;1.726;1.726;0,599;0,6;0.0;;;;;;;
8,54;1.735;1.735;0,597;0,6;0.0;;;;;;;
8,56;1.732;1.732;0,597;0,6;0.0;;;;;;;
8,58;1.73;1.73;0,597;0,6;0.0;;;;;;;
8,6;1.728;1.728;0,597;0,6;0.0;;;;;;;
8,62;1.727;1.727;0,597;0,6;0.0;;;;;;;
8,64;1.727;1.727;0,597;0,6;0.0;;;;;;;
8,66;1.726;1.726;0,597;0,6;0.0;;;;;;;
8,68;1.726;1.726;0,597;0,6;0.0;;;;;;;
8,7;1.726;1.726;0,597;0,6;0.0;;;;;;;
8,72;1.735;1.735;0,595;0,6;0.0;;;;;;;
8,74;1.732;1.732;0,595;0,6;0.0;;;;;;;
8,76;1.73;1.73;0,595;0,6;0.0;;;;;;;
8,78;1.728;1.728;0,595;0,6;0.0;;;;;;;
8,8;1.727;1.727;0,595;0,6;0.0;;;;;;;
8,82;1.727;1.727;0,595;0,6;0.0;;;;;;;
8,84;1.726;1.726;0,595;0,6;0.0;;;;;;;
8,86;1.726;1.726;0,595;0,6;0.0;;;;;;;
8,88;1.726;1.726;0,595;0,6;0.0;;;;;;;
8,9;1.726;1.726;0,595;0,6;0.0;;;;;;;
8,92;1.726;1.726;0,595;0,6;0.0;;;;;;;
8,94;1.726;1.726;0,595;0,6;0.0;;;;;;;
8,96;1.726;1.726;0,595;0,6;0.0;;;;;;;
8,98;1.726;1.726;0,595;0,6;0.0;;;;;;;
9;1.726;1.726;0,595;0,6;0.0;;;;;;;
9,02;1.717;1.717;0,597;0,6;0.0;;;;;;;
9,04;1.72;1.72;0,597;0,6;0.0;;;;;;;
9,06;1.722;1.722;0,597;0,6;0.0;;;;;;;
9,08;1.724;1.724;0,597;0,6;0.0;;;;;;;
9,1;1.725;1.725;0,597;0,6;0.0;;;;;;;
9,12;1.726;1.726;0,597;0,6;0.0;;;;;;;
9,14;1.727;1.727;0,597;0,6;0.0;;;;;;;
9,16;1.727;1.727;0,597;0,6;0.0;;;;;;;
9,18;1.718;1.718;0,599;0,6;0.0;;;;;;;
9,2;1.722;1.722;0,599;0,6;0.0;;;;;;;
9,22;1.724;1.724;0,599;0,6;0.0;;;;;;;
9,24;1.725;1.725;0,599;0,6;0.0;;;;;;;
9,26;1.727;1.727;0,599;0,6;0.0;;;;;;;
9,28;1.727;1.727;0,599;0,6;0.0;;;;;;;
9,3;1.728;1.728;0,599;0,6;0.0;;;;;;;
9,32;1.729;1.729;0,599;0,6;0.0;;;;;;;
9,34;1.729;1.729;0,599;0,6;0.0;;;;;;;
9,36;1.729;1.729;0,599;0,6;0.0;;;;;;;
9,38;1.729;1.729;0,599;0,6;0.0;;;;;;;
9,4;1.73;1.73;0,599;0,6;0.0;;;;;;;
9,42;1.73;1.73;0,599;0,6;0.0;;;;;;;
9,44;1.73;1.73;0,599;0,6;0.0;;;;;;;
9,46;1.73;1.73;0,599;0,6;0.0;;;;;;;
9,48;1.73;1.73;0,599;0,6;0.0;;;;;;;
9,5;1.73;1.73;0,599;0,6;0.0;;;;;;;
9,52;1.73;1.73;0,599;0,6;0.0;;;;;;;
9,54;1.73;1.73;0,599;0,6;0.0;;;;;;;
9,56;1.73;1.73;0,599;0,6;0.0;;;;;;;
9,58;1.73;1.73;0,599;0,6;0.0;;;;;;;
9,6;1.73;1.73;0,599;0,6;0.0;;;;;;;
9,62;1.73;1.73;0,599;0,6;0.0;;;;;;;
9,64;1.73;1.73;0,599;0,6;0.0;;;;;;;
9,66;1.731;1.731;0,599;0,6;0.0;;;;;;;
9,68;1.731;1.731;0,599;0,6;0.0;;;;;;;
9,7;1.731;1.731;0,599;0,6;0.0;;;;;;;
9,72;1.731;1.731;0,599;0,6;0.0;;;;;;;
9,74;1.731;1.731;0,599;0,6;0.0;;;;;;;
9,76;1.731;1.731;0,599;0,6;0.0;;;;;;;
9,78;1.731;1.731;0,599;0,6;0.0;;;;;;;
9,8;1.731;1.731;0,599;0,6;0.0;;;;;;;
9,82;1.731;1.731;0,599;0,6;0.0;;;;;;;
9,84;1.731;1.731;0,599;0,6;0.0;;;;;;;
9,86;1.731;1.731;0,599;0,6;0.0;;;;;;;
9,88;1.731;1.731;0,599;0,6;0.0;;;;;;;
9,9;1.731;1.731;0,599;0,6;0.0;;;;;;;
9,92;1.731;1.731;0,599;0,6;0.0;;;;;;;
9,94;1.731;1.731;0,599;0,6;0.0;;;;;;;
9,96;1.731;1.731;0,599;0,6;0.0;;;;;;;
9,98;1.74;1.74;0,597;0,6;0.0;;;;;;;
10;1.738;1.738;0,597;0,6;0.0;;;;;;;
10,02;1.736;1.736;0,597;0,6;0.0;;;;;;;
10,04;1.934;1.734;0,597;0,6;0.2;;;;;;;
10,06;1.933;1.733;0,597;0,6;0.2;;;;;;;
10,08;1.924;1.724;0,599;0,6;0.2;;;;;;;
10,1;1.926;1.726;0,599;0,6;0.2;;;;;;;
10,12;1.928;1.728;0,599;0,6;0.2;;;;;;;
10,14;1.922;1.722;0,6;0,6;0.2;;;;;;;
10,16;1.914;1.714;0,602;0,6;0.2;;;;;;;
10,18;1.91;1.71;0,604;0,6;0.2;;;;;;;
10,2;1.908;1.708;0,606;0,6;0.2;;;;;;;
10,22;1.898;1.698;0,609;0,6;0.2;;;;;;;
10,24;1.891;1.691;0,613;0,6;0.2;;;;;;;
10,26;1.886;1.686;0,616;0,6;0.2;;;;;;;
10,28;1.883;1.683;0,62;0,6;0.2;;;;;;;
10,3;1.872;1.672;0,625;0,6;0.2;;;;;;;
10,32;1.865;1.665;0,63;0,6;0.2;;;;;;;
10,34;1.86;1.66;0,635;0,6;0.2;;;;;;;
10,36;1.858;1.658;0,641;0,6;0.2;;;;;;;
10,38;1.856;1.656;0,646;0,6;0.2;;;;;;;
10,4;1.855;1.655;0,651;0,6;0.2;;;;;;;
10,42;1.855;1.655;0,656;0,6;0.2;;;;;;;
10,44;1.856;1.656;0,661;0,6;0.2;;;;;;;
10,46;1.847;1.647;0,668;0,6;0.2;;;;;;;
10,48;1.85;1.65;0,674;0,6;0.2;;;;;;;
10,5;1.853;1.653;0,679;0,6;0.2;;;;;;;
10,52;1.855;1.655;0,684;0,6;0.2;;;;;;;
10,54;1.857;1.657;0,689;0,6;0.2;;;;;;;
10,56;1.858;1.658;0,695;0,6;0.2;;;;;;;
10,58;1.859;1.659;0,7;0,6;0.2;;;;;;;
10,6;1.868;1.668;0,703;0,6;0.2;;;;;;;
10,62;1.866;1.666;0,709;0,6;0.2;;;;;;;
10,64;1.873;1.673;0,712;0,6;0.2;;;;;;;
10,66;1.878;1.678;0,716;0,6;0.2;;;;;;;
10,68;1.881;1.681;0,719;0,6;0.2;;;;;;;
10,7;1.891;1.691;0,721;0,6;0.2;;;;;;;
10,72;1.889;1.689;0,724;0,6;0.2;;;;;;;
10,74;1.896;1.696;0,726;0,6;0.2;;;;;;;
10,76;1.9;1.7;0,728;0,6;0.2;;;;;;;
10,78;1.902;1.702;0,73;0,6;0.2;;;;;;;
10,8;1.912;1.712;0,73;0,6;0.2;;;;;;;
10,82;1.909;1.709;0,731;0,6;0.2;;;;;;;
10,84;1.915;1.715;0,731;0,6;0.2;;;;;;;
10,86;1.918;1.718;0,731;0,6;0.2;;;;;;;
10,88;1.919;1.719;0,731;0,6;0.2;;;;;;;
10,9;1.918;1.718;0,731;0,6;0.2;;;;;;;
10,92;1.926;1.726;0,73;0,6;0.2;;;;;;;
10,94;1.92;1.72;0,73;0,6;0.2;;;;;;;
10,96;1.925;1.725;0,728;0,6;0.2;;;;;;;
10,98;1.917;1.717;0,728;0,6;0.2;;;;;;;
11;1.92;1.72;0,726;0,6;0.2;;;;;;;
11,02;1.92;1.72;0,724;0,6;0.2;;;;;;;
11,04;1.919;1.719;0,723;0,6;0.2;;;;;;;
11,06;1.925;1.725;0,719;0,6;0.2;;;;;;;
11,08;1.92;1.72;0,717;0,6;0.2;;;;;;;
11,1;1.914;1.714;0,716;0,6;0.2;;;;;;;
11,12;1.918;1.718;0,712;0,6;0.2;;;;;;;
11,14;1.91;1.71;0,71;0,6;0.2;;;;;;;
11,16;1.912;1.712;0,707;0,6;0.2;;;;;;;
11,18;1.912;1.712;0,703;0,6;0.2;;;;;;;
11,2;1.901;1.701;0,702;0,6;0.2;;;;;;;
11,22;1.901;1.701;0,698;0,6;0.2;;;;;;;
11,24;1.9;1.7;0,695;0,6;0.2;;;;;;;
11,26;1.888;1.688;0,693;0,6;0.2;;;;;;;
11,28;1.888;1.688;0,689;0,6;0.2;;;;;;;
11,3;1.886;1.686;0,686;0,6;0.2;;;;;;;
11,32;1.883;1.683;0,682;0,6;0.2;;;;;;;
11,34;1.871;1.671;0,681;0,6;0.2;;;;;;;
11,36;1.87;1.67;0,677;0,6;0.2;;;;;;;
11,38;1.868;1.668;0,674;0,6;0.2;;;;;;;
11,4;1.866;1.666;0,67;0,6;0.2;;;;;;;
11,42;1.863;1.663;0,667;0,6;0.2;;;;;;;
11,44;1.85;1.65;0,665;0,6;0.2;;;;;;;
11,46;1.849;1.649;0,661;0,6;0.2;;;;;;;
11,48;1.848;1.648;0,658;0,6;0.2;;;;;;;
11,5;1.845;1.645;0,654;0,6;0.2;;;;;;;
11,52;1.842;1.642;0,651;0,6;0.2;;;;;;;
11,54;1.83;1.63;0,649;0,6;0.2;;;;;;;
11,56;1.83;1.63;0,646;0,6;0.2;;;;;;;
11,58;1.819;1.619;0,644;0,6;0.2;;;;;;;
11,6;1.82;1.62;0,641;0,6;0.2;;;;;;;
11,62;1.82;1.62;0,637;0,6;0.2;;;;;;;
11,64;1.81;1.61;0,635;0,6;0.2;;;;;;;
11,66;1.811;1.611;0,632;0,6;0.2;;;;;;;
11,68;1.802;1.602;0,63;0,6;0.2;;;;;;;
11,7;1.794;1.594;0,628;0,6;0.2;;;;;;;
11,72;1.798;1.598;0,625;0,6;0.2;;;;;;;
11,74;1.79;1.59;0,623;0,6;0.2;;;;;;;
11,76;1.784;1.584;0,621;0,6;0.2;;;;;;;
11,78;1.78;1.58;0,62;0,6;0.2;;;;;;;
11,8;1.776;1.576;0,618;0,6;0.2;;;;;;;
11,82;1.772;1.572;0,616;0,6;0.2;;;;;;;
11,84;1.77;1.57;0,614;0,6;0.2;;;;;;;
11,86;1.776;1.576;0,611;0,6;0.2;;;;;;;
11,88;1.762;1.562;0,611;0,6;0.2;;;;;;;
11,9;1.761;1.561;0,609;0,6;0.2;;;;;;;
11,92;1.76;1.56;0,607;0,6;0.2;;;;;;;
11,94;1.759;1.559;0,606;0,6;0.2;;;;;;;
11,96;1.757;1.557;0,604;0,6;0.2;;;;;;;
11,98;1.756;1.556;0,602;0,6;0.2;;;;;;;
12;1.746;1.546;0,602;0,6;0.2;;;;;;;
12,02;1.75;1.55;0,6;0,6;0.2;;;;;;;
12,04;1.741;1.541;0,6;0,6;0.2;;;;;;;
12,06;1.741;1.541;0,599;0,6;0.2;;;;;;;
12,08;1.735;1.535;0,599;0,6;0.2;;;;;;;
12,1;1.739;1.539;0,597;0,6;0.2;;;;;;;
12,12;1.732;1.532;0,597;0,6;0.2;;;;;;;
12,14;1.737;1.537;0,595;0,6;0.2;;;;;;;
12,16;1.731;1.531;0,595;0,6;0.2;;;;;;;
12,18;1.736;1.536;0,593;0,6;0.2;;;;;;;
12,2;1.73;1.53;0,593;0,6;0.2;;;;;;;
12,22;1.726;1.526;0,593;0,6;0.2;;;;;;;
12,24;1.732;1.532;0,592;0,6;0.2;;;;;;;
12,26;1.727;1.527;0,592;0,6;0.2;;;;;;;
12,28;1.723;1.523;0,592;0,6;0.2;;;;;;;
12,3;1.721;1.521;0,592;0,6;0.2;;;;;;;
12,32;1.728;1.528;0,59;0,6;0.2;;;;;;;
12,34;1.725;1.525;0,59;0,6;0.2;;;;;;;
12,36;1.722;1.522;0,59;0,6;0.2;;;;;;;
12,38;1.72;1.52;0,59;0,6;0.2;;;;;;;
12,4;1.719;1.519;0,59;0,6;0.2;;;;;;;
12,42;1.718;1.518;0,59;0,6;0.2;;;;;;;
12,44;1.717;1.517;0,59;0,6;0.2;;;;;;;
12,46;1.717;1.517;0,59;0,6;0.2;;;;;;;
12,48;1.717;1.517;0,59;0,6;0.2;;;;;;;
12,5;1.717;1.517;0,59;0,6;0.2;;;;;;;
12,52;1.717;1.517;0,59;0,6;0.2;;;;;;;
12,54;1.717;1.517;0,59;0,6;0.2;;;;;;;
12,56;1.717;1.517;0,59;0,6;0.2;;;;;;;
12,58;1.718;1.518;0,59;0,6;0.2;;;;;;;
12,6;1.718;1.518;0,59;0,6;0.2;;;;;;;
12,62;1.718;1.518;0,59;0,6;0.2;;;;;;;
12,64;1.719;1.519;0,59;0,6;0.2;;;;;;;
12,66;1.719;1.519;0,59;0,6;0.2;;;;;;;
12,68;1.71;1.51;0,592;0,6;0.2;;;;;;;
12,7;1.713;1.513;0,592;0,6;0.2;;;;;;;
12,72;1.715;1.515;0,592;0,6;0.2;;;;;;;
12,74;1.717;1.517;0,592;0,6;0.2;;;;;;;
12,76;1.719;1.519;0,592;0,6;0.2;;;;;;;
12,78;1.711;1.511;0,593;0,6;0.2;;;;;;;
12,8;1.714;1.514;0,593;0,6;0.2;;;;;;;
12,82;1.717;1.517;0,593;0,6;0.2;;;;;;;
12,84;1.719;1.519;0,593;0,6;0.2;;;;;;;
12,86;1.711;1.511;0,595;0,6;0.2;;;;;;;
12,88;1.715;1.515;0,595;0,6;0.2;;;;;;;
12,9;1.718;1.518;0,595;0,6;0.2;;;;;;;
12,92;1.72;1.52;0,595;0,6;0.2;;;;;;;
12,94;1.722;1.522;0,595;0,6;0.2;;;;;;;
12,96;1.714;1.514;0,597;0,6;0.2;;;;;;;
12,98;1.718;1.518;0,597;0,6;0.2;;;;;;;
13;1.72;1.52;0,597;0,6;0.2;;;;;;;
13,02;1.722;1.522;0,597;0,6;0.2;;;;;;;
13,04;1.724;1.524;0,597;0,6;0.2;;;;;;;
13,06;1.725;1.525;0,597;0,6;0.2;;;;;;;
13,08;1.717;1.517;0,599;0,6;0.2;;;;;;;
13,1;1.72;1.52;0,599;0,6;0.2;;;;;;;
13,12;1.722;1.522;0,599;0,6;0.2;;;;;;;
13,14;1.724;1.524;0,599;0,6;0.2;;;;;;;
13,16;1.726;1.526;0,599;0,6;0.2;;;;;;;
13,18;1.727;1.527;0,599;0,6;0.2;;;;;;;
13,2;1.727;1.527;0,599;0,6;0.2;;;;;;;
13,22;1.728;1.528;0,599;0,6;0.2;;;;;;;
13,24;1.721;1.521;0,6;0,6;0.2;;;;;;;
13,26;1.724;1.524;0,6;0,6;0.2;;;;;;;
13,28;1.726;1.526;0,6;0,6;0.2;;;;;;;
13,3;1.727;1.527;0,6;0,6;0.2;;;;;;;
13,32;1.728;1.528;0,6;0,6;0.2;;;;;;;
13,34;1.729;1.529;0,6;0,6;0.2;;;;;;;
13,36;1.729;1.529;0,6;0,6;0.2;;;;;;;
13,38;1.729;1.529;0,6;0,6;0.2;;;;;;;
13,4;1.73;1.53;0,6;0,6;0.2;;;;;;;
13,42;1.73;1.53;0,6;0,6;0.2;;;;;;;
13,44;1.73;1.53;0,6;0,6;0.2;;;;;;;
13,46;1.73;1.53;0,6;0,6;0.2;;;;;;;
13,48;1.73;1.53;0,6;0,6;0.2;;;;;;;
13,5;1.73;1.53;0,6;0,6;0.2;;;;;;;
13,52;1.737;1.537;0,599;0,6;0.2;;;;;;;
13,54;1.735;1.535;0,599;0,6;0.2;;;;;;;
13,56;1.733;1.533;0,599;0,6;0.2;;;;;;;
13,58;1.732;1.532;0,599;0,6;0.2;;;;;;;
13,6;1.731;1.531;0,599;0,6;0.2;;;;;;;
13,62;1.731;1.531;0,599;0,6;0.2;;;;;;;
13,64;1.73;1.53;0,599;0,6;0.2;;;;;;;
13,66;1.73;1.53;0,599;0,6;0.2;;;;;;;
13,68;1.73;1.53;0,599;0,6;0.2;;;;;;;
13,7;1.73;1.53;0,599;0,6;0.2;;;;;;;
13,72;1.73;1.53;0,599;0,6;0.2;;;;;;;
13,74;1.73;1.53;0,599;0,6;0.2;;;;;;;
13,76;1.739;1.539;0,597;0,6;0.2;;;;;;;
13,78;1.736;1.536;0,597;0,6;0.2;;;;;;;
13,8;1.734;1.534;0,597;0,6;0.2;;;;;;;
13,82;1.733;1.533;0,597;0,6;0.2;;;;;;;
13,84;1.732;1.532;0,597;0,6;0.2;;;;;;;
13,86;1.731;1.531;0,597;0,6;0.2;;;;;;;
13,88;1.731;1.531;0,597;0,6;0.2;;;;;;;
13,9;1.73;1.53;0,597;0,6;0.2;;;;;;;
13,92;1.73;1.53;0,597;0,6;0.2;;;;;;;
13,94;1.73;1.53;0,597;0,6;0.2;;;;;;;
13,96;1.739;1.539;0,595;0,6;0.2;;;;;;;
13,98;1.736;1.536;0,595;0,6;0.2;;;;;;;
14;1.734;1.534;0,595;0,6;0.2;;;;;;;
14,02;1.733;1.533;0,595;0,6;0.2;;;;;;;
14,04;1.732;1.532;0,595;0,6;0.2;;;;;;;
14,06;1.731;1.531;0,595;0,6;0.2;;;;;;;
14,08;1.731;1.531;0,595;0,6;0.2;;;;;;;
14,1;1.731;1.531;0,595;0,6;0.2;;;;;;;
14,12;1.73;1.53;0,595;0,6;0.2;;;;;;;
14,14;1.73;1.53;0,595;0,6;0.2;;;;;;;
14,16;1.73;1.53;0,595;0,6;0.2;;;;;;;
14,18;1.73;1.53;0,595;0,6;0.2;;;;;;;
14,2;1.73;1.53;0,595;0,6;0.2;;;;;;;
14,22;1.74;1.54;0,593;0,6;0.2;;;;;;;
14,24;1.737;1.537;0,593;0,6;0.2;;;;;;;
14,26;1.735;1.535;0,593;0,6;0.2;;;;;;;
14,28;1.734;1.534;0,593;0,6;0.2;;;;;;;
14,3;1.733;1.533;0,593;0,6;0.2;;;;;;;
14,32;1.732;1.532;0,593;0,6;0.2;;;;;;;
14,34;1.732;1.532;0,593;0,6;0.2;;;;;;;
14,36;1.732;1.532;0,593;0,6;0.2;;;;;;;
14,38;1.732;1.532;0,593;0,6;0.2;;;;;;;
14,4;1.723;1.523;0,595;0,6;0.2;;;;;;;
14,42;1.725;1.525;0,595;0,6;0.2;;;;;;;
14,44;1.728;1.528;0,595;0,6;0.2;;;;;;;
14,46;1.729;1.529;0,595;0,6;0.2;;;;;;;
14,48;1.73;1.53;0,595;0,6;0.2;;;;;;;
14,5;1.731;1.531;0,595;0,6;0.2;;;;;;;
14,52;1.732;1.532;0,595;0,6;0.2;;;;;;;
14,54;1.732;1.532;0,595;0,6;0.2;;;;;;;
14,56;1.733;1.533;0,595;0,6;0.2;;;;;;;
14,58;1.733;1.533;0,595;0,6;0.2;;;;;;;
14,6;1.725;1.525;0,597;0,6;0.2;;;;;;;
14,62;1.728;1.528;0,597;0,6;0.2;;;;;;;
14,64;1.73;1.53;0,597;0,6;0.2;;;;;;;
14,66;1.731;1.531;0,597;0,6;0.2;;;;;;;
14,68;1.733;1.533;0,597;0,6;0.2;;;;;;;
14,7;1.734;1.534;0,597;0,6;0.2;;;;;;;
14,72;1.734;1.534;0,597;0,6;0.2;;;;;;;
14,74;1.726;1.526;0,599;0,6;0.2;;;;;;;
14,76;1.729;1.529;0,599;0,6;0.2;;;;;;;
14,78;1.731;1.531;0,599;0,6;0.2;;;;;;;
14,8;1.733;1.533;0,599;0,6;0.2;;;;;;;
14,82;1.734;1.534;0,599;0,6;0.2;;;;;;;
14,84;1.735;1.535;0,599;0,6;0.2;;;;;;;
14,86;1.736;1.536;0,599;0,6;0.2;;;;;;;
14,88;1.736;1.536;0,599;0,6;0.2;;;;;;;
14,9;1.737;1.537;0,599;0,6;0.2;;;;;;;
14,92;1.737;1.537;0,599;0,6;0.2;;;;;;;
14,94;1.737;1.537;0,599;0,6;0.2;;;;;;;
14,96;1.737;1.537;0,599;0,6;0.2;;;;;;;
14,98;1.737;1.537;0,599;0,6;0.2;;;;;;;
15;1.737;1.537;0,599;0,6;0.2;;;;;;;
15,02;1.738;1.538;0,599;0,6;0.2;;;;;;;
15,04;1.738;1.538;0,599;0,6;0.2;;;;;;;
15,06;1.738;1.538;0,599;0,6;0.2;;;;;;;
15,08;1.747;1.547;0,597;0,6;0.2;;;;;;;
15,1;1.744;1.544;0,597;0,6;0.2;;;;;;;
15,12;1.742;1.542;0,597;0,6;0.2;;;;;;;
15,14;1.741;1.541;0,597;0,6;0.2;;;;;;;
15,16;1.74;1.54;0,597;0,6;0.2;;;;;;;
15,18;1.739;1.539;0,597;0,6;0.2;;;;;;;
15,2;1.739;1.539;0,597;0,6;0.2;;;;;;;
15,22;1.738;1.538;0,597;0,6;0.2;;;;;;;
15,24;1.738;1.538;0,597;0,6;0.2;;;;;;;
15,26;1.738;1.538;0,597;0,6;0.2;;;;;;;
15,28;1.738;1.538;0,597;0,6;0.2;;;;;;;
15,3;1.738;1.538;0,597;0,6;0.2;;;;;;;
15,32;1.738;1.538;0,597;0,6;0.2;;;;;;;
15,34;1.747;1.547;0,595;0,6;0.2;;;;;;;
15,36;1.744;1.544;0,595;0,6;0.2;;;;;;;
15,38;1.743;1.543;0,595;0,6;0.2;;;;;;;
15,4;1.741;1.541;0,595;0,6;0.2;;;;;;;
15,42;1.74;1.54;0,595;0,6;0.2;;;;;;;
15,44;1.731;1.531;0,597;0,6;0.2;;;;;;;
15,46;1.733;1.533;0,597;0,6;0.2;;;;;;;
15,48;1.735;1.535;0,597;0,6;0.2;;;;;;;
15,5;1.736;1.536;0,597;0,6;0.2;;;;;;;
15,52;1.737;1.537;0,597;0,6;0.2;;;;;;;
15,54;1.738;1.538;0,597;0,6;0.2;;;;;;;
15,56;1.738;1.538;0,597;0,6;0.2;;;;;;;
15,58;1.739;1.539;0,597;0,6;0.2;;;;;;;
15,6;1.739;1.539;0,597;0,6;0.2;;;;;;;
15,62;1.739;1.539;0,597;0,6;0.2;;;;;;;
15,64;1.739;1.539;0,597;0,6;0.2;;;;;;;
15,66;1.74;1.54;0,597;0,6;0.2;;;;;;;
15,68;1.74;1.54;0,597;0,6;0.2;;;;;;;
15,7;1.74;1.54;0,597;0,6;0.2;;;;;;;
15,72;1.74;1.54;0,597;0,6;0.2;;;;;;;
15,74;1.74;1.54;0,597;0,6;0.2;;;;;;;
15,76;1.74;1.54;0,597;0,6;0.2;;;;;;;
15,78;1.74;1.54;0,597;0,6;0.2;;;;;;;
15,8;1.741;1.541;0,597;0,6;0.2;;;;;;;
15,82;1.741;1.541;0,597;0,6;0.2;;;;;;;
15,84;1.741;1.541;0,597;0,6;0.2;;;;;;;
15,86;1.741;1.541;0,597;0,6;0.2;;;;;;;
15,88;1.741;1.541;0,597;0,6;0.2;;;;;;;
15,9;1.741;1.541;0,597;0,6;0.2;;;;;;;
15,92;1.741;1.541;0,597;0,6;0.2;;;;;;;
15,94;1.741;1.541;0,597;0,6;0.2;;;;;;;
15,96;1.741;1.541;0,597;0,6;0.2;;;;;;;
15,98;1.742;1.542;0,597;0,6;0.2;;;;;;;
16;1.742;1.542;0,597;0,6;0.2;;;;;;;
16,02;1.742;1.542;0,597;0,6;0.2;;;;;;;
16,04;1.751;1.551;0,595;0,6;0.2;;;;;;;
16,06;1.748;1.548;0,595;0,6;0.2;;;;;;;
16,08;1.746;1.546;0,595;0,6;0.2;;;;;;;
16,1;1.745;1.545;0,595;0,6;0.2;;;;;;;
16,12;1.744;1.544;0,595;0,6;0.2;;;;;;;
16,14;1.743;1.543;0,595;0,6;0.2;;;;;;;
16,16;1.734;1.534;0,597;0,6;0.2;;;;;;;
16,18;1.737;1.537;0,597;0,6;0.2;;;;;;;
16,2;1.738;1.538;0,597;0,6;0.2;;;;;;;
16,22;1.74;1.54;0,597;0,6;0.2;;;;;;;
16,24;1.741;1.541;0,597;0,6;0.2;;;;;;;
16,26;1.742;1.542;0,597;0,6;0.2;;;;;;;
16,28;1.742;1.542;0,597;0,6;0.2;;;;;;;
16,3;1.734;1.534;0,599;0,6;0.2;;;;;;;
16,32;1.737;1.537;0,599;0,6;0.2;;;;;;;
16,34;1.739;1.539;0,599;0,6;0.2;;;;;;;
16,36;1.741;1.541;0,599;0,6;0.2;;;;;;;
16,38;1.742;1.542;0,599;0,6;0.2;;;;;;;
16,4;1.743;1.543;0,599;0,6;0.2;;;;;;;
16,42;1.743;1.543;0,599;0,6;0.2;;;;;;;
16,44;1.744;1.544;0,599;0,6;0.2;;;;;;;
16,46;1.744;1.544;0,599;0,6;0.2;;;;;;;
16,48;1.744;1.544;0,599;0,6;0.2;;;;;;;
16,5;1.745;1.545;0,599;0,6;0.2;;;;;;;
16,52;1.738;1.538;0,6;0,6;0.2;;;;;;;
16,54;1.74;1.54;0,6;0,6;0.2;;;;;;;
16,56;1.742;1.542;0,6;0,6;0.2;;;;;;;
16,58;1.743;1.543;0,6;0,6;0.2;;;;;;;
16,6;1.744;1.544;0,6;0,6;0.2;;;;;;;
16,62;1.745;1.545;0,6;0,6;0.2;;;;;;;
16,64;1.745;1.545;0,6;0,6;0.2;;;;;;;
16,66;1.746;1.546;0,6;0,6;0.2;;;;;;;
16,68;1.746;1.546;0,6;0,6;0.2;;;;;;;
16,7;1.746;1.546;0,6;0,6;0.2;;;;;;;
16,72;1.746;1.546;0,6;0,6;0.2;;;;;;;
16,74;1.746;1.546;0,6;0,6;0.2;;;;;;;
16,76;1.746;1.546;0,6;0,6;0.2;;;;;;;
16,78;1.746;1.546;0,6;0,6;0.2;;;;;;;
16,8;1.746;1.546;0,6;0,6;0.2;;;;;;;
16,82;1.746;1.546;0,6;0,6;0.2;;;;;;;
16,84;1.746;1.546;0,6;0,6;0.2;;;;;;;
16,86;1.735;1.535;0,602;0,6;0.2;;;;;;;
16,88;1.738;1.538;0,602;0,6;0.2;;;;;;;
16,9;1.741;1.541;0,602;0,6;0.2;;;;;;;
16,92;1.743;1.543;0,602;0,6;0.2;;;;;;;
16,94;1.735;1.535;0,604;0,6;0.2;;;;;;;
16,96;1.738;1.538;0,604;0,6;0.2;;;;;;;
16,98;1.741;1.541;0,604;0,6;0.2;;;;;;;
17;1.743;1.543;0,604;0,6;0.2;;;;;;;
17,02;1.735;1.535;0,606;0,6;0.2;;;;;;;
17,04;1.739;1.539;0,606;0,6;0.2;;;;;;;
17,06;1.741;1.541;0,606;0,6;0.2;;;;;;;
17,08;1.743;1.543;0,606;0,6;0.2;;;;;;;
17,1;1.745;1.545;0,606;0,6;0.2;;;;;;;
17,12;1.745;1.545;0,606;0,6;0.2;;;;;;;
17,14;1.746;1.546;0,606;0,6;0.2;;;;;;;
17,16;1.746;1.546;0,606;0,6;0.2;;;;;;;
17,18;1.747;1.547;0,606;0,6;0.2;;;;;;;
17,2;1.747;1.547;0,606;0,6;0.2;;;;;;;
17,22;1.747;1.547;0,606;0,6;0.2;;;;;;;
17,24;1.747;1.547;0,606;0,6;0.2;;;;;;;
17,26;1.747;1.547;0,606;0,6;0.2;;;;;;;
17,28;1.747;1.547;0,606;0,6;0.2;;;;;;;
17,3;1.746;1.546;0,606;0,6;0.2;;;;;;;
17,32;1.746;1.546;0,606;0,6;0.2;;;;;;;
17,34;1.746;1.546;0,606;0,6;0.2;;;;;;;
17,36;1.746;1.546;0,606;0,6;0.2;;;;;;;
17,38;1.746;1.546;0,606;0,6;0.2;;;;;;;
17,4;1.746;1.546;0,606;0,6;0.2;;;;;;;
17,42;1.745;1.545;0,606;0,6;0.2;;;;;;;
17,44;1.745;1.545;0,606;0,6;0.2;;;;;;;
17,46;1.745;1.545;0,606;0,6;0.2;;;;;;;
17,48;1.745;1.545;0,606;0,6;0.2;;;;;;;
17,5;1.745;1.545;0,606;0,6;0.2;;;;;;;
17,52;1.745;1.545;0,606;0,6;0.2;;;;;;;
17,54;1.744;1.544;0,606;0,6;0.2;;;;;;;
17,56;1.744;1.544;0,606;0,6;0.2;;;;;;;
17,58;1.744;1.544;0,606;0,6;0.2;;;;;;;
17,6;1.744;1.544;0,606;0,6;0.2;;;;;;;
17,62;1.744;1.544;0,606;0,6;0.2;;;;;;;
17,64;1.743;1.543;0,606;0,6;0.2;;;;;;;
17,66;1.743;1.543;0,606;0,6;0.2;;;;;;;
17,68;1.743;1.543;0,606;0,6;0.2;;;;;;;
17,7;1.743;1.543;0,606;0,6;0.2;;;;;;;
17,72;1.743;1.543;0,606;0,6;0.2;;;;;;;
17,74;1.742;1.542;0,606;0,6;0.2;;;;;;;
17,76;1.742;1.542;0,606;0,6;0.2;;;;;;;
17,78;1.742;1.542;0,606;0,6;0.2;;;;;;;
17,8;1.742;1.542;0,606;0,6;0.2;;;;;;;
17,82;1.742;1.542;0,606;0,6;0.2;;;;;;;
17,84;1.742;1.542;0,606;0,6;0.2;;;;;;;
17,86;1.741;1.541;0,606;0,6;0.2;;;;;;;
17,88;1.75;1.55;0,604;0,6;0.2;;;;;;;
17,9;1.747;1.547;0,604;0,6;0.2;;;;;;;
17,92;1.745;1.545;0,604;0,6;0.2;;;;;;;
17,94;1.743;1.543;0,604;0,6;0.2;;;;;;;
17,96;1.751;1.551;0,602;0,6;0.2;;;;;;;
17,98;1.748;1.548;0,602;0,6;0.2;;;;;;;
18;1.745;1.545;0,602;0,6;0.2;;;;;;;
18,02;1.743;1.543;0,602;0,6;0.2;;;;;;;
18,04;1.753;1.553;0,6;0,6;0.2;;;;;;;
18,06;1.748;1.548;0,6;0,6;0.2;;;;;;;
18,08;1.745;1.545;0,6;0,6;0.2;;;;;;;
18,1;1.743;1.543;0,6;0,6;0.2;;;;;;;
18,12;1.748;1.548;0,599;0,6;0.2;;;;;;;
18,14;1.745;1.545;0,599;0,6;0.2;;;;;;;
18,16;1.742;1.542;0,599;0,6;0.2;;;;;;;
18,18;1.74;1.54;0,599;0,6;0.2;;;;;;;
18,2;1.739;1.539;0,599;0,6;0.2;;;;;;;
18,22;1.738;1.538;0,599;0,6;0.2;;;;;;;
18,24;1.738;1.538;0,599;0,6;0.2;;;;;;;
18,26;1.737;1.537;0,599;0,6;0.2;;;;;;;
18,28;1.746;1.546;0,597;0,6;0.2;;;;;;;
18,3;1.743;1.543;0,597;0,6;0.2;;;;;;;
18,32;1.741;1.541;0,597;0,6;0.2;;;;;;;
18,34;1.739;1.539;0,597;0,6;0.2;;;;;;;
18,36;1.738;1.538;0,597;0,6;0.2;;;;;;;
18,38;1.737;1.537;0,597;0,6;0.2;;;;;;;
18,4;1.737;1.537;0,597;0,6;0.2;;;;;;;
18,42;1.737;1.537;0,597;0,6;0.2;;;;;;;
18,44;1.745;1.545;0,595;0,6;0.2;;;;;;;
18,46;1.743;1.543;0,595;0,6;0.2;;;;;;;
18,48;1.74;1.54;0,595;0,6;0.2;;;;;;;
18,5;1.739;1.539;0,595;0,6;0.2;;;;;;;
18,52;1.738;1.538;0,595;0,6;0.2;;;;;;;
18,54;1.737;1.537;0,595;0,6;0.2;;;;;;;
18,56;1.737;1.537;0,595;0,6;0.2;;;;;;;
18,58;1.737;1.537;0,595;0,6;0.2;;;;;;;
18,6;1.736;1.536;0,595;0,6;0.2;;;;;;;
18,62;1.745;1.545;0,593;0,6;0.2;;;;;;;
18,64;1.743;1.543;0,593;0,6;0.2;;;;;;;
18,66;1.741;1.541;0,593;0,6;0.2;;;;;;;
18,68;1.739;1.539;0,593;0,6;0.2;;;;;;;
18,7;1.738;1.538;0,593;0,6;0.2;;;;;;;
18,72;1.738;1.538;0,593;0,6;0.2;;;;;;;
18,74;1.737;1.537;0,593;0,6;0.2;;;;;;;
18,76;1.737;1.537;0,593;0,6;0.2;;;;;;;
18,78;1.737;1.537;0,593;0,6;0.2;;;;;;;
18,8;1.737;1.537;0,593;0,6;0.2;;;;;;;
18,82;1.737;1.537;0,593;0,6;0.2;;;;;;;
18,84;1.746;1.546;0,592;0,6;0.2;;;;;;;
18,86;1.744;1.544;0,592;0,6;0.2;;;;;;;
18,88;1.742;1.542;0,592;0,6;0.2;;;;;;;
18,9;1.741;1.541;0,592;0,6;0.2;;;;;;;
18,92;1.74;1.54;0,592;0,6;0.2;;;;;;;
18,94;1.739;1.539;0,592;0,6;0.2;;;;;;;
18,96;1.739;1.539;0,592;0,6;0.2;;;;;;;
18,98;1.739;1.539;0,592;0,6;0.2;;;;;;;
19;1.739;1.539;0,592;0,6;0.2;;;;;;;
19,02;1.739;1.539;0,592;0,6;0.2;;;;;;;
19,04;1.739;1.539;0,592;0,6;0.2;;;;;;;
19,06;1.739;1.539;0,592;0,6;0.2;;;;;;;
19,08;1.73;1.53;0,593;0,6;0.2;;;;;;;
19,1;1.733;1.533;0,593;0,6;0.2;;;;;;;
19,12;1.736;1.536;0,593;0,6;0.2;;;;;;;
19,14;1.737;1.537;0,593;0,6;0.2;;;;;;;
19,16;1.738;1.538;0,593;0,6;0.2;;;;;;;
19,18;1.739;1.539;0,593;0,6;0.2;;;;;;;
19,2;1.74;1.54;0,593;0,6;0.2;;;;;;;
19,22;1.741;1.541;0,593;0,6;0.2;;;;;;;
19,24;1.741;1.541;0,593;0,6;0.2;;;;;;;
19,26;1.742;1.542;0,593;0,6;0.2;;;;;;;
19,28;1.742;1.542;0,593;0,6;0.2;;;;;;;
19,3;1.742;1.542;0,593;0,6;0.2;;;;;;;
19,32;1.743;1.543;0,593;0,6;0.2;;;;;;;
19,34;1.743;1.543;0,593;0,6;0.2;;;;;;;
19,36;1.752;1.552;0,592;0,6;0.2;;;;;;;
19,38;1.75;1.55;0,592;0,6;0.2;;;;;;;
19,4;1.748;1.548;0,592;0,6;0.2;;;;;;;
19,42;1.747;1.547;0,592;0,6;0.2;;;;;;;
19,44;1.746;1.546;0,592;0,6;0.2;;;;;;;
19,46;1.746;1.546;0,592;0,6;0.2;;;;;;;
19,48;1.736;1.536;0,593;0,6;0.2;;;;;;;
19,5;1.739;1.539;0,593;0,6;0.2;;;;;;;
19,52;1.741;1.541;0,593;0,6;0.2;;;;;;;
19,54;1.742;1.542;0,593;0,6;0.2;;;;;;;
19,56;1.744;1.544;0,593;0,6;0.2;;;;;;;
19,58;1.744;1.544;0,593;0,6;0.2;;;;;;;
19,6;1.745;1.545;0,593;0,6;0.2;;;;;;;
19,62;1.746;1.546;0,593;0,6;0.2;;;;;;;
19,64;1.737;1.537;0,595;0,6;0.2;;;;;;;
19,66;1.74;1.54;0,595;0,6;0.2;;;;;;;
19,68;1.743;1.543;0,595;0,6;0.2;;;;;;;
19,7;1.744;1.544;0,595;0,6;0.2;;;;;;;
19,72;1.737;1.537;0,597;0,6;0.2;;;;;;;
19,74;1.74;1.54;0,597;0,6;0.2;;;;;;;
19,76;1.743;1.543;0,597;0,6;0.2;;;;;;;
19,78;1.745;1.545;0,597;0,6;0.2;;;;;;;
19,8;1.738;1.538;0,599;0,6;0.2;;;;;;;
19,82;1.741;1.541;0,599;0,6;0.2;;;;;;;
19,84;1.744;1.544;0,599;0,6;0.2;;;;;;;
19,86;1.746;1.546;0,599;0,6;0.2;;;;;;;
19,88;1.741;1.541;0,6;0,6;0.2;;;;;;;
19,9;1.744;1.544;0,6;0,6;0.2;;;;;;;
19,92;1.747;1.547;0,6;0,6;0.2;;;;;;;
19,94;1.748;1.548;0,6;0,6;0.2;;;;;;;
19,96;1.75;1.55;0,6;0,6;0.2;;;;;;;
19,98;1.739;1.539;0,602;0,6;0.2;;;;;;;
20;1.743;1.543;0,602;0,6;0.2;;;;;;;
20,02;1.546;1.546;0,602;0,6;0.0;;;;;;;
20,04;1.548;1.548;0,602;0,6;0.0;;;;;;;
20,06;1.55;1.55;0,602;0,6;0.0;;;;;;;
20,08;1.551;1.551;0,602;0,6;0.0;;;;;;;
20,1;1.551;1.551;0,602;0,6;0.0;;;;;;;
20,12;1.552;1.552;0,602;0,6;0.0;;;;;;;
20,14;1.552;1.552;0,602;0,6;0.0;;;;;;;
20,16;1.564;1.564;0,6;0,6;0.0;;;;;;;
20,18;1.567;1.567;0,599;0,6;0.0;;;;;;;
20,2;1.572;1.572;0,597;0,6;0.0;;;;;;;
20,22;1.575;1.575;0,595;0,6;0.0;;;;;;;
20,24;1.586;1.586;0,592;0,6;0.0;;;;;;;
20,26;1.593;1.593;0,588;0,6;0.0;;;;;;;
20,28;1.598;1.598;0,585;0,6;0.0;;;;;;;
20,3;1.602;1.602;0,581;0,6;0.0;;;;;;;
20,32;1.603;1.603;0,578;0,6;0.0;;;;;;;
20,34;1.604;1.604;0,574;0,6;0.0;;;;;;;
20,36;1.614;1.614;0,569;0,6;0.0;;;;;;;
20,38;1.611;1.611;0,565;0,6;0.0;;;;;;;
20,4;1.618;1.618;0,56;0,6;0.0;;;;;;;
20,42;1.622;1.622;0,555;0,6;0.0;;;;;;;
20,44;1.625;1.625;0,55;0,6;0.0;;;;;;;
20,46;1.617;1.617;0,546;0,6;0.0;;;;;;;
20,48;1.621;1.621;0,541;0,6;0.0;;;;;;;
20,5;1.623;1.623;0,536;0,6;0.0;;;;;;;
20,52;1.625;1.625;0,531;0,6;0.0;;;;;;;
20,54;1.616;1.616;0,527;0,6;0.0;;;;;;;
20,56;1.619;1.619;0,522;0,6;0.0;;;;;;;
20,58;1.613;1.613;0,518;0,6;0.0;;;;;;;
20,6;1.617;1.617;0,513;0,6;0.0;;;;;;;
20,62;1.611;1.611;0,51;0,6;0.0;;;;;;;
20,64;1.607;1.607;0,506;0,6;0.0;;;;;;;
20,66;1.604;1.604;0,503;0,6;0.0;;;;;;;
20,68;1.593;1.593;0,501;0,6;0.0;;;;;;;
20,7;1.595;1.595;0,497;0,6;0.0;;;;;;;
20,72;1.588;1.588;0,496;0,6;0.0;;;;;;;
20,74;1.583;1.583;0,494;0,6;0.0;;;;;;;
20,76;1.581;1.581;0,492;0,6;0.0;;;;;;;
20,78;1.579;1.579;0,49;0,6;0.0;;;;;;;
20,8;1.579;1.579;0,489;0,6;0.0;;;;;;;
20,82;1.571;1.571;0,489;0,6;0.0;;;;;;;
20,84;1.566;1.566;0,489;0,6;0.0;;;;;;;
20,86;1.563;1.563;0,489;0,6;0.0;;;;;;;
20,88;1.562;1.562;0,489;0,6;0.0;;;;;;;
20,9;1.562;1.562;0,489;0,6;0.0;;;;;;;
20,92;1.555;1.555;0,49;0,6;0.0;;;;;;;
20,94;1.559;1.559;0,49;0,6;0.0;;;;;;;
20,96;1.555;1.555;0,492;0,6;0.0;;;;;;;
20,98;1.553;1.553;0,494;0,6;0.0;;;;;;;
21;1.552;1.552;0,496;0,6;0.0;;;;;;;
21,02;1.544;1.544;0,499;0,6;0.0;;;;;;;
21,04;1.549;1.549;0,501;0,6;0.0;;;;;;;
21,06;1.554;1.554;0,503;0,6;0.0;;;;;;;
21,08;1.549;1.549;0,506;0,6;0.0;;;;;;;
21,1;1.557;1.557;0,508;0,6;0.0;;;;;;;
21,12;1.554;1.554;0,511;0,6;0.0;;;;;;;
21,14;1.553;1.553;0,515;0,6;0.0;;;;;;;
21,16;1.554;1.554;0,518;0,6;0.0;;;;;;;
21,18;1.565;1.565;0,52;0,6;0.0;;;;;;;
21,2;1.565;1.565;0,524;0,6;0.0;;;;;;;
21,22;1.567;1.567;0,527;0,6;0.0;;;;;;;
21,24;1.578;1.578;0,529;0,6;0.0;;;;;;;
21,26;1.578;1.578;0,532;0,6;0.0;;;;;;;
21,28;1.579;1.579;0,536;0,6;0.0;;;;;;;
21,3;1.581;1.581;0,539;0,6;0.0;;;;;;;
21,32;1.593;1.593;0,541;0,6;0.0;;;;;;;
21,34;1.593;1.593;0,545;0,6;0.0;;;;;;;
21,36;1.603;1.603;0,546;0,6;0.0;;;;;;;
21,38;1.602;1.602;0,55;0,6;0.0;;;;;;;
21,4;1.612;1.612;0,552;0,6;0.0;;;;;;;
21,42;1.619;1.619;0,553;0,6;0.0;;;;;;;
21,44;1.617;1.617;0,557;0,6;0.0;;;;;;;
21,46;1.624;1.624;0,559;0,6;0.0;;;;;;;
21,48;1.631;1.631;0,56;0,6;0.0;;;;;;;
21,5;1.636;1.636;0,562;0,6;0.0;;;;;;;
21,52;1.641;1.641;0,564;0,6;0.0;;;;;;;
21,54;1.645;1.645;0,565;0,6;0.0;;;;;;;
21,56;1.648;1.648;0,567;0,6;0.0;;;;;;;
21,58;1.651;1.651;0,569;0,6;0.0;;;;;;;
21,6;1.663;1.663;0,569;0,6;0.0;;;;;;;
21,62;1.663;1.663;0,571;0,6;0.0;;;;;;;
21,64;1.663;1.663;0,572;0,6;0.0;;;;;;;
21,66;1.673;1.673;0,572;0,6;0.0;;;;;;;
21,68;1.671;1.671;0,574;0,6;0.0;;;;;;;
21,7;1.671;1.671;0,576;0,6;0.0;;;;;;;
21,72;1.68;1.68;0,576;0,6;0.0;;;;;;;
21,74;1.677;1.677;0,578;0,6;0.0;;;;;;;
21,76;1.685;1.685;0,578;0,6;0.0;;;;;;;
21,78;1.691;1.691;0,578;0,6;0.0;;;;;;;
21,8;1.687;1.687;0,579;0,6;0.0;;;;;;;
21,82;1.693;1.693;0,579;0,6;0.0;;;;;;;
21,84;1.698;1.698;0,579;0,6;0.0;;;;;;;
21,86;1.692;1.692;0,581;0,6;0.0;;;;;;;
21,88;1.698;1.698;0,581;0,6;0.0;;;;;;;
21,9;1.702;1.702;0,581;0,6;0.0;;;;;;;
21,92;1.705;1.705;0,581;0,6;0.0;;;;;;;
21,94;1.708;1.708;0,581;0,6;0.0;;;;;;;
21,96;1.701;1.701;0,583;0,6;0.0;;;;;;;
21,98;1.705;1.705;0,583;0,6;0.0;;;;;;;
22;1.708;1.708;0,583;0,6;0.0;;;;;;;
22,02;1.711;1.711;0,583;0,6;0.0;;;;;;;
22,04;1.713;1.713;0,583;0,6;0.0;;;;;;;
22,06;1.715;1.715;0,583;0,6;0.0;;;;;;;
22,08;1.716;1.716;0,583;0,6;0.0;;;;;;;
22,1;1.717;1.717;0,583;0,6;0.0;;;;;;;
22,12;1.718;1.718;0,583;0,6;0.0;;;;;;;
22,14;1.719;1.719;0,583;0,6;0.0;;;;;;;
22,16;1.711;1.711;0,585;0,6;0.0;;;;;;;
22,18;1.714;1.714;0,585;0,6;0.0;;;;;;;
22,2;1.717;1.717;0,585;0,6;0.0;;;;;;;
22,22;1.719;1.719;0,585;0,6;0.0;;;;;;;
22,24;1.72;1.72;0,585;0,6;0.0;;;;;;;
22,26;1.722;1.722;0,585;0,6;0.0;;;;;;;
22,28;1.714;1.714;0,586;0,6;0.0;;;;;;;
22,3;1.717;1.717;0,586;0,6;0.0;;;;;;;
22,32;1.72;1.72;0,586;0,6;0.0;;;;;;;
22,34;1.713;1.713;0,588;0,6;0.0;;;;;;;
22,36;1.718;1.718;0,588;0,6;0.0;;;;;;;
22,38;1.721;1.721;0,588;0,6;0.0;;;;;;;
22,4;1.715;1.715;0,59;0,6;0.0;;;;;;;
22,42;1.719;1.719;0,59;0,6;0.0;;;;;;;
22,44;1.723;1.723;0,59;0,6;0.0;;;;;;;
22,46;1.716;1.716;0,592;0,6;0.0;;;;;;;
22,48;1.721;1.721;0,592;0,6;0.0;;;;;;;
22,5;1.716;1.716;0,593;0,6;0.0;;;;;;;
22,52;1.721;1.721;0,593;0,6;0.0;;;;;;;
22,54;1.716;1.716;0,595;0,6;0.0;;;;;;;
22,56;1.722;1.722;0,595;0,6;0.0;;;;;;;
22,58;1.717;1.717;0,597;0,6;0.0;;;;;;;
22,6;1.723;1.723;0,597;0,6;0.0;;;;;;;
22,62;1.718;1.718;0,599;0,6;0.0;;;;;;;
22,64;1.724;1.724;0,599;0,6;0.0;;;;;;;
22,66;1.728;1.728;0,599;0,6;0.0;;;;;;;
22,68;1.724;1.724;0,6;0,6;0.0;;;;;;;
22,7;1.729;1.729;0,6;0,6;0.0;;;;;;;
22,72;1.721;1.721;0,602;0,6;0.0;;;;;;;
22,74;1.726;1.726;0,602;0,6;0.0;;;;;;;
22,76;1.721;1.721;0,604;0,6;0.0;;;;;;;
22,78;1.727;1.727;0,604;0,6;0.0;;;;;;;
22,8;1.731;1.731;0,604;0,6;0.0;;;;;;;
22,82;1.725;1.725;0,606;0,6;0.0;;;;;;;
22,84;1.73;1.73;0,606;0,6;0.0;;;;;;;
22,86;1.733;1.733;0,606;0,6;0.0;;;;;;;
22,88;1.727;1.727;0,607;0,6;0.0;;;;;;;
22,9;1.731;1.731;0,607;0,6;0.0;;;;;;;
22,92;1.734;1.734;0,607;0,6;0.0;;;;;;;
22,94;1.737;1.737;0,607;0,6;0.0;;;;;;;
22,96;1.738;1.738;0,607;0,6;0.0;;;;;;;
22,98;1.739;1.739;0,607;0,6;0.0;;;;;;;
23;1.74;1.74;0,607;0,6;0.0;;;;;;;
23,02;1.74;1.74;0,607;0,6;0.0;;;;;;;
23,04;1.741;1.741;0,607;0,6;0.0;;;;;;;
23,06;1.741;1.741;0,607;0,6;0.0;;;;;;;
23,08;1.741;1.741;0,607;0,6;0.0;;;;;;;
23,1;1.741;1.741;0,607;0,6;0.0;;;;;;;
23,12;1.741;1.741;0,607;0,6;0.0;;;;;;;
23,14;1.741;1.741;0,607;0,6;0.0;;;;;;;
23,16;1.749;1.749;0,606;0,6;0.0;;;;;;;
23,18;1.746;1.746;0,606;0,6;0.0;;;;;;;
23,2;1.744;1.744;0,606;0,6;0.0;;;;;;;
23,22;1.752;1.752;0,604;0,6;0.0;;;;;;;
23,24;1.748;1.748;0,604;0,6;0.0;;;;;;;
23,26;1.745;1.745;0,604;0,6;0.0;;;;;;;
23,28;1.743;1.743;0,604;0,6;0.0;;;;;;;
23,3;1.75;1.75;0,602;0,6;0.0;;;;;;;
23,32;1.746;1.746;0,602;0,6;0.0;;;;;;;
23,34;1.743;1.743;0,602;0,6;0.0;;;;;;;
23,36;1.741;1.741;0,602;0,6;0.0;;;;;;;
23,38;1.739;1.739;0,602;0,6;0.0;;;;;;;
23,4;1.738;1.738;0,602;0,6;0.0;;;;;;;
23,42;1.737;1.737;0,602;0,6;0.0;;;;;;;
23,44;1.748;1.748;0,6;0,6;0.0;;;;;;;
23,46;1.744;1.744;0,6;0,6;0.0;;;;;;;
23,48;1.742;1.742;0,6;0,6;0.0;;;;;;;
23,5;1.74;1.74;0,6;0,6;0.0;;;;;;;
23,52;1.738;1.738;0,6;0,6;0.0;;;;;;;
23,54;1.737;1.737;0,6;0,6;0.0;;;;;;;
23,56;1.736;1.736;0,6;0,6;0.0;;;;;;;
23,58;1.736;1.736;0,6;0,6;0.0;;;;;;;
23,6;1.735;1.735;0,6;0,6;0.0;;;;;;;
23,62;1.735;1.735;0,6;0,6;0.0;;;;;;;
23,64;1.735;1.735;0,6;0,6;0.0;;;;;;;
23,66;1.735;1.735;0,6;0,6;0.0;;;;;;;
23,68;1.734;1.734;0,6;0,6;0.0;;;;;;;
23,7;1.734;1.734;0,6;0,6;0.0;;;;;;;
23,72;1.734;1.734;0,6;0,6;0.0;;;;;;;
23,74;1.734;1.734;0,6;0,6;0.0;;;;;;;
23,76;1.734;1.734;0,6;0,6;0.0;;;;;;;
23,78;1.734;1.734;0,6;0,6;0.0;;;;;;;
23,8;1.734;1.734;0,6;0,6;0.0;;;;;;;
23,82;1.734;1.734;0,6;0,6;0.0;;;;;;;
23,84;1.734;1.734;0,6;0,6;0.0;;;;;;;
23,86;1.734;1.734;0,6;0,6;0.0;;;;;;;
23,88;1.734;1.734;0,6;0,6;0.0;;;;;;;
23,9;1.734;1.734;0,6;0,6;0.0;;;;;;;
23,92;1.734;1.734;0,6;0,6;0.0;;;;;;;
23,94;1.734;1.734;0,6;0,6;0.0;;;;;;;
23,96;1.734;1.734;0,6;0,6;0.0;;;;;;;
23,98;1.734;1.734;0,6;0,6;0.0;;;;;;;
24;1.734;1.734;0,6;0,6;0.0;;;;;;;
24,02;1.734;1.734;0,6;0,6;0.0;;;;;;;
24,04;1.734;1.734;0,6;0,6;0.0;;;;;;;
24,06;1.734;1.734;0,6;0,6;0.0;;;;;;;
24,08;1.734;1.734;0,6;0,6;0.0;;;;;;;
24,1;1.734;1.734;0,6;0,6;0.0;;;;;;;
24,12;1.734;1.734;0,6;0,6;0.0;;;;;;;
24,14;1.734;1.734;0,6;0,6;0.0;;;;;;;
24,16;1.734;1.734;0,6;0,6;0.0;;;;;;;
24,18;1.734;1.734;0,6;0,6;0.0;;;;;;;
24,2;1.734;1.734;0,6;0,6;0.0;;;;;;;
24,22;1.734;1.734;0,6;0,6;0.0;;;;;;;
24,24;1.734;1.734;0,6;0,6;0.0;;;;;;;
24,26;1.734;1.734;0,6;0,6;0.0;;;;;;;
24,28;1.734;1.734;0,6;0,6;0.0;;;;;;;
24,3;1.734;1.734;0,6;0,6;0.0;;;;;;;
24,32;1.734;1.734;0,6;0,6;0.0;;;;;;;
24,34;1.734;1.734;0,6;0,6;0.0;;;;;;;
24,36;1.734;1.734;0,6;0,6;0.0;;;;;;;
24,38;1.734;1.734;0,6;0,6;0.0;;;;;;;
24,4;1.734;1.734;0,6;0,6;0.0;;;;;;;
24,42;1.734;1.734;0,6;0,6;0.0;;;;;;;
24,44;1.734;1.734;0,6;0,6;0.0;;;;;;;
24,46;1.734;1.734;0,6;0,6;0.0;;;;;;;
24,48;1.734;1.734;0,6;0,6;0.0;;;;;;;
24,5;1.734;1.734;0,6;0,6;0.0;;;;;;;
24,52;1.734;1.734;0,6;0,6;0.0;;;;;;;
24,54;1.734;1.734;0,6;0,6;0.0;;;;;;;
24,56;1.734;1.734;0,6;0,6;0.0;;;;;;;
24,58;1.734;1.734;0,6;0,6;0.0;;;;;;;
24,6;1.734;1.734;0,6;0,6;0.0;;;;;;;
24,62;1.734;1.734;0,6;0,6;0.0;;;;;;;
24,64;1.734;1.734;0,6;0,6;0.0;;;;;;;
24,66;1.734;1.734;0,6;0,6;0.0;;;;;;;
24,68;1.734;1.734;0,6;0,6;0.0;;;;;;;
24,7;1.734;1.734;0,6;0,6;0.0;;;;;;;
24,72;1.734;1.734;0,6;0,6;0.0;;;;;;;
24,74;1.734;1.734;0,6;0,6;0.0;;;;;;;
24,76;1.734;1.734;0,6;0,6;0.0;;;;;;;
24,78;1.734;1.734;0,6;0,6;0.0;;;;;;;
24,8;1.734;1.734;0,6;0,6;0.0;;;;;;;
24,82;1.734;1.734;0,6;0,6;0.0;;;;;;;
24,84;1.734;1.734;0,6;0,6;0.0;;;;;;;
24,86;1.734;1.734;0,6;0,6;0.0;;;;;;;
24,88;1.734;1.734;0,6;0,6;0.0;;;;;;;
24,9;1.734;1.734;0,6;0,6;0.0;;;;;;;
24,92;1.734;1.734;0,6;0,6;0.0;;;;;;;
24,94;1.734;1.734;0,6;0,6;0.0;;;;;;;
24,96;1.734;1.734;0,6;0,6;0.0;;;;;;;
24,98;1.734;1.734;0,6;0,6;0.0;;;;;;;
25;1.734;1.734;0,6;0,6;0.0;;;;;;;
25,02;1.734;1.734;0,6;0,6;0.0;;;;;;;
25,04;1.734;1.734;0,6;0,6;0.0;;;;;;;
25,06;1.734;1.734;0,6;0,6;0.0;;;;;;;
25,08;1.741;1.741;0,599;0,6;0.0;;;;;;;
25,1;1.739;1.739;0,599;0,6;0.0;;;;;;;
25,12;1.737;1.737;0,599;0,6;0.0;;;;;;;
25,14;1.736;1.736;0,599;0,6;0.0;;;;;;;
25,16;1.735;1.735;0,599;0,6;0.0;;;;;;;
25,18;1.735;1.735;0,599;0,6;0.0;;;;;;;
25,2;1.734;1.734;0,599;0,6;0.0;;;;;;;
25,22;1.743;1.743;0,597;0,6;0.0;;;;;;;
25,24;1.74;1.74;0,597;0,6;0.0;;;;;;;
25,26;1.738;1.738;0,597;0,6;0.0;;;;;;;
25,28;1.737;1.737;0,597;0,6;0.0;;;;;;;
25,3;1.745;1.745;0,595;0,6;0.0;;;;;;;
25,32;1.741;1.741;0,595;0,6;0.0;;;;;;;
25,34;1.739;1.739;0,595;0,6;0.0;;;;;;;
25,36;1.737;1.737;0,595;0,6;0.0;;;;;;;
25,38;1.736;1.736;0,595;0,6;0.0;;;;;;;
25,4;1.744;1.744;0,593;0,6;0.0;;;;;;;
25,42;1.74;1.74;0,593;0,6;0.0;;;;;;;
25,44;1.738;1.738;0,593;0,6;0.0;;;;;;;
25,46;1.736;1.736;0,593;0,6;0.0;;;;;;;
25,48;1.744;1.744;0,592;0,6;0.0;;;;;;;
25,5;1.741;1.741;0,592;0,6;0.0;;;;;;;
25,52;1.738;1.738;0,592;0,6;0.0;;;;;;;
25,54;1.737;1.737;0,592;0,6;0.0;;;;;;;
25,56;1.736;1.736;0,592;0,6;0.0;;;;;;;
25,58;1.744;1.744;0,59;0,6;0.0;;;;;;;
25,6;1.741;1.741;0,59;0,6;0.0;;;;;;;
25,62;1.738;1.738;0,59;0,6;0.0;;;;;;;
25,64;1.737;1.737;0,59;0,6;0.0;;;;;;;
25,66;1.736;1.736;0,59;0,6;0.0;;;;;;;
25,68;1.735;1.735;0,59;0,6;0.0;;;;;;;
25,7;1.735;1.735;0,59;0,6;0.0;;;;;;;
25,72;1.735;1.735;0,59;0,6;0.0;;;;;;;
25,74;1.734;1.734;0,59;0,6;0.0;;;;;;;
25,76;1.744;1.744;0,588;0,6;0.0;;;;;;;
25,78;1.741;1.741;0,588;0,6;0.0;;;;;;;
25,8;1.739;1.739;0,588;0,6;0.0;;;;;;;
25,82;1.738;1.738;0,588;0,6;0.0;;;;;;;
25,84;1.737;1.737;0,588;0,6;0.0;;;;;;;
25,86;1.737;1.737;0,588;0,6;0.0;;;;;;;
25,88;1.737;1.737;0,588;0,6;0.0;;;;;;;
25,9;1.727;1.727;0,59;0,6;0.0;;;;;;;
25,92;1.73;1.73;0,59;0,6;0.0;;;;;;;
25,94;1.732;1.732;0,59;0,6;0.0;;;;;;;
25,96;1.734;1.734;0,59;0,6;0.0;;;;;;;
25,98;1.735;1.735;0,59;0,6;0.0;;;;;;;
26;1.736;1.736;0,59;0,6;0.0;;;;;;;
26,02;1.737;1.737;0,59;0,6;0.0;;;;;;;
26,04;1.738;1.738;0,59;0,6;0.0;;;;;;;
26,06;1.73;1.73;0,592;0,6;0.0;;;;;;;
26,08;1.733;1.733;0,592;0,6;0.0;;;;;;;
26,1;1.735;1.735;0,592;0,6;0.0;;;;;;;
26,12;1.737;1.737;0,592;0,6;0.0;;;;;;;
26,14;1.729;1.729;0,593;0,6;0.0;;;;;;;
26,16;1.733;1.733;0,593;0,6;0.0;;;;;;;
26,18;1.736;1.736;0,593;0,6;0.0;;;;;;;
26,2;1.738;1.738;0,593;0,6;0.0;;;;;;;
26,22;1.731;1.731;0,595;0,6;0.0;;;;;;;
26,24;1.735;1.735;0,595;0,6;0.0;;;;;;;
26,26;1.738;1.738;0,595;0,6;0.0;;;;;;;
26,28;1.74;1.74;0,595;0,6;0.0;;;;;;;
26,3;1.733;1.733;0,597;0,6;0.0;;;;;;;
26,32;1.737;1.737;0,597;0,6;0.0;;;;;;;
26,34;1.739;1.739;0,597;0,6;0.0;;;;;;;
26,36;1.742;1.742;0,597;0,6;0.0;;;;;;;
26,38;1.743;1.743;0,597;0,6;0.0;;;;;;;
26,4;1.735;1.735;0,599;0,6;0.0;;;;;;;
26,42;1.739;1.739;0,599;0,6;0.0;;;;;;;
26,44;1.742;1.742;0,599;0,6;0.0;;;;;;;
26,46;1.744;1.744;0,599;0,6;0.0;;;;;;;
26,48;1.745;1.745;0,599;0,6;0.0;;;;;;;
26,5;1.746;1.746;0,599;0,6;0.0;;;;;;;
26,52;1.747;1.747;0,599;0,6;0.0;;;;;;;
26,54;1.741;1.741;0,6;0,6;0.0;;;;;;;
26,56;1.743;1.743;0,6;0,6;0.0;;;;;;;
26,58;1.745;1.745;0,6;0,6;0.0;;;;;;;
26,6;1.746;1.746;0,6;0,6;0.0;;;;;;;
26,62;1.747;1.747;0,6;0,6;0.0;;;;;;;
26,64;1.748;1.748;0,6;0,6;0.0;;;;;;;
26,66;1.749;1.749;0,6;0,6;0.0;;;;;;;
26,68;1.738;1.738;0,602;0,6;0.0;;;;;;;
26,7;1.741;1.741;0,602;0,6;0.0;;;;;;;
26,72;1.744;1.744;0,602;0,6;0.0;;;;;;;
26,74;1.746;1.746;0,602;0,6;0.0;;;;;;;
26,76;1.747;1.747;0,602;0,6;0.0;;;;;;;
26,78;1.739;1.739;0,604;0,6;0.0;;;;;;;
26,8;1.742;1.742;0,604;0,6;0.0;;;;;;;
26,82;1.745;1.745;0,604;0,6;0.0;;;;;;;
26,84;1.747;1.747;0,604;0,6;0.0;;;;;;;
26,86;1.748;1.748;0,604;0,6;0.0;;;;;;;
26,88;1.749;1.749;0,604;0,6;0.0;;;;;;;
26,9;1.74;1.74;0,606;0,6;0.0;;;;;;;
26,92;1.743;1.743;0,606;0,6;0.0;;;;;;;
26,94;1.746;1.746;0,606;0,6;0.0;;;;;;;
26,96;1.747;1.747;0,606;0,6;0.0;;;;;;;
26,98;1.748;1.748;0,606;0,6;0.0;;;;;;;
27;1.74;1.74;0,607;0,6;0.0;;;;;;;
27,02;1.743;1.743;0,607;0,6;0.0;;;;;;;
27,04;1.745;1.745;0,607;0,6;0.0;;;;;;;
27,06;1.747;1.747;0,607;0,6;0.0;;;;;;;
27,08;1.739;1.739;0,609;0,6;0.0;;;;;;;
27,1;1.743;1.743;0,609;0,6;0.0;;;;;;;
27,12;1.745;1.745;0,609;0,6;0.0;;;;;;;
27,14;1.747;1.747;0,609;0,6;0.0;;;;;;;
27,16;1.748;1.748;0,609;0,6;0.0;;;;;;;
27,18;1.749;1.749;0,609;0,6;0.0;;;;;;;
27,2;1.74;1.74;0,611;0,6;0.0;;;;;;;
27,22;1.743;1.743;0,611;0,6;0.0;;;;;;;
27,24;1.745;1.745;0,611;0,6;0.0;;;;;;;
27,26;1.746;1.746;0,611;0,6;0.0;;;;;;;
27,28;1.747;1.747;0,611;0,6;0.0;;;;;;;
27,3;1.748;1.748;0,611;0,6;0.0;;;;;;;
27,32;1.748;1.748;0,611;0,6;0.0;;;;;;;
27,34;1.748;1.748;0,611;0,6;0.0;;;;;;;
27,36;1.748;1.748;0,611;0,6;0.0;;;;;;;
27,38;1.748;1.748;0,611;0,6;0.0;;;;;;;
27,4;1.748;1.748;0,611;0,6;0.0;;;;;;;
27,42;1.748;1.748;0,611;0,6;0.0;;;;;;;
27,44;1.748;1.748;0,611;0,6;0.0;;;;;;;
27,46;1.747;1.747;0,611;0,6;0.0;;;;;;;
27,48;1.747;1.747;0,611;0,6;0.0;;;;;;;
27,5;1.747;1.747;0,611;0,6;0.0;;;;;;;
27,52;1.746;1.746;0,611;0,6;0.0;;;;;;;
27,54;1.746;1.746;0,611;0,6;0.0;;;;;;;
27,56;1.746;1.746;0,611;0,6;0.0;;;;;;;
27,58;1.745;1.745;0,611;0,6;0.0;;;;;;;
27,6;1.745;1.745;0,611;0,6;0.0;;;;;;;
27,62;1.745;1.745;0,611;0,6;0.0;;;;;;;
27,64;1.744;1.744;0,611;0,6;0.0;;;;;;;
27,66;1.744;1.744;0,611;0,6;0.0;;;;;;;
27,68;1.743;1.743;0,611;0,6;0.0;;;;;;;
27,7;1.743;1.743;0,611;0,6;0.0;;;;;;;
27,72;1.743;1.743;0,611;0,6;0.0;;;;;;;
27,74;1.742;1.742;0,611;0,6;0.0;;;;;;;
27,76;1.742;1.742;0,611;0,6;0.0;;;;;;;
27,78;1.742;1.742;0,611;0,6;0.0;;;;;;;
27,8;1.741;1.741;0,611;0,6;0.0;;;;;;;
27,82;1.75;1.75;0,609;0,6;0.0;;;;;;;
27,84;1.747;1.747;0,609;0,6;0.0;;;;;;;
27,86;1.745;1.745;0,609;0,6;0.0;;;;;;;
27,88;1.743;1.743;0,609;0,6;0.0;;;;;;;
27,9;1.75;1.75;0,607;0,6;0.0;;;;;;;
27,92;1.747;1.747;0,607;0,6;0.0;;;;;;;
27,94;1.744;1.744;0,607;0,6;0.0;;;;;;;
27,96;1.751;1.751;0,606;0,6;0.0;;;;;;;
27,98;1.746;1.746;0,606;0,6;0.0;;;;;;;
28;1.743;1.743;0,606;0,6;0.0;;;;;;;
28,02;1.75;1.75;0,604;0,6;0.0;;;;;;;
28,04;1.745;1.745;0,604;0,6;0.0;;;;;;;
28,06;1.742;1.742;0,604;0,6;0.0;;;;;;;
28,08;1.739;1.739;0,604;0,6;0.0;;;;;;;
28,1;1.747;1.747;0,602;0,6;0.0;;;;;;;
28,12;1.743;1.743;0,602;0,6;0.0;;;;;;;
28,14;1.74;1.74;0,602;0,6;0.0;;;;;;;
28,16;1.749;1.749;0,6;0,6;0.0;;;;;;;
28,18;1.744;1.744;0,6;0,6;0.0;;;;;;;
28,2;1.74;1.74;0,6;0,6;0.0;;;;;;;
28,22;1.737;1.737;0,6;0,6;0.0;;;;;;;
28,24;1.736;1.736;0,6;0,6;0.0;;;;;;;
28,26;1.741;1.741;0,599;0,6;0.0;;;;;;;
28,28;1.738;1.738;0,599;0,6;0.0;;;;;;;
28,3;1.736;1.736;0,599;0,6;0.0;;;;;;;
28,32;1.734;1.734;0,599;0,6;0.0;;;;;;;
28,34;1.733;1.733;0,599;0,6;0.0;;;;;;;
28,36;1.732;1.732;0,599;0,6;0.0;;;;;;;
28,38;1.731;1.731;0,599;0,6;0.0;;;;;;;
28,4;1.74;1.74;0,597;0,6;0.0;;;;;;;
28,42;1.737;1.737;0,597;0,6;0.0;;;;;;;
28,44;1.735;1.735;0,597;0,6;0.0;;;;;;;
28,46;1.733;1.733;0,597;0,6;0.0;;;;;;;
28,48;1.732;1.732;0,597;0,6;0.0;;;;;;;
28,5;1.731;1.731;0,597;0,6;0.0;;;;;;;
28,52;1.731;1.731;0,597;0,6;0.0;;;;;;;
28,54;1.73;1.73;0,597;0,6;0.0;;;;;;;
28,56;1.73;1.73;0,597;0,6;0.0;;;;;;;
28,58;1.739;1.739;0,595;0,6;0.0;;;;;;;
28,6;1.736;1.736;0,595;0,6;0.0;;;;;;;
28,62;1.734;1.734;0,595;0,6;0.0;;;;;;;
28,64;1.733;1.733;0,595;0,6;0.0;;;;;;;
28,66;1.732;1.732;0,595;0,6;0.0;;;;;;;
28,68;1.731;1.731;0,595;0,6;0.0;;;;;;;
28,7;1.731;1.731;0,595;0,6;0.0;;;;;;;
28,72;1.73;1.73;0,595;0,6;0.0;;;;;;;
28,74;1.73;1.73;0,595;0,6;0.0;;;;;;;
28,76;1.73;1.73;0,595;0,6;0.0;;;;;;;
28,78;1.73;1.73;0,595;0,6;0.0;;;;;;;
28,8;1.73;1.73;0,595;0,6;0.0;;;;;;;
28,82;1.73;1.73;0,595;0,6;0.0;;;;;;;
28,84;1.73;1.73;0,595;0,6;0.0;;;;;;;
28,86;1.731;1.731;0,595;0,6;0.0;;;;;;;
28,88;1.731;1.731;0,595;0,6;0.0;;;;;;;
28,9;1.731;1.731;0,595;0,6;0.0;;;;;;;
28,92;1.722;1.722;0,597;0,6;0.0;;;;;;;
28,94;1.725;1.725;0,597;0,6;0.0;;;;;;;
28,96;1.727;1.727;0,597;0,6;0.0;;;;;;;
28,98;1.729;1.729;0,597;0,6;0.0;;;;;;;
29;1.73;1.73;0,597;0,6;0.0;;;;;;;
29,02;1.731;1.731;0,597;0,6;0.0;;;;;;;
29,04;1.731;1.731;0,597;0,6;0.0;;;;;;;
29,06;1.732;1.732;0,597;0,6;0.0;;;;;;;
29,08;1.732;1.732;0,597;0,6;0.0;;;;;;;
29,1;1.733;1.733;0,597;0,6;0.0;;;;;;;
29,12;1.733;1.733;0,597;0,6;0.0;;;;;;;
29,14;1.733;1.733;0,597;0,6;0.0;;;;;;;
29,16;1.733;1.733;0,597;0,6;0.0;;;;;;;
29,18;1.724;1.724;0,599;0,6;0.0;;;;;;;
29,2;1.727;1.727;0,599;0,6;0.0;;;;;;;
29,22;1.729;1.729;0,599;0,6;0.0;;;;;;;
29,24;1.731;1.731;0,599;0,6;0.0;;;;;;;
29,26;1.732;1.732;0,599;0,6;0.0;;;;;;;
29,28;1.733;1.733;0,599;0,6;0.0;;;;;;;
29,3;1.733;1.733;0,599;0,6;0.0;;;;;;;
29,32;1.727;1.727;0,6;0,6;0.0;;;;;;;
29,34;1.73;1.73;0,6;0,6;0.0;;;;;;;
29,36;1.731;1.731;0,6;0,6;0.0;;;;;;;
29,38;1.733;1.733;0,6;0,6;0.0;;;;;;;
29,4;1.734;1.734;0,6;0,6;0.0;;;;;;;
29,42;1.734;1.734;0,6;0,6;0.0;;;;;;;
29,44;1.735;1.735;0,6;0,6;0.0;;;;;;;
29,46;1.735;1.735;0,6;0,6;0.0;;;;;;;
29,48;1.724;1.724;0,602;0,6;0.0;;;;;;;
29,5;1.728;1.728;0,602;0,6;0.0;;;;;;;
29,52;1.73;1.73;0,602;0,6;0.0;;;;;;;
29,54;1.732;1.732;0,602;0,6;0.0;;;;;;;
29,56;1.733;1.733;0,602;0,6;0.0;;;;;;;
