Tiempo ,ANGULO,ESTIMULO
-0.4,0,0
-0.38,0,0
-0.36,0,0
-0.34,0,0
-0.32,0,0
-0.3,0,0
-0.28,0,0
-0.26,0,0
-0.24,0,0
-0.22,0,0
-0.2,0,0
-0.18,0,0
-0.16,0,0
-0.14,0,0
-0.12,0,0
-0.1,0,0
-0.08,0,0
-0.06,0,0
-0.04,0,0
-0.02,0,0
0,-0.002,0
0.02,-0.002,0
0.04,-0.002,0
0.06,-0.002,0
0.08,-0.002,0
0.1,-0.002,0
0.12,-0.002,0
0.14,-0.002,0
0.16,-0.002,0
0.18,-0.002,0
0.2,-0.002,0
0.22,-0.002,0
0.24,-0.002,0
0.26,-0.002,0
0.28,-0.002,0
0.3,-0.002,0
0.32,-0.002,0
0.34,-0.002,0
0.36,-0.002,0
0.38,-0.002,0
0.4,-0.002,0
0.42,-0.002,0
0.44,-0.002,0
0.46,-0.002,0
0.48,-0.002,0
0.5,-0.002,0
0.52,-0.002,0
0.54,-0.002,0
0.56,-0.002,0
0.58,-0.002,0
0.6,-0.002,0
0.62,-0.002,0
0.64,-0.002,0
0.66,-0.002,0
0.68,-0.002,0
0.7,0,0
0.72,0,0
0.74,0,0
0.76,0,0
0.78,0,0
0.8,0,0
0.82,0,0
0.84,0,0
0.86,0,0
0.88,0,0
0.9,0,0
0.92,0,0
0.94,0,0
0.96,0,0
0.98,0,0
1,0,0
1.02,0,0
1.04,0,1.7
1.06,0,1.7
1.08,0,1.7
1.1,0,1.7
1.12,0,1.7
1.14,0,1.7
1.16,0,1.7
1.18,0.002,1.7
1.2,0.003,1.7
1.22,0.007,1.7
1.24,0.012,1.7
1.26,0.021,1.7
1.28,0.031,1.7
1.3,0.045,1.7
1.32,0.061,1.7
1.34,0.082,1.7
1.36,0.105,1.7
1.38,0.129,1.7
1.4,0.159,1.7
1.42,0.19,1.7
1.44,0.223,1.7
1.46,0.258,1.7
1.48,0.297,1.7
1.5,0.337,1.7
1.52,0.377,1.7
1.54,0.419,1.7
1.56,0.463,1.7
1.58,0.506,1.7
1.6,0.55,1.7
1.62,0.593,1.7
1.64,0.637,1.7
1.66,0.681,1.7
1.68,0.723,1.7
1.7,0.764,1.7
1.72,0.805,1.7
1.74,0.843,1.7
1.76,0.88,1.7
1.78,0.915,1.7
1.8,0.948,1.7
1.82,0.979,1.7
1.84,1.007,1.7
1.86,1.033,1.7
1.88,1.058,1.7
1.9,1.08,1.7
1.92,1.1,1.7
1.94,1.115,1.7
1.96,1.129,1.7
1.98,1.14,1.7
2,1.148,1.7
2.02,1.155,1.7
2.04,1.157,1.7
2.06,1.159,1.7
2.08,1.155,1.7
2.1,1.15,1.7
2.12,1.143,1.7
2.14,1.133,1.7
2.16,1.119,1.7
2.18,1.105,1.7
2.2,1.086,1.7
2.22,1.066,1.7
2.24,1.044,1.7
2.26,1.018,1.7
2.28,0.991,1.7
2.3,0.963,1.7
2.32,0.932,1.7
2.34,0.899,1.7
2.36,0.866,1.7
2.38,0.829,1.7
2.4,0.792,1.7
2.42,0.756,1.7
2.44,0.717,1.7
2.46,0.677,1.7
2.48,0.639,1.7
2.5,0.599,1.7
2.52,0.56,1.7
2.54,0.52,1.7
2.56,0.482,1.7
2.58,0.445,1.7
2.6,0.408,1.7
2.62,0.374,1.7
2.64,0.339,1.7
2.66,0.307,1.7
2.68,0.278,1.7
2.7,0.251,1.7
2.72,0.225,1.7
2.74,0.204,1.7
2.76,0.185,1.7
2.78,0.168,1.7
2.8,0.155,1.7
2.82,0.145,1.7
2.84,0.14,1.7
2.86,0.136,1.7
2.88,0.136,1.7
2.9,0.14,1.7
2.92,0.147,1.7
2.94,0.157,1.7
2.96,0.169,1.7
2.98,0.185,1.7
3,0.204,1.7
3.02,0.225,1.7
3.04,0.25,1.7
3.06,0.276,1.7
3.08,0.304,1.7
3.1,0.335,1.7
3.12,0.367,1.7
3.14,0.4,1.7
3.16,0.435,1.7
3.18,0.469,1.7
3.2,0.506,1.7
3.22,0.541,1.7
3.24,0.578,1.7
3.26,0.614,1.7
3.28,0.651,1.7
3.3,0.686,1.7
3.32,0.721,1.7
3.34,0.756,1.7
3.36,0.789,1.7
3.38,0.82,1.7
3.4,0.85,1.7
3.42,0.878,1.7
3.44,0.906,1.7
3.46,0.93,1.7
3.48,0.953,1.7
3.5,0.974,1.7
3.52,0.993,1.7
3.54,1.009,1.7
3.56,1.025,1.7
3.58,1.037,1.7
3.6,1.045,1.7
3.62,1.052,1.7
3.64,1.058,1.7
3.66,1.059,1.7
3.68,1.061,1.7
3.7,1.058,1.7
3.72,1.054,1.7
3.74,1.047,1.7
3.76,1.037,1.7
3.78,1.026,1.7
3.8,1.012,1.7
3.82,0.997,1.7
3.84,0.979,1.7
3.86,0.958,1.7
3.88,0.937,1.7
3.9,0.913,1.7
3.92,0.888,1.7
3.94,0.86,1.7
3.96,0.833,1.7
3.98,0.805,1.7
4,0.773,1.7
4.02,0.742,1.7
4.04,0.71,1.7
4.06,0.677,1.7
4.08,0.644,1.7
4.1,0.611,1.7
4.12,0.578,1.7
4.14,0.545,1.7
4.16,0.511,1.7
4.18,0.48,1.7
4.2,0.449,1.7
4.22,0.419,1.7
4.24,0.389,1.7
4.26,0.363,1.7
4.28,0.337,1.7
4.3,0.314,1.7
4.32,0.291,1.7
4.34,0.272,1.7
4.36,0.255,1.7
4.38,0.241,1.7
4.4,0.229,1.7
4.42,0.22,1.7
4.44,0.213,1.7
4.46,0.208,1.7
4.48,0.206,1.7
4.5,0.208,1.7
4.52,0.213,1.7
4.54,0.218,1.7
4.56,0.229,1.7
4.58,0.241,1.7
4.6,0.255,1.7
4.62,0.272,1.7
4.64,0.29,1.7
4.66,0.312,1.7
4.68,0.335,1.7
4.7,0.36,1.7
4.72,0.386,1.7
4.74,0.414,1.7
4.76,0.442,1.7
4.78,0.471,1.7
4.8,0.501,1.7
4.82,0.532,1.7
4.84,0.562,1.7
4.86,0.593,1.7
4.88,0.625,1.7
4.9,0.654,1.7
4.92,0.684,1.7
4.94,0.714,1.7
4.96,0.742,1.7
4.98,0.77,1.7
5,0.796,1.7
5.02,0.82,1.7
5.04,0.845,1.7
5.06,0.866,1.7
5.08,0.887,1.7
5.1,0.906,1.7
5.12,0.922,1.7
5.14,0.937,1.7
5.16,0.949,1.7
5.18,0.96,1.7
5.2,0.969,1.7
5.22,0.976,1.7
5.24,0.981,1.7
5.26,0.983,1.7
5.28,0.984,1.7
5.3,0.983,1.7
5.32,0.979,1.7
5.34,0.974,1.7
5.36,0.967,1.7
5.38,0.956,1.7
5.4,0.946,1.7
5.42,0.932,1.7
5.44,0.918,1.7
5.46,0.901,1.7
5.48,0.883,1.7
5.5,0.864,1.7
5.52,0.841,1.7
5.54,0.82,1.7
5.56,0.796,1.7
5.58,0.771,1.7
5.6,0.745,1.7
5.62,0.719,1.7
5.64,0.693,1.7
5.66,0.665,1.7
5.68,0.637,1.7
5.7,0.609,1.7
5.72,0.581,1.7
5.74,0.553,1.7
5.76,0.527,1.7
5.78,0.501,1.7
5.8,0.475,1.7
5.82,0.449,1.7
5.84,0.426,1.7
5.86,0.403,1.7
5.88,0.38,1.7
5.9,0.361,1.7
5.92,0.344,1.7
5.94,0.328,1.7
5.96,0.312,1.7
5.98,0.3,1.7
6,0.29,1.7
6.02,0.283,1.7
6.04,0.276,1.7
6.06,0.272,1.7
6.08,0.271,1.7
6.1,0.272,1.7
6.12,0.274,1.7
6.14,0.279,1.7
6.16,0.288,1.7
6.18,0.297,1.7
6.2,0.309,1.7
6.22,0.321,1.7
6.24,0.337,1.7
6.26,0.354,1.7
6.28,0.372,1.7
6.3,0.393,1.7
6.32,0.414,1.7
6.34,0.436,1.7
6.36,0.459,1.7
6.38,0.483,1.7
6.4,0.508,1.7
6.42,0.532,1.7
6.44,0.559,1.7
6.46,0.583,1.7
6.48,0.609,1.7
6.5,0.634,1.7
6.52,0.66,1.7
6.54,0.682,1.7
6.56,0.707,1.7
6.58,0.73,1.7
6.6,0.752,1.7
6.62,0.773,1.7
6.64,0.792,1.7
6.66,0.812,1.7
6.68,0.829,1.7
6.7,0.845,1.7
6.72,0.859,1.7
6.74,0.871,1.7
6.76,0.883,1.7
6.78,0.892,1.7
6.8,0.901,1.7
6.82,0.906,1.7
6.84,0.911,1.7
6.86,0.915,1.7
6.88,0.915,1.7
6.9,0.915,1.7
6.92,0.911,1.7
6.94,0.908,1.7
6.96,0.902,1.7
6.98,0.894,1.7
7,0.885,1.7
7.02,0.874,1.7
7.04,0.862,1.7
7.06,0.848,1.7
7.08,0.834,1.7
7.1,0.817,1.7
7.12,0.799,1.7
7.14,0.782,1.7
7.16,0.761,1.7
7.18,0.742,1.7
7.2,0.721,1.7
7.22,0.698,1.7
7.24,0.675,1.7
7.26,0.653,1.7
7.28,0.63,1.7
7.3,0.607,1.7
7.32,0.585,1.7
7.34,0.562,1.7
7.36,0.539,1.7
7.38,0.518,1.7
7.4,0.496,1.7
7.42,0.476,1.7
7.44,0.456,1.7
7.46,0.438,1.7
7.48,0.421,1.7
7.5,0.403,1.7
7.52,0.389,1.7
7.54,0.375,1.7
7.56,0.365,1.7
7.58,0.354,1.7
7.6,0.346,1.7
7.62,0.339,1.7
7.64,0.335,1.7
7.66,0.332,1.7
7.68,0.33,1.7
7.7,0.332,1.7
7.72,0.333,1.7
7.74,0.339,1.7
7.76,0.344,1.7
7.78,0.353,1.7
7.8,0.361,1.7
7.82,0.374,1.7
7.84,0.386,1.7
7.86,0.4,1.7
7.88,0.415,1.7
7.9,0.431,1.7
7.92,0.449,1.7
7.94,0.468,1.7
7.96,0.487,1.7
7.98,0.506,1.7
8,0.527,1.7
8.02,0.546,1.7
8.04,0.567,1.7
8.06,0.588,1.7
8.08,0.609,1.7
8.1,0.63,1.7
8.12,0.651,1.7
8.14,0.67,1.7
8.16,0.689,1.7
8.18,0.709,1.7
8.2,0.728,1.7
8.22,0.744,1.7
8.24,0.761,1.7
8.26,0.775,1.7
8.28,0.789,1.7
8.3,0.803,1.7
8.32,0.813,1.7
8.34,0.824,1.7
8.36,0.833,1.7
8.38,0.841,1.7
8.4,0.846,1.7
8.42,0.852,1.7
8.44,0.855,1.7
8.46,0.857,1.7
8.48,0.857,1.7
8.5,0.857,1.7
8.52,0.853,1.7
8.54,0.85,1.7
8.56,0.845,1.7
8.58,0.838,1.7
8.6,0.831,1.7
8.62,0.82,1.7
8.64,0.81,1.7
8.66,0.799,1.7
8.68,0.785,1.7
8.7,0.771,1.7
8.72,0.757,1.7
8.74,0.742,1.7
8.76,0.726,1.7
8.78,0.709,1.7
8.8,0.691,1.7
8.82,0.672,1.7
8.84,0.654,1.7
8.86,0.635,1.7
8.88,0.616,1.7
8.9,0.597,1.7
8.92,0.578,1.7
8.94,0.56,1.7
8.96,0.541,1.7
8.98,0.524,1.7
9,0.506,1.7
9.02,0.489,1.7
9.04,0.473,1.7
9.06,0.457,1.7
9.08,0.443,1.7
9.1,0.431,1.7
9.12,0.419,1.7
9.14,0.408,1.7
9.16,0.4,1.7
9.18,0.391,1.7
9.2,0.386,1.7
9.22,0.38,1.7
9.24,0.377,1.7
9.26,0.375,1.7
9.28,0.375,1.7
9.3,0.375,1.7
9.32,0.379,1.7
9.34,0.382,1.7
9.36,0.387,1.7
9.38,0.394,1.7
9.4,0.403,1.7
9.42,0.414,1.7
9.44,0.424,1.7
9.46,0.436,1.7
9.48,0.449,1.7
9.5,0.463,1.7
9.52,0.478,1.7
9.54,0.492,1.7
9.56,0.51,1.7
9.58,0.525,1.7
9.6,0.543,1.7
9.62,0.56,1.7
9.64,0.578,1.7
9.66,0.595,1.7
9.68,0.611,1.7
9.7,0.628,1.7
9.72,0.646,1.7
9.74,0.663,1.7
9.76,0.679,1.7
9.78,0.695,1.7
9.8,0.709,1.7
9.82,0.723,1.7
9.84,0.737,1.7
9.86,0.749,1.7
9.88,0.761,1.7
9.9,0.771,1.7
9.92,0.78,1.7
9.94,0.789,1.7
9.96,0.796,1.7
9.98,0.803,1.7
10,0.806,1.7
10.02,0.81,1.7
10.04,0.813,1.7
10.06,0.813,1.7
10.08,0.813,1.7
10.1,0.813,1.7
10.12,0.81,1.7
10.14,0.806,1.7
10.16,0.801,1.7
10.18,0.796,1.7
10.2,0.787,1.7
10.22,0.78,1.7
10.24,0.77,1.7
10.26,0.761,1.7
10.28,0.749,1.7
10.3,0.737,1.7
10.32,0.724,1.7
10.34,0.712,1.7
10.36,0.698,1.7
10.38,0.682,1.7
10.4,0.668,1.7
10.42,0.653,1.7
10.44,0.637,1.7
10.46,0.621,1.7
10.48,0.606,1.7
10.5,0.59,1.7
10.52,0.574,1.7
10.54,0.559,1.7
10.56,0.545,1.7
10.58,0.529,1.7
10.6,0.515,1.7
10.62,0.503,1.7
10.64,0.489,1.7
10.66,0.476,1.7
10.68,0.466,1.7
10.7,0.456,1.7
10.72,0.445,1.7
10.74,0.438,1.7
10.76,0.429,1.7
10.78,0.424,1.7
10.8,0.419,1.7
10.82,0.415,1.7
10.84,0.412,1.7
10.86,0.412,1.7
10.88,0.41,1.7
10.9,0.412,1.7
10.92,0.414,1.7
10.94,0.417,1.7
10.96,0.422,1.7
10.98,0.428,1.7
11,0.435,1.7
11.02,0.443,1.7
11.04,0.452,1.7
11.06,0.461,1.7
11.08,0.471,1.7
11.1,0.483,1.7
11.12,0.496,1.7
11.14,0.508,1.7
11.16,0.52,1.7
11.18,0.534,1.7
11.2,0.548,1.7
11.22,0.562,1.7
11.24,0.576,1.7
11.26,0.59,1.7
11.28,0.604,1.7
11.3,0.618,1.7
11.32,0.632,1.7
11.34,0.646,1.7
11.36,0.658,1.7
11.38,0.67,1.7
11.4,0.682,1.7
11.42,0.695,1.7
11.44,0.705,1.7
11.46,0.716,1.7
11.48,0.724,1.7
11.5,0.733,1.7
11.52,0.742,1.7
11.54,0.749,1.7
11.56,0.754,1.7
11.58,0.759,1.7
11.6,0.763,1.7
11.62,0.766,1.7
11.64,0.768,1.7
11.66,0.768,1.7
11.68,0.768,1.7
11.7,0.766,1.7
11.72,0.764,1.7
11.74,0.761,1.7
11.76,0.757,1.7
11.78,0.752,1.7
11.8,0.747,1.7
11.82,0.74,1.7
11.84,0.731,1.7
11.86,0.723,1.7
11.88,0.714,1.7
11.9,0.703,1.7
11.92,0.693,1.7
11.94,0.682,1.7
11.96,0.67,1.7
11.98,0.66,1.7
12,0.648,1.7
12.02,0.634,1.7
12.04,0.621,1.7
12.06,0.609,1.7
12.08,0.595,1.7
12.1,0.583,1.7
12.12,0.571,1.7
12.14,0.559,1.7
12.16,0.546,1.7
12.18,0.534,1.7
12.2,0.524,1.7
12.22,0.513,1.7
12.24,0.503,1.7
12.26,0.492,1.7
12.28,0.483,1.7
12.3,0.475,1.7
12.32,0.468,1.7
12.34,0.461,1.7
12.36,0.456,1.7
12.38,0.452,1.7
12.4,0.447,1.7
12.42,0.445,1.7
12.44,0.443,1.7
12.46,0.442,1.7
12.48,0.442,1.7
12.5,0.443,1.7
12.52,0.445,1.7
12.54,0.449,1.7
12.56,0.452,1.7
12.58,0.457,1.7
12.6,0.463,1.7
12.62,0.469,1.7
12.64,0.476,1.7
12.66,0.485,1.7
12.68,0.494,1.7
12.7,0.503,1.7
12.72,0.513,1.7
12.74,0.522,1.7
12.76,0.534,1.7
12.78,0.545,1.7
12.8,0.555,1.7
12.82,0.567,1.7
12.84,0.578,1.7
12.86,0.59,1.7
12.88,0.6,1.7
12.9,0.613,1.7
12.92,0.623,1.7
12.94,0.634,1.7
12.96,0.644,1.7
12.98,0.654,1.7
13,0.665,1.7
13.02,0.674,1.7
13.04,0.682,1.7
13.06,0.689,1.7
13.08,0.696,1.7
13.1,0.703,1.7
13.12,0.709,1.7
13.14,0.714,1.7
13.16,0.719,1.7
13.18,0.723,1.7
13.2,0.724,1.7
13.22,0.726,1.7
13.24,0.726,1.7
13.26,0.726,1.7
13.28,0.726,1.7
13.3,0.724,1.7
13.32,0.723,1.7
13.34,0.719,1.7
13.36,0.714,1.7
13.38,0.71,1.7
13.4,0.705,1.7
13.42,0.698,1.7
13.44,0.691,1.7
13.46,0.684,1.7
13.48,0.677,1.7
13.5,0.668,1.7
13.52,0.66,1.7
13.54,0.651,1.7
13.56,0.641,1.7
13.58,0.632,1.7
13.6,0.621,1.7
13.62,0.611,1.7
13.64,0.6,1.7
13.66,0.59,1.7
13.68,0.579,1.7
13.7,0.571,1.7
13.72,0.56,1.7
13.74,0.55,1.7
13.76,0.541,1.7
13.78,0.532,1.7
13.8,0.524,1.7
13.82,0.515,1.7
13.84,0.506,1.7
13.86,0.499,1.7
13.88,0.492,1.7
13.9,0.487,1.7
13.92,0.482,1.7
13.94,0.476,1.7
13.96,0.473,1.7
13.98,0.469,1.7
14,0.468,1.7
14.02,0.466,1.7
14.04,0.466,1.7
14.06,0.466,1.7
14.08,0.466,1.7
14.1,0.468,1.7
14.12,0.469,1.7
14.14,0.473,1.7
14.16,0.476,1.7
14.18,0.482,1.7
14.2,0.487,1.7
14.22,0.492,1.7
14.24,0.499,1.7
14.26,0.506,1.7
14.28,0.513,1.7
14.3,0.522,1.7
14.32,0.531,1.7
14.34,0.539,1.7
14.36,0.548,1.7
14.38,0.557,1.7
14.4,0.565,1.7
14.42,0.576,1.7
14.44,0.585,1.7
14.46,0.593,1.7
14.48,0.602,1.7
14.5,0.613,1.7
14.52,0.621,1.7
14.54,0.628,1.7
14.56,0.637,1.7
14.58,0.646,1.7
14.6,0.653,1.7
14.62,0.66,1.7
14.64,0.665,1.7
14.66,0.672,1.7
14.68,0.677,1.7
14.7,0.681,1.7
14.72,0.686,1.7
14.74,0.689,1.7
14.76,0.691,1.7
14.78,0.693,1.7
14.8,0.695,1.7
14.82,0.696,1.7
14.84,0.696,1.7
14.86,0.695,1.7
14.88,0.693,1.7
14.9,0.691,1.7
14.92,0.689,1.7
14.94,0.686,1.7
14.96,0.682,1.7
14.98,0.677,1.7
15,0.672,1.7
15.02,0.667,1.7
15.04,0.661,1.7
15.06,0.654,1.7
15.08,0.648,1.7
15.1,0.641,1.7
15.12,0.634,1.7
15.14,0.625,1.7
15.16,0.618,1.7
15.18,0.609,1.7
15.2,0.6,1.7
15.22,0.592,1.7
15.24,0.585,1.7
15.26,0.576,1.7
15.28,0.567,1.7
15.3,0.56,1.7
15.32,0.552,1.7
15.34,0.545,1.7
15.36,0.538,1.7
15.38,0.531,1.7
15.4,0.524,1.7
15.42,0.518,1.7
15.44,0.511,1.7
15.46,0.506,1.7
15.48,0.503,1.7
15.5,0.499,1.7
15.52,0.496,1.7
15.54,0.492,1.7
15.56,0.49,1.7
15.58,0.489,1.7
15.6,0.487,1.7
15.62,0.487,1.7
15.64,0.487,1.7
15.66,0.489,1.7
15.68,0.489,1.7
15.7,0.492,1.7
15.72,0.494,1.7
15.74,0.497,1.7
15.76,0.501,1.7
15.78,0.506,1.7
15.8,0.511,1.7
15.82,0.517,1.7
15.84,0.522,1.7
15.86,0.527,1.7
15.88,0.534,1.7
15.9,0.541,1.7
15.92,0.548,1.7
15.94,0.555,1.7
15.96,0.562,1.7
15.98,0.569,1.7
16,0.578,1.7
16.02,0.585,1.7
16.04,0.592,1.7
16.06,0.599,1.7
16.08,0.607,1.7
16.1,0.614,1.7
16.12,0.62,1.7
16.14,0.627,1.7
16.16,0.634,1.7
16.18,0.639,1.7
16.2,0.644,1.7
16.22,0.649,1.7
16.24,0.654,1.7
16.26,0.658,1.7
16.28,0.663,1.7
16.3,0.667,1.7
16.32,0.668,1.7
16.34,0.67,1.7
16.36,0.672,1.7
16.38,0.674,1.7
16.4,0.674,1.7
16.42,0.675,1.7
16.44,0.674,1.7
16.46,0.674,1.7
16.48,0.672,1.7
16.5,0.67,1.7
16.52,0.667,1.7
16.54,0.663,1.7
16.56,0.66,1.7
16.58,0.656,1.7
16.6,0.651,1.7
16.62,0.648,1.7
16.64,0.642,1.7
16.66,0.637,1.7
16.68,0.63,1.7
16.7,0.625,1.7
16.72,0.618,1.7
16.74,0.611,1.7
16.76,0.606,1.7
16.78,0.599,1.7
16.8,0.592,1.7
16.82,0.585,1.7
16.84,0.579,1.7
16.86,0.572,1.7
16.88,0.567,1.7
16.9,0.56,1.7
16.92,0.555,1.7
16.94,0.55,1.7
16.96,0.545,1.7
16.98,0.539,1.7
17,0.534,1.7
17.02,0.531,1.7
17.04,0.527,1.7
17.06,0.524,1.7
17.08,0.52,1.7
17.1,0.518,1.7
17.12,0.517,1.7
17.14,0.515,1.7
17.16,0.515,1.7
17.18,0.513,1.7
17.2,0.513,1.7
17.22,0.515,1.7
17.24,0.515,1.7
17.26,0.517,1.7
17.28,0.518,1.7
17.3,0.522,1.7
17.32,0.524,1.7
17.34,0.527,1.7
17.36,0.531,1.7
17.38,0.536,1.7
17.4,0.539,1.7
17.42,0.545,1.7
17.44,0.55,1.7
17.46,0.555,1.7
17.48,0.56,1.7
17.5,0.565,1.7
17.52,0.571,1.7
17.54,0.578,1.7
17.56,0.583,1.7
17.58,0.588,1.7
17.6,0.595,1.7
17.62,0.6,1.7
17.64,0.606,1.7
17.66,0.613,1.7
17.68,0.618,1.7
17.7,0.623,1.7
17.72,0.627,1.7
17.74,0.632,1.7
17.76,0.637,1.7
17.78,0.641,1.7
17.8,0.644,1.7
17.82,0.648,1.7
17.84,0.651,1.7
17.86,0.653,1.7
17.88,0.656,1.7
17.9,0.658,1.7
17.92,0.658,1.7
17.94,0.66,1.7
17.96,0.66,1.7
17.98,0.66,1.7
18,0.66,1.7
18.02,0.658,1.7
18.04,0.658,1.7
18.06,0.656,1.7
18.08,0.653,1.7
18.1,0.651,1.7
18.12,0.648,1.7
18.14,0.644,1.7
18.16,0.641,1.7
18.18,0.637,1.7
18.2,0.632,1.7
18.22,0.628,1.7
18.24,0.623,1.7
18.26,0.618,1.7
18.28,0.613,1.7
18.3,0.607,1.7
18.32,0.602,1.7
18.34,0.597,1.7
18.36,0.59,1.7
18.38,0.585,1.7
18.4,0.579,1.7
18.42,0.574,1.7
18.44,0.569,1.7
18.46,0.564,1.7
18.48,0.559,1.7
18.5,0.553,1.7
18.52,0.548,1.7
18.54,0.545,1.7
18.56,0.541,1.7
18.58,0.536,1.7
18.6,0.532,1.7
18.62,0.531,1.7
18.64,0.527,1.7
18.66,0.525,1.7
18.68,0.524,1.7
18.7,0.522,1.7
18.72,0.522,1.7
18.74,0.52,1.7
18.76,0.52,1.7
18.78,0.522,1.7
18.8,0.522,1.7
18.82,0.524,1.7
18.84,0.525,1.7
18.86,0.527,1.7
18.88,0.529,1.7
18.9,0.532,1.7
18.92,0.536,1.7
18.94,0.539,1.7
18.96,0.543,1.7
18.98,0.546,1.7
19,0.552,1.7
19.02,0.555,1.7
19.04,0.56,1.7
19.06,0.565,1.7
19.08,0.569,1.7
19.1,0.574,1.7
19.12,0.579,1.7
19.14,0.585,1.7
19.16,0.59,1.7
19.18,0.595,1.7
19.2,0.599,1.7
19.22,0.604,1.7
19.24,0.609,1.7
19.26,0.613,1.7
19.28,0.618,1.7
19.3,0.621,1.7
19.32,0.625,1.7
19.34,0.628,1.7
19.36,0.632,1.7
19.38,0.635,1.7
19.4,0.637,1.7
19.42,0.639,1.7
19.44,0.641,1.7
19.46,0.642,1.7
19.48,0.644,1.7
19.5,0.644,1.7
19.52,0.646,1.7
19.54,0.646,1.7
19.56,0.644,1.7
19.58,0.644,1.7
19.6,0.642,1.7
19.62,0.642,1.7
19.64,0.639,1.7
19.66,0.637,1.7
19.68,0.635,1.7
19.7,0.632,1.7
19.72,0.63,1.7
19.74,0.627,1.7
19.76,0.623,1.7
19.78,0.618,1.7
19.8,0.614,1.7
19.82,0.611,1.7
19.84,0.606,1.7
19.86,0.602,1.7
19.88,0.597,1.7
19.9,0.593,1.7
19.92,0.588,1.7
19.94,0.583,1.7
19.96,0.579,1.7
19.98,0.574,1.7
20,0.571,1.7
20.02,0.567,1.7
20.04,0.562,1.7
20.06,0.559,1.7
20.08,0.555,1.7
20.1,0.552,1.7
20.12,0.548,1.7
20.14,0.545,1.7
20.16,0.543,1.7
20.18,0.541,1.7
20.2,0.538,1.7
20.22,0.536,1.7
20.24,0.536,1.7
20.26,0.534,1.7
20.28,0.532,1.7
20.3,0.532,1.7
20.32,0.532,1.7
20.34,0.532,1.7
20.36,0.534,1.7
20.38,0.534,1.7
20.4,0.536,1.7
20.42,0.538,1.7
20.44,0.539,1.7
20.46,0.541,1.7
20.48,0.545,1.7
20.5,0.546,1.7
20.52,0.55,1.7
20.54,0.553,1.7
20.56,0.555,1.7
20.58,0.559,1.7
20.6,0.562,1.7
20.62,0.567,1.7
20.64,0.571,1.7
20.66,0.574,1.7
20.68,0.578,1.7
20.7,0.583,1.7
20.72,0.586,1.7
20.74,0.59,1.7
20.76,0.593,1.7
20.78,0.599,1.7
20.8,0.602,1.7
20.82,0.606,1.7
20.84,0.609,1.7
20.86,0.613,1.7
20.88,0.616,1.7
20.9,0.618,1.7
20.92,0.621,1.7
20.94,0.623,1.7
20.96,0.625,1.7
20.98,0.627,1.7
21,0.628,1.7
21.02,0.63,1.7
21.04,0.632,1.7
21.06,0.632,1.7
21.08,0.632,1.7
21.1,0.632,1.7
21.12,0.632,1.7
21.14,0.632,1.7
21.16,0.63,1.7
21.18,0.63,1.7
21.2,0.628,1.7
21.22,0.627,1.7
21.24,0.625,1.7
21.26,0.621,1.7
21.28,0.62,1.7
21.3,0.616,1.7
21.32,0.614,1.7
21.34,0.611,1.7
21.36,0.607,1.7
21.38,0.604,1.7
21.4,0.6,1.7
21.42,0.597,1.7
21.44,0.593,1.7
21.46,0.59,1.7
21.48,0.586,1.7
21.5,0.583,1.7
21.52,0.579,1.7
21.54,0.576,1.7
21.56,0.574,1.7
21.58,0.571,1.7
21.6,0.567,1.7
21.62,0.564,1.7
21.64,0.56,1.7
21.66,0.559,1.7
21.68,0.555,1.7
21.7,0.553,1.7
21.72,0.552,1.7
21.74,0.55,1.7
21.76,0.548,1.7
21.78,0.546,1.7
21.8,0.545,1.7
21.82,0.545,1.7
21.84,0.543,1.7
21.86,0.543,1.7
21.88,0.543,1.7
21.9,0.543,1.7
21.92,0.543,1.7
21.94,0.545,1.7
21.96,0.545,1.7
21.98,0.546,1.7
22,0.548,1.7
22.02,0.55,1.7
22.04,0.552,1.7
22.06,0.553,1.7
22.08,0.555,1.7
22.1,0.557,1.7
22.12,0.56,1.7
22.14,0.562,1.7
22.16,0.565,1.7
22.18,0.569,1.7
22.2,0.572,1.7
22.22,0.574,1.7
22.24,0.578,1.7
22.26,0.581,1.7
22.28,0.585,1.7
22.3,0.588,1.7
22.32,0.59,1.7
22.34,0.593,1.7
22.36,0.597,1.7
22.38,0.6,1.7
22.4,0.602,1.7
22.42,0.606,1.7
22.44,0.607,1.7
22.46,0.611,1.7
22.48,0.613,1.7
22.5,0.614,1.7
22.52,0.616,1.7
22.54,0.618,1.7
22.56,0.62,1.7
22.58,0.621,1.7
22.6,0.621,1.7
22.62,0.623,1.7
22.64,0.623,1.7
22.66,0.623,1.7
22.68,0.623,1.7
22.7,0.623,1.7
22.72,0.623,1.7
22.74,0.623,1.7
22.76,0.621,1.7
22.78,0.62,1.7
22.8,0.62,1.7
22.82,0.618,1.7
22.84,0.616,1.7
22.86,0.614,1.7
22.88,0.611,1.7
22.9,0.609,1.7
22.92,0.607,1.7
22.94,0.604,1.7
22.96,0.602,1.7
22.98,0.599,1.7
23,0.597,1.7
23.02,0.593,1.7
23.04,0.59,1.7
23.06,0.588,1.7
23.08,0.585,1.7
23.1,0.583,1.7
23.12,0.579,1.7
23.14,0.576,1.7
23.16,0.574,1.7
23.18,0.571,1.7
23.2,0.569,1.7
23.22,0.565,1.7
23.24,0.564,1.7
23.26,0.562,1.7
23.28,0.56,1.7
23.3,0.559,1.7
23.32,0.557,1.7
23.34,0.555,1.7
23.36,0.553,1.7
23.38,0.553,1.7
23.4,0.552,1.7
23.42,0.552,1.7
23.44,0.552,1.7
23.46,0.552,1.7
23.48,0.552,1.7
23.5,0.552,1.7
23.52,0.552,1.7
23.54,0.553,1.7
23.56,0.553,1.7
23.58,0.555,1.7
23.6,0.557,1.7
23.62,0.559,1.7
23.64,0.56,1.7
23.66,0.562,1.7
23.68,0.564,1.7
23.7,0.565,1.7
23.72,0.567,1.7
23.74,0.571,1.7
23.76,0.572,1.7
23.78,0.576,1.7
23.8,0.578,1.7
23.82,0.581,1.7
23.84,0.583,1.7
23.86,0.585,1.7
23.88,0.588,1.7
23.9,0.59,1.7
23.92,0.593,1.7
23.94,0.595,1.7
23.96,0.599,1.7
23.98,0.6,1.7
24,0.602,1.7
24.02,0.604,1.7
24.04,0.606,1.7
24.06,0.607,1.7
24.08,0.609,1.7
24.1,0.611,1.7
24.12,0.613,1.7
24.14,0.614,1.7
24.16,0.614,1.7
24.18,0.614,1.7
24.2,0.616,1.7
24.22,0.616,1.7
24.24,0.616,1.7
24.26,0.616,1.7
24.28,0.616,1.7
24.3,0.614,1.7
24.32,0.614,1.7
24.34,0.613,1.7
24.36,0.613,1.7
24.38,0.611,1.7
24.4,0.609,1.7
24.42,0.607,1.7
24.44,0.606,1.7
24.46,0.604,1.7
24.48,0.602,1.7
24.5,0.6,1.7
24.52,0.597,1.7
24.54,0.595,1.7
24.56,0.593,1.7
24.58,0.59,1.7
24.6,0.588,1.7
24.62,0.585,1.7
24.64,0.583,1.7
24.66,0.581,1.7
24.68,0.578,1.7
24.7,0.576,1.7
24.72,0.574,1.7
24.74,0.571,1.7
24.76,0.569,1.7
24.78,0.567,1.7
24.8,0.565,1.7
24.82,0.564,1.7
24.84,0.562,1.7
24.86,0.56,1.7
24.88,0.56,1.7
24.9,0.559,1.7
24.92,0.557,1.7
24.94,0.557,1.7
24.96,0.557,1.7
24.98,0.555,1.7
25,0.555,1.7
25.02,0.555,1.7
25.04,0.555,1.7
25.06,0.557,1.7
25.08,0.557,1.7
25.1,0.557,1.7
25.12,0.559,1.7
25.14,0.559,1.7
25.16,0.56,1.7
25.18,0.562,1.7
25.2,0.564,1.7
25.22,0.565,1.7
25.24,0.567,1.7
25.26,0.569,1.7
25.28,0.571,1.7
25.3,0.572,1.7
25.32,0.574,1.7
25.34,0.578,1.7
25.36,0.579,1.7
25.38,0.581,1.7
25.4,0.583,1.7
25.42,0.586,1.7
25.44,0.588,1.7
25.46,0.59,1.7
25.48,0.593,1.7
25.5,0.595,1.7
25.52,0.597,1.7
25.54,0.599,1.7
25.56,0.6,1.7
25.58,0.602,1.7
25.6,0.604,1.7
25.62,0.606,1.7
25.64,0.607,1.7
25.66,0.609,1.7
25.68,0.609,1.7
25.7,0.611,1.7
25.72,0.613,1.7
25.74,0.613,1.7
25.76,0.614,1.7
25.78,0.614,1.7
25.8,0.614,1.7
25.82,0.614,1.7
25.84,0.614,1.7
25.86,0.614,1.7
25.88,0.614,1.7
25.9,0.614,1.7
25.92,0.613,1.7
25.94,0.613,1.7
25.96,0.611,1.7
25.98,0.611,1.7
26,0.609,1.7
26.02,0.607,1.7
26.04,0.607,1.7
26.06,0.606,1.7
26.08,0.604,1.7
26.1,0.602,1.7
26.12,0.6,1.7
26.14,0.599,1.7
26.16,0.597,1.7
26.18,0.595,1.7
26.2,0.593,1.7
26.22,0.592,1.7
26.24,0.59,1.7
26.26,0.588,1.7
26.28,0.586,1.7
26.3,0.585,1.7
26.32,0.583,1.7
26.34,0.581,1.7
26.36,0.579,1.7
26.38,0.578,1.7
26.4,0.576,1.7
26.42,0.576,1.7
26.44,0.574,1.7
26.46,0.572,1.7
26.48,0.572,1.7
26.5,0.571,1.7
26.52,0.571,1.7
26.54,0.571,1.7
26.56,0.569,1.7
26.58,0.569,1.7
26.6,0.569,1.7
26.62,0.569,1.7
26.64,0.569,1.7
26.66,0.569,1.7
26.68,0.571,1.7
26.7,0.571,1.7
26.72,0.571,1.7
26.74,0.572,1.7
26.76,0.574,1.7
26.78,0.574,1.7
26.8,0.576,1.7
26.82,0.578,1.7
26.84,0.578,1.7
26.86,0.579,1.7
26.88,0.581,1.7
26.9,0.583,1.7
26.92,0.585,1.7
26.94,0.586,1.7
26.96,0.588,1.7
26.98,0.59,1.7
27,0.59,1.7
27.02,0.592,1.7
27.04,0.593,1.7
27.06,0.595,1.7
27.08,0.597,1.7
27.1,0.599,1.7
27.12,0.599,1.7
27.14,0.6,1.7
27.16,0.602,1.7
27.18,0.602,1.7
27.2,0.604,1.7
27.22,0.604,1.7
27.24,0.606,1.7
27.26,0.606,1.7
27.28,0.606,1.7
27.3,0.606,1.7
27.32,0.607,1.7
27.34,0.607,1.7
27.36,0.607,1.7
27.38,0.607,1.7
27.4,0.607,1.7
27.42,0.606,1.7
27.44,0.606,1.7
27.46,0.606,1.7
27.48,0.606,1.7
27.5,0.604,1.7
27.52,0.604,1.7
27.54,0.602,1.7
27.56,0.602,1.7
27.58,0.6,1.7
27.6,0.599,1.7
27.62,0.599,1.7
27.64,0.597,1.7
27.66,0.595,1.7
27.68,0.593,1.7
27.7,0.592,1.7
27.72,0.59,1.7
27.74,0.59,1.7
27.76,0.588,1.7
27.78,0.586,1.7
27.8,0.585,1.7
27.82,0.583,1.7
27.84,0.583,1.7
27.86,0.581,1.7
27.88,0.579,1.7
27.9,0.578,1.7
27.92,0.578,1.7
27.94,0.576,1.7
27.96,0.576,1.7
27.98,0.574,1.7
28,0.574,1.7
28.02,0.572,1.7
28.04,0.572,1.7
28.06,0.571,1.7
28.08,0.571,1.7
28.1,0.571,1.7
28.12,0.571,1.7
28.14,0.571,1.7
28.16,0.571,1.7
28.18,0.571,1.7
28.2,0.571,1.7
28.22,0.571,1.7
28.24,0.571,1.7
28.26,0.571,1.7
28.28,0.572,1.7
28.3,0.572,1.7
28.32,0.572,1.7
28.34,0.574,1.7
28.36,0.574,1.7
28.38,0.576,1.7
28.4,0.576,1.7
28.42,0.578,1.7
28.44,0.579,1.7
28.46,0.579,1.7
28.48,0.581,1.7
28.5,0.583,1.7
28.52,0.583,1.7
28.54,0.585,1.7
28.56,0.586,1.7
28.58,0.586,1.7
28.6,0.588,1.7
28.62,0.59,1.7
28.64,0.59,1.7
28.66,0.592,1.7
28.68,0.592,1.7
28.7,0.593,1.7
28.72,0.593,1.7
28.74,0.595,1.7
28.76,0.595,1.7
28.78,0.597,1.7
28.8,0.597,1.7
28.82,0.597,1.7
28.84,0.597,1.7
28.86,0.597,1.7
28.88,0.599,1.7
28.9,0.599,1.7
28.92,0.599,1.7
28.94,0.599,1.7
28.96,0.599,1.7
28.98,0.597,1.7
29,0.597,1.7
29.02,0.597,1.7
29.04,0.597,1.7
29.06,0.597,1.7
29.08,0.595,1.7
29.1,0.595,1.7
29.12,0.593,1.7
29.14,0.593,1.7
29.16,0.592,1.7
29.18,0.592,1.7
29.2,0.59,1.7
29.22,0.59,1.7
29.24,0.588,1.7
29.26,0.588,1.7
29.28,0.586,1.7
29.3,0.586,1.7
29.32,0.585,1.7
29.34,0.583,1.7
29.36,0.583,1.7
29.38,0.581,1.7
29.4,0.581,1.7
29.42,0.579,1.7
29.44,0.579,1.7
29.46,0.578,1.7
29.48,0.576,1.7
29.5,0.576,1.7
29.52,0.576,1.7
29.54,0.574,1.7
29.56,0.574,1.7
29.58,0.572,1.7
29.6,0.572,1.7
29.62,0.572,1.7
29.64,0.571,1.7
29.66,0.571,1.7
29.68,0.571,1.7
29.7,0.571,1.7
29.72,0.571,1.7
29.74,0.571,1.7
29.76,0.571,1.7
29.78,0.571,1.7
29.8,0.571,1.7
29.82,0.571,1.7
29.84,0.572,1.7
29.86,0.572,1.7
29.88,0.572,1.7
29.9,0.574,1.7
29.92,0.574,1.7
29.94,0.576,1.7
29.96,0.576,1.7
29.98,0.578,1.7
30,0.578,1.7
30.02,0.579,1.7
30.04,0.579,1.7
30.06,0.581,1.7
30.08,0.583,1.7
30.1,0.583,1.7
30.12,0.585,1.7
30.14,0.585,1.7
30.16,0.586,1.7
30.18,0.588,1.7
30.2,0.588,1.7
30.22,0.59,1.7
30.24,0.59,1.7
30.26,0.592,1.7
30.28,0.592,1.7
30.3,0.593,1.7
30.32,0.593,1.7
30.34,0.593,1.7
30.36,0.595,1.7
30.38,0.595,1.7
30.4,0.595,1.7
30.42,0.595,1.7
30.44,0.595,1.7
30.46,0.597,1.7
30.48,0.597,1.7
30.5,0.597,1.7
30.52,0.597,1.7
30.54,0.595,1.7
30.56,0.595,1.7
30.58,0.595,1.7
30.6,0.595,1.7
30.62,0.595,1.7
30.64,0.593,1.7
30.66,0.593,1.7
30.68,0.592,1.7
30.7,0.592,1.7
30.72,0.59,1.7
30.74,0.59,1.7
30.76,0.588,1.7
30.78,0.588,1.7
30.8,0.586,1.7
30.82,0.586,1.7
30.84,0.585,1.7
30.86,0.583,1.7
30.88,0.583,1.7
30.9,0.581,1.7
30.92,0.579,1.7
30.94,0.579,1.7
30.96,0.578,1.7
30.98,0.578,1.7
31,0.576,1.7
31.02,0.576,1.7
31.04,0.574,1.7
31.06,0.574,1.7
31.08,0.572,1.7
31.1,0.572,1.7
31.12,0.572,1.7
31.14,0.571,1.7
31.16,0.571,1.7
31.18,0.571,1.7
31.2,0.571,1.7
31.22,0.571,1.7
31.24,0.571,1.7
31.26,0.571,1.7
31.28,0.571,1.7
31.3,0.571,1.7
31.32,0.571,1.7
31.34,0.572,1.7
31.36,0.572,1.7
31.38,0.572,1.7
31.4,0.574,1.7
31.42,0.574,1.7
31.44,0.574,1.7
31.46,0.576,1.7
31.48,0.576,1.7
31.5,0.578,1.7
31.52,0.578,1.7
31.54,0.579,1.7
31.56,0.579,1.7
31.58,0.581,1.7
31.6,0.583,1.7
31.62,0.583,1.7
31.64,0.585,1.7
31.66,0.585,1.7
31.68,0.586,1.7
31.7,0.586,1.7
31.72,0.588,1.7
31.74,0.588,1.7
31.76,0.59,1.7
31.78,0.59,1.7
31.8,0.59,1.7
31.82,0.592,1.7
31.84,0.592,1.7
31.86,0.592,1.7
31.88,0.592,1.7
31.9,0.593,1.7
31.92,0.593,1.7
31.94,0.593,1.7
31.96,0.593,1.7
31.98,0.593,1.7
32,0.593,1.7
32.02,0.593,1.7
32.04,0.593,1.7
32.06,0.593,1.7
32.08,0.593,1.7
32.1,0.593,1.7
32.12,0.592,1.7
32.14,0.592,1.7
32.16,0.592,1.7
32.18,0.59,1.7
32.2,0.59,1.7
32.22,0.59,1.7
32.24,0.588,1.7
32.26,0.588,1.7
32.28,0.586,1.7
32.3,0.586,1.7
32.32,0.585,1.7
32.34,0.585,1.7
32.36,0.583,1.7
32.38,0.583,1.7
32.4,0.581,1.7
32.42,0.581,1.7
32.44,0.579,1.7
32.46,0.579,1.7
32.48,0.578,1.7
32.5,0.578,1.7
32.52,0.576,1.7
32.54,0.576,1.7
32.56,0.576,1.7
32.58,0.574,1.7
32.6,0.574,1.7
32.62,0.574,1.7
32.64,0.572,1.7
32.66,0.572,1.7
32.68,0.572,1.7
32.7,0.572,1.7
32.72,0.572,1.7
32.74,0.572,1.7
32.76,0.572,1.7
32.78,0.572,1.7
32.8,0.572,1.7
32.82,0.572,1.7
32.84,0.572,1.7
32.86,0.574,1.7
32.88,0.574,1.7
32.9,0.574,1.7
32.92,0.574,1.7
32.94,0.576,1.7
32.96,0.576,1.7
32.98,0.578,1.7
33,0.578,1.7
33.02,0.578,1.7
33.04,0.579,1.7
33.06,0.579,1.7
33.08,0.581,1.7
33.1,0.583,1.7
33.12,0.583,1.7
33.14,0.585,1.7
33.16,0.585,1.7
33.18,0.586,1.7
33.2,0.586,1.7
33.22,0.586,1.7
33.24,0.588,1.7
33.26,0.588,1.7
33.28,0.59,1.7
33.3,0.59,1.7
33.32,0.59,1.7
33.34,0.592,1.7
33.36,0.592,1.7
33.38,0.592,1.7
33.4,0.592,1.7
33.42,0.593,1.7
33.44,0.593,1.7
33.46,0.593,1.7
33.48,0.593,1.7
33.5,0.593,1.7
33.52,0.593,1.7
33.54,0.593,1.7
33.56,0.592,1.7
33.58,0.592,1.7
33.6,0.592,1.7
33.62,0.592,1.7
33.64,0.59,1.7
33.66,0.59,1.7
33.68,0.59,1.7
33.7,0.588,1.7
33.72,0.588,1.7
33.74,0.588,1.7
33.76,0.586,1.7
33.78,0.586,1.7
33.8,0.585,1.7
33.82,0.585,1.7
33.84,0.583,1.7
33.86,0.583,1.7
33.88,0.581,1.7
33.9,0.581,1.7
33.92,0.581,1.7
33.94,0.579,1.7
33.96,0.579,1.7
33.98,0.578,1.7
34,0.578,1.7
34.02,0.576,1.7
34.04,0.576,1.7
34.06,0.576,1.7
34.08,0.574,1.7
34.1,0.574,1.7
34.12,0.574,1.7
34.14,0.572,1.7
34.16,0.572,1.7
34.18,0.572,1.7
34.2,0.572,1.7
34.22,0.571,1.7
34.24,0.571,1.7
34.26,0.571,1.7
34.28,0.571,1.7
34.3,0.571,1.7
34.32,0.571,1.7
34.34,0.571,1.7
34.36,0.571,1.7
34.38,0.572,1.7
34.4,0.572,1.7
34.42,0.572,1.7
34.44,0.572,1.7
34.46,0.574,1.7
34.48,0.574,1.7
34.5,0.574,1.7
34.52,0.574,1.7
34.54,0.576,1.7
34.56,0.576,1.7
34.58,0.578,1.7
34.6,0.578,1.7
34.62,0.578,1.7
34.64,0.579,1.7
34.66,0.579,1.7
34.68,0.581,1.7
34.7,0.581,1.7
34.72,0.583,1.7
34.74,0.583,1.7
34.76,0.583,1.7
34.78,0.585,1.7
34.8,0.585,1.7
34.82,0.585,1.7
34.84,0.586,1.7
34.86,0.586,1.7
34.88,0.586,1.7
34.9,0.586,1.7
34.92,0.588,1.7
34.94,0.588,1.7
34.96,0.588,1.7
34.98,0.588,1.7
35,0.588,1.7
35.02,0.588,1.7
35.04,0.588,1.7
35.06,0.588,1.7
35.08,0.588,1.7
35.1,0.588,1.7
35.12,0.588,1.7
35.14,0.588,1.7
35.16,0.588,1.7
35.18,0.588,1.7
35.2,0.586,1.7
35.22,0.586,1.7
35.24,0.586,1.7
35.26,0.586,1.7
35.28,0.585,1.7
35.3,0.585,1.7
35.32,0.585,1.7
35.34,0.583,1.7
35.36,0.583,1.7
35.38,0.583,1.7
35.4,0.581,1.7
35.42,0.581,1.7
35.44,0.579,1.7
35.46,0.579,1.7
35.48,0.579,1.7
35.5,0.578,1.7
35.52,0.578,1.7
35.54,0.576,1.7
35.56,0.576,1.7
35.58,0.576,1.7
35.6,0.574,1.7
35.62,0.574,1.7
35.64,0.574,1.7
35.66,0.574,1.7
35.68,0.574,1.7
35.7,0.572,1.7
35.72,0.572,1.7
35.74,0.572,1.7
35.76,0.572,1.7
35.78,0.572,1.7
35.8,0.572,1.7
35.82,0.572,1.7
35.84,0.574,1.7
35.86,0.574,1.7
35.88,0.574,1.7
35.9,0.574,1.7
35.92,0.574,1.7
35.94,0.576,1.7
35.96,0.576,1.7
35.98,0.576,1.7
36,0.578,1.7
36.02,0.578,1.7
36.04,0.578,1.7
36.06,0.579,1.7
36.08,0.579,1.7
36.1,0.581,1.7
36.12,0.581,1.7
36.14,0.583,1.7
36.16,0.583,1.7
36.18,0.583,1.7
36.2,0.585,1.7
36.22,0.585,1.7
36.24,0.585,1.7
36.26,0.586,1.7
36.28,0.586,1.7
36.3,0.586,1.7
36.32,0.588,1.7
36.34,0.588,1.7
36.36,0.588,1.7
36.38,0.588,1.7
36.4,0.59,1.7
36.42,0.59,1.7
36.44,0.59,1.7
36.46,0.59,1.7
36.48,0.59,1.7
36.5,0.59,1.7
36.52,0.59,1.7
36.54,0.59,1.7
36.56,0.59,1.7
36.58,0.59,1.7
36.6,0.59,1.7
36.62,0.588,1.7
36.64,0.588,1.7
36.66,0.588,1.7
36.68,0.588,1.7
36.7,0.588,1.7
36.72,0.586,1.7
36.74,0.586,1.7
36.76,0.586,1.7
36.78,0.585,1.7
36.8,0.585,1.7
36.82,0.585,1.7
36.84,0.583,1.7
36.86,0.583,1.7
36.88,0.583,1.7
36.9,0.581,1.7
36.92,0.581,1.7
36.94,0.581,1.7
36.96,0.579,1.7
36.98,0.579,1.7
37,0.579,1.7
37.02,0.578,1.7
37.04,0.578,1.7
37.06,0.578,1.7
37.08,0.576,1.7
37.1,0.576,1.7
37.12,0.576,1.7
37.14,0.576,1.7
37.16,0.574,1.7
37.18,0.574,1.7
37.2,0.574,1.7
37.22,0.574,1.7
37.24,0.574,1.7
37.26,0.574,1.7
37.28,0.574,1.7
37.3,0.574,1.7
37.32,0.574,1.7
37.34,0.574,1.7
37.36,0.574,1.7
37.38,0.574,1.7
37.4,0.574,1.7
37.42,0.574,1.7
37.44,0.574,1.7
37.46,0.574,1.7
37.48,0.574,1.7
37.5,0.576,1.7
37.52,0.576,1.7
37.54,0.576,1.7
37.56,0.576,1.7
37.58,0.576,1.7
37.6,0.576,1.7
37.62,0.578,1.7
37.64,0.578,1.7
37.66,0.578,1.7
37.68,0.578,1.7
37.7,0.578,1.7
37.72,0.579,1.7
37.74,0.579,1.7
37.76,0.579,1.7
37.78,0.579,1.7
37.8,0.579,1.7
37.82,0.579,1.7
37.84,0.581,1.7
37.86,0.581,1.7
37.88,0.581,1.7
37.9,0.581,1.7
37.92,0.581,1.7
37.94,0.581,1.7
37.96,0.583,1.7
37.98,0.583,1.7
38,0.583,1.7
38.02,0.583,1.7
38.04,0.583,1.7
38.06,0.583,1.7
38.08,0.583,1.7
38.1,0.583,1.7
38.12,0.583,1.7
38.14,0.583,1.7
38.16,0.583,1.7
38.18,0.583,1.7
38.2,0.583,1.7
38.22,0.583,1.7
38.24,0.583,1.7
38.26,0.583,1.7
38.28,0.583,1.7
38.3,0.583,1.7
38.32,0.583,1.7
38.34,0.583,1.7
38.36,0.583,1.7
38.38,0.583,1.7
38.4,0.583,1.7
38.42,0.583,1.7
38.44,0.583,1.7
38.46,0.581,1.7
38.48,0.581,1.7
38.5,0.581,1.7
38.52,0.581,1.7
38.54,0.581,1.7
38.56,0.581,1.7
38.58,0.581,1.7
38.6,0.581,1.7
38.62,0.581,1.7
38.64,0.581,1.7
38.66,0.581,1.7
38.68,0.581,1.7
38.7,0.581,1.7
38.72,0.581,1.7
38.74,0.581,1.7
38.76,0.579,1.7
38.78,0.579,1.7
38.8,0.579,1.7
38.82,0.579,1.7
38.84,0.579,1.7
38.86,0.579,1.7
38.88,0.579,1.7
38.9,0.579,1.7
38.92,0.579,1.7
38.94,0.579,1.7
38.96,0.579,1.7
38.98,0.579,1.7
39,0.579,1.7
39.02,0.579,1.7
39.04,0.579,1.7
39.06,0.579,1.7
39.08,0.579,1.7
39.1,0.579,1.7
39.12,0.579,1.7
39.14,0.579,1.7
39.16,0.579,1.7
39.18,0.579,1.7
39.2,0.579,1.7
39.22,0.579,1.7
39.24,0.579,1.7
39.26,0.579,1.7
39.28,0.579,1.7
39.3,0.579,1.7
39.32,0.579,1.7
39.34,0.579,1.7
39.36,0.579,1.7
39.38,0.579,1.7
39.4,0.579,1.7
39.42,0.578,1.7
39.44,0.578,1.7
39.46,0.578,1.7
39.48,0.578,1.7
39.5,0.578,1.7
39.52,0.578,1.7
39.54,0.578,1.7
39.56,0.578,1.7
39.58,0.578,1.7
39.6,0.578,1.7
39.62,0.578,1.7
39.64,0.578,1.7
39.66,0.578,1.7
39.68,0.578,1.7
39.7,0.578,1.7
39.72,0.578,1.7
39.74,0.578,1.7
39.76,0.578,1.7
39.78,0.578,1.7
39.8,0.578,1.7
39.82,0.578,1.7
39.84,0.578,1.7
39.86,0.578,1.7
39.88,0.578,1.7
39.9,0.578,1.7
39.92,0.578,1.7
39.94,0.578,1.7
39.96,0.578,1.7
39.98,0.578,1.7
40,0.578,1.7
40.02,0.578,0
40.04,0.578,0
40.06,0.578,0
40.08,0.576,0
40.1,0.572,0
40.12,0.569,0
40.14,0.564,0
40.16,0.555,0
40.18,0.546,0
40.2,0.534,0
40.22,0.52,0
40.24,0.504,0
40.26,0.485,0
40.28,0.464,0
40.3,0.442,0
40.32,0.415,0
40.34,0.389,0
40.36,0.36,0
40.38,0.33,0
40.4,0.297,0
40.42,0.264,0
40.44,0.229,0
40.46,0.192,0
40.48,0.155,0
40.5,0.119,0
40.52,0.08,0
40.54,0.044,0
40.56,0.005,0
40.58,-0.031,0
40.6,-0.068,0
40.62,-0.103,0
40.64,-0.136,0
40.66,-0.169,0
40.68,-0.201,0
40.7,-0.229,0
40.72,-0.257,0
40.74,-0.281,0
40.76,-0.302,0
40.78,-0.323,0
40.8,-0.339,0
40.82,-0.353,0
40.84,-0.365,0
40.86,-0.372,0
40.88,-0.377,0
40.9,-0.379,0
40.92,-0.379,0
40.94,-0.375,0
40.96,-0.368,0
40.98,-0.358,0
41,-0.346,0
41.02,-0.33,0
41.04,-0.312,0
41.06,-0.291,0
41.08,-0.269,0
41.1,-0.244,0
41.12,-0.218,0
41.14,-0.19,0
41.16,-0.161,0
41.18,-0.129,0
41.2,-0.098,0
41.22,-0.065,0
41.24,-0.031,0
41.26,0.002,0
41.28,0.035,0
41.3,0.068,0
41.32,0.101,0
